ISO-10303-21;
HEADER;
FILE_DESCRIPTION (( 'STEP AP214' ),
    '1' );
FILE_NAME ('frame.STEP',
    '2026-10-03T16:15:08',
    ( '' ),
    ( '' ),
    'SwSTEP 2.0',
    'SolidWorks 2023',
    '' );
FILE_SCHEMA (( 'AUTOMOTIVE_DESIGN' ));
ENDSEC;

DATA;
#1 = CARTESIAN_POINT ( 'NONE',  ( 5.000000000000011546, -14.50000000000000888, 29.00000000000000355 ) ) ;
#2 = ORIENTED_EDGE ( 'NONE', *, *, #4158, .T. ) ;
#3 = CARTESIAN_POINT ( 'NONE',  ( 24.99999999999998934, -27.00000000000000355, -11.90000000000000391 ) ) ;
#4 = LINE ( 'NONE', #2751, #4525 ) ;
#5 = DIRECTION ( 'NONE',  ( -1.297097214700455342E-32, -1.000000000000000000, -1.196361017915039486E-16 ) ) ;
#6 = CARTESIAN_POINT ( 'NONE',  ( 23.46761691374840453, -2.717442972866103368, 25.50000000000000000 ) ) ;
#7 = ORIENTED_EDGE ( 'NONE', *, *, #3887, .T. ) ;
#8 = ADVANCED_FACE ( 'NONE', ( #2236 ), #4933, .T. ) ;
#9 = CARTESIAN_POINT ( 'NONE',  ( 34.46761691374841519, -4.397941642518517824, -25.49999999999999645 ) ) ;
#10 = AXIS2_PLACEMENT_3D ( 'NONE', #4593, #2260, #3766 ) ;
#11 = CARTESIAN_POINT ( 'NONE',  ( 24.99999999999999289, 10.00266749681904344, -24.09999999999999787 ) ) ;
#12 = EDGE_CURVE ( 'NONE', #2964, #2121, #3367, .T. ) ;
#13 = DIRECTION ( 'NONE',  ( 0.000000000000000000, 1.000000000000000000, 0.000000000000000000 ) ) ;
#14 = VECTOR ( 'NONE', #3139, 1000.000000000000000 ) ;
#15 = VERTEX_POINT ( 'NONE', #1432 ) ;
#16 = CARTESIAN_POINT ( 'NONE',  ( 5.999999999999997335, 23.99999999999999289, -8.432753624454301544 ) ) ;
#17 = VECTOR ( 'NONE', #1345, 1000.000000000000000 ) ;
#18 = EDGE_CURVE ( 'NONE', #3240, #412, #4835, .T. ) ;
#19 = CYLINDRICAL_SURFACE ( 'NONE', #1337, 0.6999999999999975131 ) ;
#20 = ORIENTED_EDGE ( 'NONE', *, *, #3530, .F. ) ;
#21 = DIRECTION ( 'NONE',  ( 0.000000000000000000, 1.000000000000000000, 1.360567432138672328E-16 ) ) ;
#22 = VERTEX_POINT ( 'NONE', #4125 ) ;
#23 = CIRCLE ( 'NONE', #3574, 1.500000000000001332 ) ;
#24 = FACE_BOUND ( 'NONE', #54, .T. ) ;
#25 = AXIS2_PLACEMENT_3D ( 'NONE', #1102, #4248, #3513 ) ;
#26 = DIRECTION ( 'NONE',  ( 0.000000000000000000, 1.000000000000000000, 0.000000000000000000 ) ) ;
#27 = VERTEX_POINT ( 'NONE', #1035 ) ;
#28 = DIRECTION ( 'NONE',  ( 1.037974875290804813E-32, 1.000000000000000000, 1.360567432138672328E-16 ) ) ;
#29 = DIRECTION ( 'NONE',  ( 0.000000000000000000, 1.000000000000000000, 0.000000000000000000 ) ) ;
#30 = CARTESIAN_POINT ( 'NONE',  ( 4.000000000000009770, 20.49999999999999289, 29.00000000000001066 ) ) ;
#31 = DIRECTION ( 'NONE',  ( -1.000000000000000000, 0.000000000000000000, 0.000000000000000000 ) ) ;
#32 = ORIENTED_EDGE ( 'NONE', *, *, #4876, .F. ) ;
#33 = AXIS2_PLACEMENT_3D ( 'NONE', #3441, #2971, #3387 ) ;
#34 = CARTESIAN_POINT ( 'NONE',  ( 19.12679500266789390, 2.999999999999993783, -25.49999999999999289 ) ) ;
#35 = EDGE_CURVE ( 'NONE', #1400, #4058, #593, .T. ) ;
#36 = EDGE_CURVE ( 'NONE', #2689, #997, #3198, .T. ) ;
#37 = FACE_BOUND ( 'NONE', #1950, .T. ) ;
#38 = CYLINDRICAL_SURFACE ( 'NONE', #2001, 0.6999999999999975131 ) ;
#39 = ORIENTED_EDGE ( 'NONE', *, *, #4745, .T. ) ;
#40 = DIRECTION ( 'NONE',  ( -1.297097214700455342E-32, -1.000000000000000000, -1.196361017915039486E-16 ) ) ;
#41 = VECTOR ( 'NONE', #3915, 1000.000000000000114 ) ;
#42 = FACE_OUTER_BOUND ( 'NONE', #1072, .T. ) ;
#43 = EDGE_LOOP ( 'NONE', ( #251, #770, #1514, #1735 ) ) ;
#44 = DIRECTION ( 'NONE',  ( 0.000000000000000000, 0.000000000000000000, 1.000000000000000000 ) ) ;
#45 = ORIENTED_EDGE ( 'NONE', *, *, #707, .F. ) ;
#46 = LINE ( 'NONE', #4769, #5103 ) ;
#47 = DIRECTION ( 'NONE',  ( -1.297097214700455342E-32, -1.000000000000000000, -1.196361017915039486E-16 ) ) ;
#48 = ORIENTED_EDGE ( 'NONE', *, *, #1009, .T. ) ;
#49 = CARTESIAN_POINT ( 'NONE',  ( 44.00000000000001421, -14.50000000000000888, -24.09999999999999076 ) ) ;
#50 = DIRECTION ( 'NONE',  ( -1.000000000000000000, 0.000000000000000000, 0.000000000000000000 ) ) ;
#51 = EDGE_CURVE ( 'NONE', #4768, #4757, #3007, .T. ) ;
#52 = FACE_OUTER_BOUND ( 'NONE', #4733, .T. ) ;
#53 = DIRECTION ( 'NONE',  ( -1.297097214700455342E-32, -1.000000000000000000, -1.196361017915039486E-16 ) ) ;
#54 = EDGE_LOOP ( 'NONE', ( #3113, #2738 ) ) ;
#55 = PLANE ( 'NONE',  #4321 ) ;
#56 = AXIS2_PLACEMENT_3D ( 'NONE', #1680, #2040, #1731 ) ;
#57 = ORIENTED_EDGE ( 'NONE', *, *, #1708, .T. ) ;
#58 = CARTESIAN_POINT ( 'NONE',  ( 40.00000000000000711, -79.58326913195983821, 17.00000000000000000 ) ) ;
#59 = DIRECTION ( 'NONE',  ( -1.297097214700455342E-32, -1.000000000000000000, -1.196361017915039486E-16 ) ) ;
#60 = ORIENTED_EDGE ( 'NONE', *, *, #2791, .T. ) ;
#61 = CARTESIAN_POINT ( 'NONE',  ( 24.99999999999998934, -27.00000000000000355, -12.60000000000000142 ) ) ;
#62 = EDGE_CURVE ( 'NONE', #4175, #1032, #1214, .T. ) ;
#63 = VECTOR ( 'NONE', #4025, 1000.000000000000000 ) ;
#64 = ORIENTED_EDGE ( 'NONE', *, *, #1399, .T. ) ;
#65 = DIRECTION ( 'NONE',  ( -1.000000000000000000, 0.000000000000000000, 0.000000000000000000 ) ) ;
#66 = AXIS2_PLACEMENT_3D ( 'NONE', #1678, #4820, #1284 ) ;
#67 = CIRCLE ( 'NONE', #1144, 1.000000000000001776 ) ;
#68 = EDGE_LOOP ( 'NONE', ( #4646, #2720, #386, #340 ) ) ;
#69 = CARTESIAN_POINT ( 'NONE',  ( 45.00000000000000000, 23.99999999999999645, -19.99999999999998579 ) ) ;
#70 = ORIENTED_EDGE ( 'NONE', *, *, #4631, .T. ) ;
#71 = CARTESIAN_POINT ( 'NONE',  ( 19.30216642060506160, 24.09999999999999787, 1.529822396234117976 ) ) ;
#72 = COLOUR_RGB ( '',0.7921568627450980005, 0.8196078431372548767, 0.9333333333333333481 ) ;
#73 = CIRCLE ( 'NONE', #2467, 2.000000000000000000 ) ;
#74 = EDGE_CURVE ( 'NONE', #919, #3810, #2123, .T. ) ;
#75 = DIRECTION ( 'NONE',  ( 0.000000000000000000, -1.000000000000000000, 0.000000000000000000 ) ) ;
#76 = VERTEX_POINT ( 'NONE', #268 ) ;
#77 = CIRCLE ( 'NONE', #3298, 2.000000000000000000 ) ;
#78 = DIRECTION ( 'NONE',  ( 0.000000000000000000, 1.000000000000000000, 0.000000000000000000 ) ) ;
#79 = CARTESIAN_POINT ( 'NONE',  ( 24.99999999999999289, -4.002667496819048765, -24.09999999999999432 ) ) ;
#80 = CARTESIAN_POINT ( 'NONE',  ( 50.00000000000000000, -25.50000000000000355, 25.49999999999999645 ) ) ;
#81 = CARTESIAN_POINT ( 'NONE',  ( 44.00000000000001421, 20.49999999999999289, 25.50000000000000355 ) ) ;
#82 = ORIENTED_EDGE ( 'NONE', *, *, #3670, .T. ) ;
#83 = EDGE_CURVE ( 'NONE', #2685, #4637, #1788, .T. ) ;
#84 = CARTESIAN_POINT ( 'NONE',  ( 10.00000000000000178, -79.58326913195983821, -22.50000000000000000 ) ) ;
#85 = VERTEX_POINT ( 'NONE', #4988 ) ;
#86 = CARTESIAN_POINT ( 'NONE',  ( 0.000000000000000000, -25.50000000000000000, -25.50000000000000355 ) ) ;
#87 = DIRECTION ( 'NONE',  ( 0.7661915431257927400, -0.6426122619764709221, 0.000000000000000000 ) ) ;
#88 = ORIENTED_EDGE ( 'NONE', *, *, #339, .T. ) ;
#89 = LINE ( 'NONE', #498, #2605 ) ;
#90 = VECTOR ( 'NONE', #1402, 1000.000000000000000 ) ;
#91 = DIRECTION ( 'NONE',  ( -0.7649111981170507724, -8.025241567124348861E-17, 0.6441357457827796562 ) ) ;
#92 = VERTEX_POINT ( 'NONE', #950 ) ;
#93 = FACE_OUTER_BOUND ( 'NONE', #1014, .T. ) ;
#94 = ORIENTED_EDGE ( 'NONE', *, *, #926, .T. ) ;
#95 = DIRECTION ( 'NONE',  ( 0.7661915431257925180, -0.6426122619764711441, 0.000000000000000000 ) ) ;
#96 = VECTOR ( 'NONE', #1320, 999.9999999999998863 ) ;
#97 = EDGE_CURVE ( 'NONE', #1467, #2073, #188, .T. ) ;
#98 = EDGE_CURVE ( 'NONE', #4744, #146, #4755, .T. ) ;
#99 = AXIS2_PLACEMENT_3D ( 'NONE', #3841, #3148, #5105 ) ;
#100 = LINE ( 'NONE', #508, #1391 ) ;
#101 = ORIENTED_EDGE ( 'NONE', *, *, #3105, .T. ) ;
#102 = CARTESIAN_POINT ( 'NONE',  ( 44.00000000000000000, 25.49999999999999645, 1.271800603031275739E-14 ) ) ;
#103 = DIRECTION ( 'NONE',  ( 1.000000000000000000, 1.734723475976805517E-15, 0.000000000000000000 ) ) ;
#104 = CARTESIAN_POINT ( 'NONE',  ( 17.55062435217081429, 16.49999999999999289, 24.10000000000000497 ) ) ;
#105 = AXIS2_PLACEMENT_3D ( 'NONE', #3011, #983, #1740 ) ;
#106 = DIRECTION ( 'NONE',  ( 0.000000000000000000, 0.000000000000000000, 1.000000000000000000 ) ) ;
#107 = ORIENTED_EDGE ( 'NONE', *, *, #2424, .T. ) ;
#108 = PLANE ( 'NONE',  #2013 ) ;
#109 = ORIENTED_EDGE ( 'NONE', *, *, #1235, .T. ) ;
#110 = EDGE_CURVE ( 'NONE', #4841, #1488, #3480, .T. ) ;
#111 = DIRECTION ( 'NONE',  ( 0.000000000000000000, 0.000000000000000000, 1.000000000000000000 ) ) ;
#112 = LINE ( 'NONE', #3266, #1097 ) ;
#113 = VERTEX_POINT ( 'NONE', #1120 ) ;
#114 = CARTESIAN_POINT ( 'NONE',  ( 50.00000000000000000, 25.49999999999999289, 25.50000000000000355 ) ) ;
#115 = AXIS2_PLACEMENT_3D ( 'NONE', #3628, #4446, #2122 ) ;
#116 = ADVANCED_FACE ( 'NONE', ( #5041 ), #1946, .T. ) ;
#117 = EDGE_LOOP ( 'NONE', ( #481, #3748, #245, #830 ) ) ;
#118 = FACE_BOUND ( 'NONE', #1861, .T. ) ;
#119 = VERTEX_POINT ( 'NONE', #2318 ) ;
#120 = CARTESIAN_POINT ( 'NONE',  ( 45.00000000000001421, 20.49999999999999289, -25.49999999999999645 ) ) ;
#121 = EDGE_LOOP ( 'NONE', ( #1979, #2430, #4592, #4385 ) ) ;
#122 = CARTESIAN_POINT ( 'NONE',  ( 6.000000000000013323, -14.50000000000000888, 24.10000000000000497 ) ) ;
#123 = AXIS2_PLACEMENT_3D ( 'NONE', #3395, #3447, #2977 ) ;
#124 = CYLINDRICAL_SURFACE ( 'NONE', #3700, 2.000000000000001776 ) ;
#125 = ORIENTED_EDGE ( 'NONE', *, *, #2805, .F. ) ;
#126 = CARTESIAN_POINT ( 'NONE',  ( 20.06521753803157537, 1.006591742296090386, 24.10000000000000497 ) ) ;
#127 = ADVANCED_FACE ( 'NONE', ( #1192, #3088 ), #3159, .F. ) ;
#128 = CYLINDRICAL_SURFACE ( 'NONE', #1888, 1.000000000000001776 ) ;
#129 = CARTESIAN_POINT ( 'NONE',  ( 57.00000000000000711, -27.00000000000000711, 26.99999999999999645 ) ) ;
#130 = CARTESIAN_POINT ( 'NONE',  ( 36.00000000000000000, -3.112717118565575092, 29.00000000000001066 ) ) ;
#131 = VERTEX_POINT ( 'NONE', #781 ) ;
#132 = DIRECTION ( 'NONE',  ( -1.297097214700455342E-32, -1.000000000000000000, -1.196361017915039486E-16 ) ) ;
#133 = ORIENTED_EDGE ( 'NONE', *, *, #5038, .T. ) ;
#134 = DIRECTION ( 'NONE',  ( -0.000000000000000000, 1.000000000000000000, -0.000000000000000000 ) ) ;
#135 = LINE ( 'NONE', #4732, #1596 ) ;
#136 = ADVANCED_FACE ( 'NONE', ( #2773 ), #3111, .F. ) ;
#137 = VECTOR ( 'NONE', #5087, 1000.000000000000000 ) ;
#138 = EDGE_LOOP ( 'NONE', ( #3689, #4968 ) ) ;
#139 = DIRECTION ( 'NONE',  ( 0.000000000000000000, -0.000000000000000000, -1.000000000000000000 ) ) ;
#140 = EDGE_LOOP ( 'NONE', ( #718, #1123, #4355, #1330 ) ) ;
#141 = DIRECTION ( 'NONE',  ( -2.324288246934698327E-32, -1.000000000000000000, -1.360567432138672574E-16 ) ) ;
#142 = ADVANCED_FACE ( 'NONE', ( #3579 ), #4655, .F. ) ;
#143 = EDGE_CURVE ( 'NONE', #515, #626, #3858, .T. ) ;
#144 = VERTEX_POINT ( 'NONE', #4727 ) ;
#145 = PLANE ( 'NONE',  #3133 ) ;
#146 = VERTEX_POINT ( 'NONE', #4627 ) ;
#147 = CARTESIAN_POINT ( 'NONE',  ( 30.44937564782917150, 16.49999999999999289, 29.00000000000000711 ) ) ;
#148 = CIRCLE ( 'NONE', #4685, 2.000000000000001776 ) ;
#149 = CIRCLE ( 'NONE', #3045, 1.999999999999998224 ) ;
#150 = DIRECTION ( 'NONE',  ( 0.000000000000000000, 0.000000000000000000, -1.000000000000000000 ) ) ;
#151 = ORIENTED_EDGE ( 'NONE', *, *, #1920, .T. ) ;
#152 = CYLINDRICAL_SURFACE ( 'NONE', #544, 1.999999999999998224 ) ;
#153 = DIRECTION ( 'NONE',  ( -1.297097214700455342E-32, -1.000000000000000000, -1.196361017915039486E-16 ) ) ;
#154 = VECTOR ( 'NONE', #4645, 1000.000000000000000 ) ;
#155 = VECTOR ( 'NONE', #1084, 1000.000000000000000 ) ;
#156 = DIRECTION ( 'NONE',  ( 0.000000000000000000, 1.000000000000000000, 1.360567432138672328E-16 ) ) ;
#157 = AXIS2_PLACEMENT_3D ( 'NONE', #1231, #2813, #4063 ) ;
#158 =( LENGTH_UNIT ( ) NAMED_UNIT ( * ) SI_UNIT ( .MILLI., .METRE. ) );
#159 = ORIENTED_EDGE ( 'NONE', *, *, #951, .T. ) ;
#160 = AXIS2_PLACEMENT_3D ( 'NONE', #4505, #4533, #252 ) ;
#161 = LINE ( 'NONE', #539, #4979 ) ;
#162 = ORIENTED_EDGE ( 'NONE', *, *, #4232, .T. ) ;
#163 = AXIS2_PLACEMENT_3D ( 'NONE', #1322, #2904, #4470 ) ;
#164 = DIRECTION ( 'NONE',  ( 0.7649111981170506613, 0.000000000000000000, 0.6441357457827797672 ) ) ;
#165 =( NAMED_UNIT ( * ) PLANE_ANGLE_UNIT ( ) SI_UNIT ( $, .RADIAN. ) );
#166 = ORIENTED_EDGE ( 'NONE', *, *, #4745, .F. ) ;
#167 = EDGE_CURVE ( 'NONE', #708, #4404, #4270, .T. ) ;
#168 = VERTEX_POINT ( 'NONE', #4339 ) ;
#169 = DIRECTION ( 'NONE',  ( -1.677028837704906887E-48, -1.000000000000000000, 0.000000000000000000 ) ) ;
#170 = ORIENTED_EDGE ( 'NONE', *, *, #1574, .F. ) ;
#171 = CARTESIAN_POINT ( 'NONE',  ( 24.99999999999999289, 25.49999999999999645, -5.883035849229873548 ) ) ;
#172 = ORIENTED_EDGE ( 'NONE', *, *, #1692, .F. ) ;
#173 = CARTESIAN_POINT ( 'NONE',  ( 5.000000000000011546, -14.50000000000000888, -24.09999999999999076 ) ) ;
#174 = EDGE_CURVE ( 'NONE', #119, #2938, #4916, .T. ) ;
#175 = AXIS2_PLACEMENT_3D ( 'NONE', #1221, #2052, #3218 ) ;
#176 = EDGE_CURVE ( 'NONE', #2687, #4447, #2384, .T. ) ;
#177 = DIRECTION ( 'NONE',  ( 0.000000000000000000, 0.000000000000000000, 1.000000000000000000 ) ) ;
#178 = ORIENTED_EDGE ( 'NONE', *, *, #4359, .F. ) ;
#179 = AXIS2_PLACEMENT_3D ( 'NONE', #4779, #3930, #2461 ) ;
#180 = LINE ( 'NONE', #610, #4259 ) ;
#181 = CARTESIAN_POINT ( 'NONE',  ( 17.55062435217081429, 16.49999999999999289, 29.00000000000001066 ) ) ;
#182 = DIRECTION ( 'NONE',  ( -0.000000000000000000, -0.000000000000000000, 1.000000000000000000 ) ) ;
#183 = EDGE_CURVE ( 'NONE', #197, #4858, #1508, .T. ) ;
#184 = AXIS2_PLACEMENT_3D ( 'NONE', #3590, #841, #2888 ) ;
#185 = DIRECTION ( 'NONE',  ( 0.6426122619764709221, -0.7661915431257927400, 0.000000000000000000 ) ) ;
#186 = VERTEX_POINT ( 'NONE', #345 ) ;
#187 = LINE ( 'NONE', #1761, #2077 ) ;
#188 = LINE ( 'NONE', #1456, #391 ) ;
#189 = CARTESIAN_POINT ( 'NONE',  ( 18.01824126591921882, -9.214775476047064373, 29.00000000000000711 ) ) ;
#190 = DIRECTION ( 'NONE',  ( -1.297097214700455342E-32, -1.000000000000000000, -1.196361017915039486E-16 ) ) ;
#191 = VERTEX_POINT ( 'NONE', #1923 ) ;
#192 = CARTESIAN_POINT ( 'NONE',  ( 11.99999999999999645, -24.09999999999999787, -24.09999999999999432 ) ) ;
#193 = EDGE_CURVE ( 'NONE', #4406, #4616, #3201, .T. ) ;
#194 = EDGE_CURVE ( 'NONE', #1760, #522, #650, .T. ) ;
#195 = ORIENTED_EDGE ( 'NONE', *, *, #5068, .T. ) ;
#196 = CYLINDRICAL_SURFACE ( 'NONE', #594, 2.000000000000001776 ) ;
#197 = VERTEX_POINT ( 'NONE', #3909 ) ;
#198 = CARTESIAN_POINT ( 'NONE',  ( 0.000000000000000000, 25.49999999999999289, 25.50000000000000355 ) ) ;
#199 = ORIENTED_EDGE ( 'NONE', *, *, #989, .T. ) ;
#200 = EDGE_CURVE ( 'NONE', #4278, #1310, #552, .T. ) ;
#201 = DIRECTION ( 'NONE',  ( -1.297097214700455342E-32, -1.000000000000000000, -1.196361017915039486E-16 ) ) ;
#202 = CARTESIAN_POINT ( 'NONE',  ( 20.00000000000000000, -25.50000000000000355, 11.19999999999999929 ) ) ;
#203 = ORIENTED_EDGE ( 'NONE', *, *, #3553, .T. ) ;
#204 = EDGE_CURVE ( 'NONE', #2834, #5108, #1168, .T. ) ;
#205 = LINE ( 'NONE', #4587, #1874 ) ;
#206 = CARTESIAN_POINT ( 'NONE',  ( 28.00000000000004619, -24.09999999999999787, 17.00000000000000000 ) ) ;
#207 = CARTESIAN_POINT ( 'NONE',  ( 55.00000000000000711, -27.00000000000000711, 28.99999999999999645 ) ) ;
#208 = AXIS2_PLACEMENT_3D ( 'NONE', #4542, #1033, #3061 ) ;
#209 = SURFACE_STYLE_FILL_AREA ( #2387 ) ;
#210 = ORIENTED_EDGE ( 'NONE', *, *, #5090, .F. ) ;
#211 = CARTESIAN_POINT ( 'NONE',  ( 11.98311083933539578, 25.49999999999999289, 14.22994412171078693 ) ) ;
#212 = DIRECTION ( 'NONE',  ( 0.000000000000000000, -1.000000000000000000, 0.000000000000000000 ) ) ;
#213 = CARTESIAN_POINT ( 'NONE',  ( 19.55062435217081074, 16.49999999999999289, -24.09999999999999787 ) ) ;
#214 = CARTESIAN_POINT ( 'NONE',  ( 50.00000000000000000, -24.09999999999999787, -24.09999999999999432 ) ) ;
#215 = CARTESIAN_POINT ( 'NONE',  ( -4.999999999999997335, -27.00000000000000711, 29.00000000000000355 ) ) ;
#216 = ORIENTED_EDGE ( 'NONE', *, *, #2275, .T. ) ;
#217 = DIRECTION ( 'NONE',  ( -0.000000000000000000, -0.000000000000000000, 1.000000000000000000 ) ) ;
#218 = EDGE_LOOP ( 'NONE', ( #2064, #2555, #2086, #2812 ) ) ;
#219 = VECTOR ( 'NONE', #870, 999.9999999999998863 ) ;
#220 = CARTESIAN_POINT ( 'NONE',  ( 28.87320499733209900, 3.000000000000000888, 25.50000000000000000 ) ) ;
#221 = EDGE_CURVE ( 'NONE', #2712, #504, #5093, .T. ) ;
#222 = ORIENTED_EDGE ( 'NONE', *, *, #2613, .T. ) ;
#223 = DIRECTION ( 'NONE',  ( 1.000000000000000000, 2.238352872228138663E-16, 0.000000000000000000 ) ) ;
#224 = VERTEX_POINT ( 'NONE', #3624 ) ;
#225 = CARTESIAN_POINT ( 'NONE',  ( 19.55062435217081074, 16.49999999999999289, 29.00000000000001066 ) ) ;
#226 = AXIS2_PLACEMENT_3D ( 'NONE', #4048, #512, #1213 ) ;
#227 = LINE ( 'NONE', #4089, #4022 ) ;
#228 = ORIENTED_EDGE ( 'NONE', *, *, #1052, .T. ) ;
#229 = LINE ( 'NONE', #2193, #1289 ) ;
#230 = CARTESIAN_POINT ( 'NONE',  ( 7.999999999999994671, 23.99999999999999289, 10.43275362445433707 ) ) ;
#231 = DIRECTION ( 'NONE',  ( -0.000000000000000000, -0.000000000000000000, -1.000000000000000000 ) ) ;
#232 = CIRCLE ( 'NONE', #3124, 1.999999999999998224 ) ;
#233 = EDGE_CURVE ( 'NONE', #131, #4001, #4597, .T. ) ;
#234 = ORIENTED_EDGE ( 'NONE', *, *, #2377, .T. ) ;
#235 = CARTESIAN_POINT ( 'NONE',  ( 9.288271491565554427, 23.99999999999999289, 9.962576020688437950 ) ) ;
#236 = ORIENTED_EDGE ( 'NONE', *, *, #1526, .F. ) ;
#237 = AXIS2_PLACEMENT_3D ( 'NONE', #3199, #95, #4041 ) ;
#238 = FACE_OUTER_BOUND ( 'NONE', #121, .T. ) ;
#239 = CARTESIAN_POINT ( 'NONE',  ( 44.00000000000001421, 20.49999999999999289, 29.00000000000001066 ) ) ;
#240 = ORIENTED_EDGE ( 'NONE', *, *, #2475, .T. ) ;
#241 = VECTOR ( 'NONE', #4913, 1000.000000000000114 ) ;
#242 = EDGE_CURVE ( 'NONE', #3767, #2456, #2460, .T. ) ;
#243 = DIRECTION ( 'NONE',  ( 0.000000000000000000, 0.000000000000000000, 1.000000000000000000 ) ) ;
#244 = DIRECTION ( 'NONE',  ( 1.000000000000000000, 0.000000000000000000, 0.000000000000000000 ) ) ;
#245 = ORIENTED_EDGE ( 'NONE', *, *, #2268, .T. ) ;
#246 = CARTESIAN_POINT ( 'NONE',  ( 46.00000000000001421, -14.50000000000000888, 25.49999999999999645 ) ) ;
#247 = VERTEX_POINT ( 'NONE', #80 ) ;
#248 = LINE ( 'NONE', #959, #4802 ) ;
#249 = ORIENTED_EDGE ( 'NONE', *, *, #2900, .F. ) ;
#250 = CARTESIAN_POINT ( 'NONE',  ( 51.27161813698369031, -24.43348156252981340, 25.49999999999999645 ) ) ;
#251 = ORIENTED_EDGE ( 'NONE', *, *, #3510, .F. ) ;
#252 = DIRECTION ( 'NONE',  ( 0.000000000000000000, 0.000000000000000000, 1.000000000000000000 ) ) ;
#253 = ORIENTED_EDGE ( 'NONE', *, *, #12, .F. ) ;
#254 = CARTESIAN_POINT ( 'NONE',  ( 0.000000000000000000, 25.50000000000000000, -25.49999999999999645 ) ) ;
#255 = ORIENTED_EDGE ( 'NONE', *, *, #3299, .T. ) ;
#256 = LINE ( 'NONE', #1831, #1187 ) ;
#257 = CARTESIAN_POINT ( 'NONE',  ( 34.46761691374841519, 10.39794164251851427, 29.00000000000000711 ) ) ;
#258 = DIRECTION ( 'NONE',  ( 0.000000000000000000, -1.360567432138672328E-16, 1.000000000000000000 ) ) ;
#259 = EDGE_CURVE ( 'NONE', #2281, #2991, #1703, .T. ) ;
#260 = EDGE_CURVE ( 'NONE', #906, #1986, #535, .T. ) ;
#261 = ORIENTED_EDGE ( 'NONE', *, *, #3020, .T. ) ;
#262 = AXIS2_PLACEMENT_3D ( 'NONE', #2951, #4515, #4808 ) ;
#263 = DIRECTION ( 'NONE',  ( -1.297097214700455342E-32, -1.000000000000000000, -1.196361017915039486E-16 ) ) ;
#264 = ORIENTED_EDGE ( 'NONE', *, *, #3595, .T. ) ;
#265 = CARTESIAN_POINT ( 'NONE',  ( 24.99999999999998934, -25.50000000000000355, -11.90000000000000391 ) ) ;
#266 = DIRECTION ( 'NONE',  ( -1.000000000000000000, 1.677028837704906887E-48, 2.281710819338667608E-64 ) ) ;
#267 = ADVANCED_FACE ( 'NONE', ( #3974 ), #3600, .F. ) ;
#268 = CARTESIAN_POINT ( 'NONE',  ( 4.999999999999994671, 24.09999999999999787, 21.50000000000000355 ) ) ;
#269 = CIRCLE ( 'NONE', #179, 2.000000000000001776 ) ;
#270 = CARTESIAN_POINT ( 'NONE',  ( 20.00000000000000000, -27.00000000000000355, 11.89999999999999680 ) ) ;
#271 = AXIS2_PLACEMENT_3D ( 'NONE', #4097, #924, #4615 ) ;
#272 = EDGE_LOOP ( 'NONE', ( #2483, #2510, #3504, #2610 ) ) ;
#273 = DIRECTION ( 'NONE',  ( 0.6426122619764709221, 0.7661915431257927400, 0.000000000000000000 ) ) ;
#274 = ORIENTED_EDGE ( 'NONE', *, *, #1263, .T. ) ;
#275 = AXIS2_PLACEMENT_3D ( 'NONE', #953, #190, #2546 ) ;
#276 = CARTESIAN_POINT ( 'NONE',  ( 50.00000000000000000, 25.50000000000000000, -25.49999999999999645 ) ) ;
#277 = ORIENTED_EDGE ( 'NONE', *, *, #2942, .T. ) ;
#278 = VERTEX_POINT ( 'NONE', #2071 ) ;
#279 = EDGE_CURVE ( 'NONE', #5010, #85, #2119, .T. ) ;
#280 = DIRECTION ( 'NONE',  ( -1.083727925881439616E-32, 1.000000000000000000, 1.360567432138672574E-16 ) ) ;
#281 = ORIENTED_EDGE ( 'NONE', *, *, #1498, .T. ) ;
#282 = CARTESIAN_POINT ( 'NONE',  ( 28.00000000000001066, -79.58326913195983821, 22.00000000000000000 ) ) ;
#283 = ORIENTED_EDGE ( 'NONE', *, *, #3893, .F. ) ;
#284 = CARTESIAN_POINT ( 'NONE',  ( 17.55062435217081429, 16.49999999999999289, -24.09999999999999787 ) ) ;
#285 = CARTESIAN_POINT ( 'NONE',  ( 6.000000000000013323, -14.50000000000000888, 25.49999999999999645 ) ) ;
#286 = DIRECTION ( 'NONE',  ( -0.000000000000000000, -0.000000000000000000, 1.000000000000000000 ) ) ;
#287 = EDGE_LOOP ( 'NONE', ( #2449, #4574, #1184, #2396 ) ) ;
#288 = EDGE_CURVE ( 'NONE', #3145, #2379, #4918, .T. ) ;
#289 = DIRECTION ( 'NONE',  ( 0.000000000000000000, 0.000000000000000000, -1.000000000000000000 ) ) ;
#290 = ORIENTED_EDGE ( 'NONE', *, *, #1774, .F. ) ;
#291 = CARTESIAN_POINT ( 'NONE',  ( 19.55062435217080363, -10.50000000000000533, 29.00000000000000711 ) ) ;
#292 = DIRECTION ( 'NONE',  ( 0.000000000000000000, 0.000000000000000000, -1.000000000000000000 ) ) ;
#293 = DIRECTION ( 'NONE',  ( 0.000000000000000000, 0.000000000000000000, -1.000000000000000000 ) ) ;
#294 = DIRECTION ( 'NONE',  ( -0.7649111981170508834, 0.000000000000000000, 0.6441357457827796562 ) ) ;
#295 = VECTOR ( 'NONE', #4376, 1000.000000000000000 ) ;
#296 = ORIENTED_EDGE ( 'NONE', *, *, #4806, .F. ) ;
#297 = DIRECTION ( 'NONE',  ( -0.7661915431257927400, -0.6426122619764709221, 0.000000000000000000 ) ) ;
#298 = ORIENTED_EDGE ( 'NONE', *, *, #1493, .T. ) ;
#299 = ADVANCED_FACE ( 'NONE', ( #52 ), #3259, .F. ) ;
#300 = CARTESIAN_POINT ( 'NONE',  ( 6.000000000000013323, -14.50000000000000888, 29.00000000000000355 ) ) ;
#301 = EDGE_LOOP ( 'NONE', ( #3169, #203, #2326, #2369 ) ) ;
#302 = ORIENTED_EDGE ( 'NONE', *, *, #4751, .T. ) ;
#303 = FACE_OUTER_BOUND ( 'NONE', #1117, .T. ) ;
#304 = ADVANCED_FACE ( 'NONE', ( #1288 ), #2433, .F. ) ;
#305 = LINE ( 'NONE', #378, #4719 ) ;
#306 = ORIENTED_EDGE ( 'NONE', *, *, #607, .F. ) ;
#307 = CARTESIAN_POINT ( 'NONE',  ( 23.71172850843443314, 24.09999999999999787, 4.353213452995805532 ) ) ;
#308 = ORIENTED_EDGE ( 'NONE', *, *, #1964, .F. ) ;
#309 = FACE_BOUND ( 'NONE', #4632, .T. ) ;
#310 = LINE ( 'NONE', #230, #4851 ) ;
#311 = AXIS2_PLACEMENT_3D ( 'NONE', #802, #3063, #2678 ) ;
#312 = ORIENTED_EDGE ( 'NONE', *, *, #2325, .F. ) ;
#313 = CARTESIAN_POINT ( 'NONE',  ( 40.00000000000000711, -25.50000000000000355, 17.00000000000000000 ) ) ;
#314 = VERTEX_POINT ( 'NONE', #104 ) ;
#315 = DIRECTION ( 'NONE',  ( 2.501681633025104198E-32, -1.000000000000000000, -1.360567432138672574E-16 ) ) ;
#316 = CARTESIAN_POINT ( 'NONE',  ( 28.87320499733209900, 3.000000000000000888, -24.09999999999999432 ) ) ;
#317 = AXIS2_PLACEMENT_3D ( 'NONE', #1681, #4389, #511 ) ;
#318 = AXIS2_PLACEMENT_3D ( 'NONE', #2822, #872, #4390 ) ;
#319 = CARTESIAN_POINT ( 'NONE',  ( 6.000000000000013323, 20.49999999999999289, 29.00000000000001066 ) ) ;
#320 = CIRCLE ( 'NONE', #3547, 2.000000000000000000 ) ;
#321 = DIRECTION ( 'NONE',  ( 0.000000000000000000, 0.000000000000000000, -1.000000000000000000 ) ) ;
#322 = AXIS2_PLACEMENT_3D ( 'NONE', #2707, #5046, #1172 ) ;
#323 = ORIENTED_EDGE ( 'NONE', *, *, #242, .F. ) ;
#324 = CARTESIAN_POINT ( 'NONE',  ( 41.99999999999999289, 24.09999999999999787, 8.432753624454335295 ) ) ;
#325 = CIRCLE ( 'NONE', #2390, 1.000000000000000888 ) ;
#326 = VECTOR ( 'NONE', #4699, 1000.000000000000000 ) ;
#327 = EDGE_CURVE ( 'NONE', #1645, #4169, #3997, .T. ) ;
#328 = VERTEX_POINT ( 'NONE', #3234 ) ;
#329 = DIRECTION ( 'NONE',  ( 0.000000000000000000, 0.000000000000000000, -1.000000000000000000 ) ) ;
#330 = ORIENTED_EDGE ( 'NONE', *, *, #3893, .T. ) ;
#331 = PLANE ( 'NONE',  #1947 ) ;
#332 = EDGE_LOOP ( 'NONE', ( #178, #2765, #4112, #1178 ) ) ;
#333 = EDGE_CURVE ( 'NONE', #2913, #2372, #2847, .T. ) ;
#334 = FACE_OUTER_BOUND ( 'NONE', #4518, .T. ) ;
#335 = ORIENTED_EDGE ( 'NONE', *, *, #3242, .T. ) ;
#336 = CARTESIAN_POINT ( 'NONE',  ( 38.00000000000000000, 1.168276782690724786E-14, -25.50000000000000000 ) ) ;
#337 = ORIENTED_EDGE ( 'NONE', *, *, #3202, .F. ) ;
#338 = LINE ( 'NONE', #3522, #4935 ) ;
#339 = EDGE_CURVE ( 'NONE', #3920, #15, #2714, .T. ) ;
#340 = ORIENTED_EDGE ( 'NONE', *, *, #4453, .F. ) ;
#341 = DIRECTION ( 'NONE',  ( -1.000000000000000000, 0.000000000000000000, 0.000000000000000000 ) ) ;
#342 = EDGE_LOOP ( 'NONE', ( #4983, #4138, #4030, #2666 ) ) ;
#343 = CARTESIAN_POINT ( 'NONE',  ( 24.99999999999999289, 10.00266749681904344, 29.00000000000001066 ) ) ;
#344 = FACE_BOUND ( 'NONE', #2020, .T. ) ;
#345 = CARTESIAN_POINT ( 'NONE',  ( 30.44937564782918216, -12.50000000000000533, 24.10000000000000497 ) ) ;
#346 = VECTOR ( 'NONE', #3605, 1000.000000000000114 ) ;
#347 = DIRECTION ( 'NONE',  ( -0.6426122619764711441, -0.7661915431257925180, -1.042455260357026414E-16 ) ) ;
#348 = VERTEX_POINT ( 'NONE', #898 ) ;
#349 = DIRECTION ( 'NONE',  ( -1.000000000000000000, 0.000000000000000000, 0.000000000000000000 ) ) ;
#350 = AXIS2_PLACEMENT_3D ( 'NONE', #270, #4599, #680 ) ;
#351 = ORIENTED_EDGE ( 'NONE', *, *, #2128, .T. ) ;
#352 = CIRCLE ( 'NONE', #1425, 2.000000000000001776 ) ;
#353 = FACE_OUTER_BOUND ( 'NONE', #3399, .T. ) ;
#354 = ORIENTED_EDGE ( 'NONE', *, *, #288, .T. ) ;
#355 = CARTESIAN_POINT ( 'NONE',  ( 11.99999999999999645, 9.112717118565566210, -25.50000000000000000 ) ) ;
#356 = EDGE_CURVE ( 'NONE', #2179, #2137, #1319, .T. ) ;
#357 = DIRECTION ( 'NONE',  ( -1.000000000000000000, 0.000000000000000000, 0.000000000000000000 ) ) ;
#358 = EDGE_LOOP ( 'NONE', ( #963, #3377 ) ) ;
#359 = CARTESIAN_POINT ( 'NONE',  ( 57.00000000000000711, -27.00000000000000711, 28.99999999999999645 ) ) ;
#360 = EDGE_LOOP ( 'NONE', ( #751, #2604, #4054, #1479 ) ) ;
#361 = CARTESIAN_POINT ( 'NONE',  ( 19.55062435217081074, 18.49999999999999289, 29.00000000000001066 ) ) ;
#362 = ORIENTED_EDGE ( 'NONE', *, *, #1526, .T. ) ;
#363 = EDGE_CURVE ( 'NONE', #1074, #4369, #879, .T. ) ;
#364 = DIRECTION ( 'NONE',  ( 0.000000000000000000, 0.000000000000000000, -1.000000000000000000 ) ) ;
#365 = ORIENTED_EDGE ( 'NONE', *, *, #1653, .F. ) ;
#366 = CARTESIAN_POINT ( 'NONE',  ( 19.30216642060506160, 25.49999999999999645, -1.529822396234081561 ) ) ;
#367 = CARTESIAN_POINT ( 'NONE',  ( 6.000000000000013323, 20.49999999999999289, 24.10000000000000497 ) ) ;
#368 = CARTESIAN_POINT ( 'NONE',  ( 24.99999999999999289, -4.002667496819048765, 24.10000000000000497 ) ) ;
#369 = PLANE ( 'NONE',  #3573 ) ;
#370 = ORIENTED_EDGE ( 'NONE', *, *, #1556, .F. ) ;
#371 = EDGE_CURVE ( 'NONE', #2498, #3521, #2096, .T. ) ;
#372 = EDGE_CURVE ( 'NONE', #4074, #4551, #4430, .T. ) ;
#373 = DIRECTION ( 'NONE',  ( 1.000000000000000000, 0.000000000000000000, 0.000000000000000000 ) ) ;
#374 = CIRCLE ( 'NONE', #2197, 2.000000000000001776 ) ;
#375 = DIRECTION ( 'NONE',  ( 0.000000000000000000, -1.000000000000000000, 0.000000000000000000 ) ) ;
#376 = ORIENTED_EDGE ( 'NONE', *, *, #383, .F. ) ;
#377 = PRESENTATION_STYLE_ASSIGNMENT (( #3433 ) ) ;
#378 = CARTESIAN_POINT ( 'NONE',  ( 49.89111930653170646, 24.09999999999999787, -24.22929582349359023 ) ) ;
#379 = EDGE_LOOP ( 'NONE', ( #977, #4657, #5002, #2839 ) ) ;
#380 = DIRECTION ( 'NONE',  ( 1.084202172485504434E-16, -1.360567432138672328E-16, 1.000000000000000000 ) ) ;
#381 = VERTEX_POINT ( 'NONE', #2797 ) ;
#382 = LINE ( 'NONE', #1578, #2802 ) ;
#383 = EDGE_CURVE ( 'NONE', #1383, #494, #4366, .T. ) ;
#384 = AXIS2_PLACEMENT_3D ( 'NONE', #4746, #4702, #1531 ) ;
#385 = DIRECTION ( 'NONE',  ( -1.000000000000000000, 0.000000000000000000, 0.000000000000000000 ) ) ;
#386 = ORIENTED_EDGE ( 'NONE', *, *, #2024, .F. ) ;
#387 = CARTESIAN_POINT ( 'NONE',  ( 9.999999999999998224, -24.09999999999999787, -22.50000000000000000 ) ) ;
#388 = LINE ( 'NONE', #1991, #1715 ) ;
#389 = DIRECTION ( 'NONE',  ( 1.000000000000000000, 0.000000000000000000, 0.000000000000000000 ) ) ;
#390 = EDGE_CURVE ( 'NONE', #2300, #1148, #1450, .T. ) ;
#391 = VECTOR ( 'NONE', #568, 1000.000000000000114 ) ;
#392 = FACE_OUTER_BOUND ( 'NONE', #2110, .T. ) ;
#393 = ORIENTED_EDGE ( 'NONE', *, *, #916, .F. ) ;
#394 = DIRECTION ( 'NONE',  ( -1.000000000000000000, 0.000000000000000000, 0.000000000000000000 ) ) ;
#395 = EDGE_CURVE ( 'NONE', #1941, #1690, #1344, .T. ) ;
#396 = AXIS2_PLACEMENT_3D ( 'NONE', #4799, #2095, #1732 ) ;
#397 = VECTOR ( 'NONE', #737, 1000.000000000000000 ) ;
#398 = CARTESIAN_POINT ( 'NONE',  ( 20.65917808891947871, 4.285224523952935627, 29.00000000000000711 ) ) ;
#399 = LINE ( 'NONE', #2297, #2832 ) ;
#400 = ORIENTED_EDGE ( 'NONE', *, *, #4583, .F. ) ;
#401 = DIRECTION ( 'NONE',  ( -0.7649111981170508834, 0.000000000000000000, 0.6441357457827796562 ) ) ;
#402 = VECTOR ( 'NONE', #4697, 1000.000000000000114 ) ;
#403 = APPLICATION_CONTEXT ( 'automotive_design' ) ;
#404 = CIRCLE ( 'NONE', #4694, 1.000000000000000888 ) ;
#405 = AXIS2_PLACEMENT_3D ( 'NONE', #173, #634, #2558 ) ;
#406 = FACE_OUTER_BOUND ( 'NONE', #4330, .T. ) ;
#407 = EDGE_LOOP ( 'NONE', ( #172, #1710, #3246, #2883 ) ) ;
#408 = CARTESIAN_POINT ( 'NONE',  ( 14.23785040302852245, 11.94142291866908145, -25.50000000000000000 ) ) ;
#409 = ORIENTED_EDGE ( 'NONE', *, *, #2036, .T. ) ;
#410 = DIRECTION ( 'NONE',  ( -0.000000000000000000, -0.000000000000000000, -1.000000000000000000 ) ) ;
#411 = CARTESIAN_POINT ( 'NONE',  ( 5.000000000000011546, -14.50000000000000888, 24.10000000000000497 ) ) ;
#412 = VERTEX_POINT ( 'NONE', #3026 ) ;
#413 = CARTESIAN_POINT ( 'NONE',  ( 41.99999999999999289, 23.99999999999999289, 8.432753624454335295 ) ) ;
#414 = EDGE_CURVE ( 'NONE', #3119, #2132, #5013, .T. ) ;
#415 = EDGE_CURVE ( 'NONE', #3806, #3756, #4590, .T. ) ;
#416 = PLANE ( 'NONE',  #487 ) ;
#417 = DIRECTION ( 'NONE',  ( -0.000000000000000000, -0.000000000000000000, 1.000000000000000000 ) ) ;
#418 = CARTESIAN_POINT ( 'NONE',  ( 4.999999999999994671, 23.99999999999998934, 20.00000000000000355 ) ) ;
#419 = ORIENTED_EDGE ( 'NONE', *, *, #3695, .F. ) ;
#420 = CYLINDRICAL_SURFACE ( 'NONE', #4185, 1.999999999999998224 ) ;
#421 = VECTOR ( 'NONE', #4153, 1000.000000000000000 ) ;
#422 = LINE ( 'NONE', #3560, #3890 ) ;
#423 = FACE_OUTER_BOUND ( 'NONE', #2157, .T. ) ;
#424 = EDGE_CURVE ( 'NONE', #3627, #3988, #3793, .T. ) ;
#425 = CIRCLE ( 'NONE', #350, 0.6999999999999975131 ) ;
#426 = EDGE_LOOP ( 'NONE', ( #3373, #1984, #3489, #4872 ) ) ;
#427 = CYLINDRICAL_SURFACE ( 'NONE', #3262, 0.6999999999999975131 ) ;
#428 = AXIS2_PLACEMENT_3D ( 'NONE', #2783, #5054, #4736 ) ;
#429 = FACE_BOUND ( 'NONE', #138, .T. ) ;
#430 = EDGE_CURVE ( 'NONE', #777, #4954, #2790, .T. ) ;
#431 = ORIENTED_EDGE ( 'NONE', *, *, #792, .T. ) ;
#432 = DIRECTION ( 'NONE',  ( 0.000000000000000000, 1.000000000000000000, 0.000000000000000000 ) ) ;
#433 = VERTEX_POINT ( 'NONE', #4488 ) ;
#434 = AXIS2_PLACEMENT_3D ( 'NONE', #3889, #4636, #1593 ) ;
#435 = LINE ( 'NONE', #2721, #3214 ) ;
#436 = CARTESIAN_POINT ( 'NONE',  ( 36.00000000000000000, 9.112717118565569763, 25.50000000000000000 ) ) ;
#437 = ORIENTED_EDGE ( 'NONE', *, *, #4106, .T. ) ;
#438 = CARTESIAN_POINT ( 'NONE',  ( 17.55062435217081429, 16.49999999999999289, 29.00000000000001066 ) ) ;
#439 = DIRECTION ( 'NONE',  ( -0.6426122619764709221, 0.7661915431257927400, 0.000000000000000000 ) ) ;
#440 = DIRECTION ( 'NONE',  ( -1.355252715606880543E-16, 0.000000000000000000, 1.000000000000000000 ) ) ;
#441 = ADVANCED_FACE ( 'NONE', ( #1001 ), #2587, .T. ) ;
#442 = CARTESIAN_POINT ( 'NONE',  ( 14.07283357939493484, 25.50000000000000000, -12.47017760376588669 ) ) ;
#443 = EDGE_LOOP ( 'NONE', ( #1575, #3878 ) ) ;
#444 = VERTEX_POINT ( 'NONE', #2614 ) ;
#445 = EDGE_CURVE ( 'NONE', #2470, #661, #4096, .T. ) ;
#446 = LINE ( 'NONE', #58, #4955 ) ;
#447 = DIRECTION ( 'NONE',  ( -1.297097214700455342E-32, -1.000000000000000000, -1.196361017915039486E-16 ) ) ;
#448 = ORIENTED_EDGE ( 'NONE', *, *, #356, .F. ) ;
#449 = CARTESIAN_POINT ( 'NONE',  ( 34.63889492903951606, 23.99999999999999645, -13.99999999999998934 ) ) ;
#450 = CIRCLE ( 'NONE', #3343, 1.000000000000001776 ) ;
#451 = ORIENTED_EDGE ( 'NONE', *, *, #372, .F. ) ;
#452 = DIRECTION ( 'NONE',  ( 0.000000000000000000, -1.360567432138672328E-16, 1.000000000000000000 ) ) ;
#453 = EDGE_LOOP ( 'NONE', ( #2160, #1649, #3405, #4130 ) ) ;
#454 = LINE ( 'NONE', #4738, #4770 ) ;
#455 = VERTEX_POINT ( 'NONE', #669 ) ;
#456 = DIRECTION ( 'NONE',  ( -4.640611337223970120E-32, 1.000000000000000000, 1.360567432138672328E-16 ) ) ;
#457 = EDGE_CURVE ( 'NONE', #2287, #5010, #4512, .T. ) ;
#458 = ADVANCED_FACE ( 'NONE', ( #4094 ), #2147, .F. ) ;
#459 = CARTESIAN_POINT ( 'NONE',  ( 50.00000000000000000, -25.50000000000000000, -25.50000000000000355 ) ) ;
#460 = ORIENTED_EDGE ( 'NONE', *, *, #3738, .F. ) ;
#461 = FACE_OUTER_BOUND ( 'NONE', #1651, .T. ) ;
#462 = CARTESIAN_POINT ( 'NONE',  ( 13.99999999999999645, -3.112717118565576868, 24.10000000000000497 ) ) ;
#463 = DIRECTION ( 'NONE',  ( 0.000000000000000000, 0.000000000000000000, 1.000000000000000000 ) ) ;
#464 = AXIS2_PLACEMENT_3D ( 'NONE', #3577, #3907, #3086 ) ;
#465 = DIRECTION ( 'NONE',  ( 1.297097214700455342E-32, 1.000000000000000000, 1.196361017915039486E-16 ) ) ;
#466 = ORIENTED_EDGE ( 'NONE', *, *, #1750, .T. ) ;
#467 = CARTESIAN_POINT ( 'NONE',  ( 46.00000000000001421, -14.50000000000000888, 29.00000000000000355 ) ) ;
#468 = ORIENTED_EDGE ( 'NONE', *, *, #5038, .F. ) ;
#469 = CYLINDRICAL_SURFACE ( 'NONE', #3804, 1.000000000000000888 ) ;
#470 = DIRECTION ( 'NONE',  ( 0.000000000000000000, 0.000000000000000000, -1.000000000000000000 ) ) ;
#471 = ORIENTED_EDGE ( 'NONE', *, *, #1095, .T. ) ;
#472 = PLANE ( 'NONE',  #2278 ) ;
#473 = EDGE_CURVE ( 'NONE', #932, #576, #3714, .T. ) ;
#474 = EDGE_CURVE ( 'NONE', #1310, #4074, #1758, .T. ) ;
#475 = AXIS2_PLACEMENT_3D ( 'NONE', #4313, #3525, #4743 ) ;
#476 = AXIS2_PLACEMENT_3D ( 'NONE', #324, #1538, #5095 ) ;
#477 = LINE ( 'NONE', #3635, #1834 ) ;
#478 = AXIS2_PLACEMENT_3D ( 'NONE', #2294, #4272, #373 ) ;
#479 = ORIENTED_EDGE ( 'NONE', *, *, #1473, .F. ) ;
#480 = DIRECTION ( 'NONE',  ( 0.000000000000000000, 1.000000000000000000, 0.000000000000000000 ) ) ;
#481 = ORIENTED_EDGE ( 'NONE', *, *, #3704, .T. ) ;
#482 = DIRECTION ( 'NONE',  ( -1.000000000000000000, 0.000000000000000000, 0.000000000000000000 ) ) ;
#483 = CIRCLE ( 'NONE', #4853, 1.000000000000000888 ) ;
#484 = CARTESIAN_POINT ( 'NONE',  ( 31.98175873408076697, 15.21477547604705549, 24.10000000000000497 ) ) ;
#485 = ORIENTED_EDGE ( 'NONE', *, *, #2377, .F. ) ;
#486 = EDGE_CURVE ( 'NONE', #3788, #1632, #2948, .T. ) ;
#487 = AXIS2_PLACEMENT_3D ( 'NONE', #5065, #3180, #4295 ) ;
#488 = DIRECTION ( 'NONE',  ( -0.7661915431257925180, -0.6426122619764711441, 0.000000000000000000 ) ) ;
#489 = DIRECTION ( 'NONE',  ( -0.000000000000000000, -0.000000000000000000, -1.000000000000000000 ) ) ;
#490 = CARTESIAN_POINT ( 'NONE',  ( 18.01389492903950185, 24.09999999999999787, 1.736084043408945791E-14 ) ) ;
#491 = CARTESIAN_POINT ( 'NONE',  ( -4.999999999999997335, -25.50000000000000355, 27.00000000000000355 ) ) ;
#492 = VERTEX_POINT ( 'NONE', #207 ) ;
#493 = DIRECTION ( 'NONE',  ( 0.000000000000000000, -1.000000000000000000, -1.360567432138672328E-16 ) ) ;
#494 = VERTEX_POINT ( 'NONE', #4538 ) ;
#495 = LINE ( 'NONE', #2416, #2405 ) ;
#496 = FACE_OUTER_BOUND ( 'NONE', #4862, .T. ) ;
#497 = EDGE_LOOP ( 'NONE', ( #3162, #3041, #4610, #2889 ) ) ;
#498 = CARTESIAN_POINT ( 'NONE',  ( 23.00000000000000711, -24.09999999999999787, -24.09999999999999432 ) ) ;
#499 = CIRCLE ( 'NONE', #1247, 2.000000000000001776 ) ;
#500 = CARTESIAN_POINT ( 'NONE',  ( 57.00000000000000711, -25.50000000000000355, 28.99999999999999645 ) ) ;
#501 = EDGE_CURVE ( 'NONE', #2654, #3412, #3001, .T. ) ;
#502 = ORIENTED_EDGE ( 'NONE', *, *, #2385, .T. ) ;
#503 = DIRECTION ( 'NONE',  ( -1.232595164407830672E-32, -1.245892906839341945E-16, 1.000000000000000000 ) ) ;
#504 = VERTEX_POINT ( 'NONE', #588 ) ;
#505 = FACE_OUTER_BOUND ( 'NONE', #4544, .T. ) ;
#506 = AXIS2_PLACEMENT_3D ( 'NONE', #491, #465, #4392 ) ;
#507 = AXIS2_PLACEMENT_3D ( 'NONE', #1461, #4942, #4110 ) ;
#508 = CARTESIAN_POINT ( 'NONE',  ( 23.89617525366054096, -2.206469567586254676, -24.09999999999999432 ) ) ;
#509 = VERTEX_POINT ( 'NONE', #1779 ) ;
#510 = DIRECTION ( 'NONE',  ( -2.168404344971008375E-16, -1.245892906839342191E-16, 1.000000000000000000 ) ) ;
#511 = DIRECTION ( 'NONE',  ( 0.000000000000000000, 1.000000000000000000, 1.360567432138672328E-16 ) ) ;
#512 = DIRECTION ( 'NONE',  ( -1.232595164407830672E-32, -1.245892906839341945E-16, 1.000000000000000000 ) ) ;
#513 = CIRCLE ( 'NONE', #275, 0.6999999999999975131 ) ;
#514 = EDGE_CURVE ( 'NONE', #5010, #2287, #67, .T. ) ;
#515 = VERTEX_POINT ( 'NONE', #1807 ) ;
#516 = DIRECTION ( 'NONE',  ( 0.000000000000000000, 1.000000000000000000, 0.000000000000000000 ) ) ;
#517 = ORIENTED_EDGE ( 'NONE', *, *, #4735, .F. ) ;
#518 = ADVANCED_FACE ( 'NONE', ( #4952 ), #4565, .F. ) ;
#519 = EDGE_CURVE ( 'NONE', #314, #168, #149, .T. ) ;
#520 = CARTESIAN_POINT ( 'NONE',  ( 45.00000000000000000, 25.49999999999999289, 18.50000000000000711 ) ) ;
#521 = DIRECTION ( 'NONE',  ( 0.000000000000000000, 1.000000000000000000, 0.000000000000000000 ) ) ;
#522 = VERTEX_POINT ( 'NONE', #3819 ) ;
#523 = CARTESIAN_POINT ( 'NONE',  ( 34.63889492903948764, 25.49999999999999289, 16.00000000000001776 ) ) ;
#524 = VERTEX_POINT ( 'NONE', #1859 ) ;
#525 = CARTESIAN_POINT ( 'NONE',  ( 18.01824126591922237, 15.21477547604705549, 25.50000000000000355 ) ) ;
#526 = EDGE_LOOP ( 'NONE', ( #1037, #3223 ) ) ;
#527 = CARTESIAN_POINT ( 'NONE',  ( 15.53238308625157948, -4.397941642518520489, -24.09999999999999432 ) ) ;
#528 = ORIENTED_EDGE ( 'NONE', *, *, #4559, .F. ) ;
#529 = CARTESIAN_POINT ( 'NONE',  ( 31.98175873408076697, -9.214775476047053715, 25.50000000000000000 ) ) ;
#530 =( GEOMETRIC_REPRESENTATION_CONTEXT ( 3 ) GLOBAL_UNCERTAINTY_ASSIGNED_CONTEXT ( ( #2172 ) ) GLOBAL_UNIT_ASSIGNED_CONTEXT ( ( #3490, #1157, #2273 ) ) REPRESENTATION_CONTEXT ( 'NONE', 'WORKASPACE' ) );
#531 = CARTESIAN_POINT ( 'NONE',  ( 28.87320499733209900, 3.000000000000000888, 29.00000000000000711 ) ) ;
#532 = ORIENTED_EDGE ( 'NONE', *, *, #940, .T. ) ;
#533 = DIRECTION ( 'NONE',  ( 1.037974875290804813E-32, 1.000000000000000000, 1.360567432138672328E-16 ) ) ;
#534 = CARTESIAN_POINT ( 'NONE',  ( 7.999999999999994671, 23.99999999999999289, 8.432753624454337071 ) ) ;
#535 = LINE ( 'NONE', #1240, #1712 ) ;
#536 = EDGE_CURVE ( 'NONE', #4156, #3049, #3443, .T. ) ;
#537 = CARTESIAN_POINT ( 'NONE',  ( 50.00000000000000000, -24.09999999999999787, -24.09999999999999432 ) ) ;
#538 = EDGE_LOOP ( 'NONE', ( #3971, #3432, #249, #4902 ) ) ;
#539 = CARTESIAN_POINT ( 'NONE',  ( 23.46761691374841163, 8.717442972866102480, -25.49999999999999645 ) ) ;
#540 = EDGE_CURVE ( 'NONE', #2551, #1717, #3345, .T. ) ;
#541 = ORIENTED_EDGE ( 'NONE', *, *, #1981, .T. ) ;
#542 = PLANE ( 'NONE',  #4122 ) ;
#543 = CARTESIAN_POINT ( 'NONE',  ( 28.00000000000000711, -25.50000000000000355, 22.00000000000000000 ) ) ;
#544 = AXIS2_PLACEMENT_3D ( 'NONE', #4070, #944, #4091 ) ;
#545 = ORIENTED_EDGE ( 'NONE', *, *, #4015, .T. ) ;
#546 = EDGE_CURVE ( 'NONE', #2479, #1717, #1766, .T. ) ;
#547 = EDGE_CURVE ( 'NONE', #1103, #932, #1790, .T. ) ;
#548 = DIRECTION ( 'NONE',  ( 0.000000000000000000, -1.000000000000000000, 0.000000000000000000 ) ) ;
#549 = ORIENTED_EDGE ( 'NONE', *, *, #839, .T. ) ;
#550 = DIRECTION ( 'NONE',  ( 1.000000000000000000, 0.000000000000000000, 0.000000000000000000 ) ) ;
#551 = ORIENTED_EDGE ( 'NONE', *, *, #5082, .T. ) ;
#552 = CIRCLE ( 'NONE', #1389, 2.000000000000001776 ) ;
#553 = CARTESIAN_POINT ( 'NONE',  ( 15.36110507096049638, 25.49999999999999289, 16.00000000000001421 ) ) ;
#554 = VECTOR ( 'NONE', #1702, 1000.000000000000000 ) ;
#555 = VECTOR ( 'NONE', #709, 1000.000000000000000 ) ;
#556 = CYLINDRICAL_SURFACE ( 'NONE', #4850, 4.999999999999997335 ) ;
#557 = ORIENTED_EDGE ( 'NONE', *, *, #3695, .T. ) ;
#558 = CARTESIAN_POINT ( 'NONE',  ( 5.000000000000011546, -14.50000000000000888, 29.00000000000000355 ) ) ;
#559 = CARTESIAN_POINT ( 'NONE',  ( 13.99999999999999645, -3.112717118565576868, 25.50000000000000000 ) ) ;
#560 = AXIS2_PLACEMENT_3D ( 'NONE', #3710, #177, #3921 ) ;
#561 = DIRECTION ( 'NONE',  ( 2.316323090289270699E-32, -1.000000000000000000, -1.360567432138672574E-16 ) ) ;
#562 = PRESENTATION_STYLE_ASSIGNMENT (( #4073 ) ) ;
#563 = ORIENTED_EDGE ( 'NONE', *, *, #3464, .T. ) ;
#564 = AXIS2_PLACEMENT_3D ( 'NONE', #2842, #889, #4014 ) ;
#565 = EDGE_CURVE ( 'NONE', #4669, #3627, #4686, .T. ) ;
#566 = ADVANCED_FACE ( 'NONE', ( #599 ), #625, .T. ) ;
#567 = CARTESIAN_POINT ( 'NONE',  ( 24.99999999999999645, -27.00000000000000355, 11.89999999999999325 ) ) ;
#568 = DIRECTION ( 'NONE',  ( -0.7649111981170507724, 0.000000000000000000, -0.6441357457827797672 ) ) ;
#569 = DIRECTION ( 'NONE',  ( -0.000000000000000000, -0.000000000000000000, 1.000000000000000000 ) ) ;
#570 = EDGE_CURVE ( 'NONE', #2162, #1528, #1071, .T. ) ;
#571 = CARTESIAN_POINT ( 'NONE',  ( 0.000000000000000000, 0.000000000000000000, 0.000000000000000000 ) ) ;
#572 = EDGE_LOOP ( 'NONE', ( #934, #2489, #2639, #3440 ) ) ;
#573 = ORIENTED_EDGE ( 'NONE', *, *, #167, .T. ) ;
#574 = EDGE_CURVE ( 'NONE', #5051, #348, #1302, .T. ) ;
#575 = CARTESIAN_POINT ( 'NONE',  ( 15.53238308625158126, -4.397941642518518712, -25.50000000000000000 ) ) ;
#576 = VERTEX_POINT ( 'NONE', #2683 ) ;
#577 = CARTESIAN_POINT ( 'NONE',  ( 20.06521753803157537, 1.006591742296090386, -24.09999999999999432 ) ) ;
#578 = ORIENTED_EDGE ( 'NONE', *, *, #3235, .T. ) ;
#579 = DIRECTION ( 'NONE',  ( 0.000000000000000000, 0.000000000000000000, -1.000000000000000000 ) ) ;
#580 = VECTOR ( 'NONE', #1763, 1000.000000000000000 ) ;
#581 = ADVANCED_FACE ( 'NONE', ( #656 ), #1411, .F. ) ;
#582 = EDGE_CURVE ( 'NONE', #3637, #1355, #1099, .T. ) ;
#583 = DIRECTION ( 'NONE',  ( 0.000000000000000000, 0.000000000000000000, 1.000000000000000000 ) ) ;
#584 = EDGE_LOOP ( 'NONE', ( #2272, #3263, #3059, #3383, #57, #736, #2338 ) ) ;
#585 = CIRCLE ( 'NONE', #3492, 1.500000000000001332 ) ;
#586 = DIRECTION ( 'NONE',  ( 0.000000000000000000, 0.000000000000000000, -1.000000000000000000 ) ) ;
#587 = CARTESIAN_POINT ( 'NONE',  ( 30.87320499733209900, 3.000000000000000888, 29.00000000000000711 ) ) ;
#588 = CARTESIAN_POINT ( 'NONE',  ( 24.99999999999998934, -27.00000000000000355, -11.20000000000000639 ) ) ;
#589 = VECTOR ( 'NONE', #3540, 1000.000000000000000 ) ;
#590 = ORIENTED_EDGE ( 'NONE', *, *, #424, .F. ) ;
#591 = DIRECTION ( 'NONE',  ( -0.000000000000000000, -1.360567432138672328E-16, 1.000000000000000000 ) ) ;
#592 = DIRECTION ( 'NONE',  ( 0.000000000000000000, 0.000000000000000000, -1.000000000000000000 ) ) ;
#593 = LINE ( 'NONE', #1785, #4008 ) ;
#594 = AXIS2_PLACEMENT_3D ( 'NONE', #2937, #4578, #1768 ) ;
#595 = EDGE_CURVE ( 'NONE', #3083, #1827, #2310, .T. ) ;
#596 = DIRECTION ( 'NONE',  ( 0.000000000000000000, 0.000000000000000000, -1.000000000000000000 ) ) ;
#597 = DIRECTION ( 'NONE',  ( 0.000000000000000000, 0.000000000000000000, -1.000000000000000000 ) ) ;
#598 = ORIENTED_EDGE ( 'NONE', *, *, #853, .F. ) ;
#599 = FACE_OUTER_BOUND ( 'NONE', #4889, .T. ) ;
#600 = EDGE_CURVE ( 'NONE', #1385, #168, #3833, .T. ) ;
#601 = ORIENTED_EDGE ( 'NONE', *, *, #1512, .F. ) ;
#602 = FACE_BOUND ( 'NONE', #2780, .T. ) ;
#603 = ORIENTED_EDGE ( 'NONE', *, *, #445, .T. ) ;
#604 = FACE_OUTER_BOUND ( 'NONE', #1939, .T. ) ;
#605 = ORIENTED_EDGE ( 'NONE', *, *, #809, .T. ) ;
#606 = DIRECTION ( 'NONE',  ( -1.000000000000000000, 0.000000000000000000, 0.000000000000000000 ) ) ;
#607 = EDGE_CURVE ( 'NONE', #3608, #3764, #1459, .T. ) ;
#608 = DIRECTION ( 'NONE',  ( -0.000000000000000000, -0.000000000000000000, -1.000000000000000000 ) ) ;
#609 = VERTEX_POINT ( 'NONE', #246 ) ;
#610 = CARTESIAN_POINT ( 'NONE',  ( 49.99999999999999289, 24.09999999999999787, 16.00000000000001776 ) ) ;
#611 = CARTESIAN_POINT ( 'NONE',  ( 15.11462363484563554, -12.67678111309633593, -25.50000000000000000 ) ) ;
#612 = ADVANCED_FACE ( 'NONE', ( #3401 ), #4967, .F. ) ;
#613 = DIRECTION ( 'NONE',  ( -0.000000000000000000, -0.000000000000000000, -1.000000000000000000 ) ) ;
#614 = EDGE_CURVE ( 'NONE', #3145, #2093, #3454, .T. ) ;
#615 = AXIS2_PLACEMENT_3D ( 'NONE', #648, #4451, #2234 ) ;
#616 = ORIENTED_EDGE ( 'NONE', *, *, #200, .F. ) ;
#617 = DIRECTION ( 'NONE',  ( -1.695970350825250880E-32, 1.000000000000000000, 1.360567432138672328E-16 ) ) ;
#618 = ORIENTED_EDGE ( 'NONE', *, *, #3946, .T. ) ;
#619 = DIRECTION ( 'NONE',  ( 0.000000000000000000, 0.000000000000000000, -1.000000000000000000 ) ) ;
#620 = DIRECTION ( 'NONE',  ( -0.000000000000000000, 1.000000000000000000, -0.000000000000000000 ) ) ;
#621 = ORIENTED_EDGE ( 'NONE', *, *, #4276, .F. ) ;
#622 = CYLINDRICAL_SURFACE ( 'NONE', #4961, 2.000000000000000000 ) ;
#623 = DIRECTION ( 'NONE',  ( -1.000000000000000000, 0.000000000000000000, -0.000000000000000000 ) ) ;
#624 = EDGE_LOOP ( 'NONE', ( #3820, #2139 ) ) ;
#625 = PLANE ( 'NONE',  #4281 ) ;
#626 = VERTEX_POINT ( 'NONE', #1038 ) ;
#627 = AXIS2_PLACEMENT_3D ( 'NONE', #1944, #2700, #4294 ) ;
#628 = FACE_BOUND ( 'NONE', #913, .T. ) ;
#629 = EDGE_CURVE ( 'NONE', #5070, #985, #1475, .T. ) ;
#630 = ORIENTED_EDGE ( 'NONE', *, *, #4891, .F. ) ;
#631 = DIRECTION ( 'NONE',  ( -0.000000000000000000, -1.360567432138672328E-16, 1.000000000000000000 ) ) ;
#632 = ADVANCED_FACE ( 'NONE', ( #4602 ), #2242, .F. ) ;
#633 = EDGE_LOOP ( 'NONE', ( #4062, #1547 ) ) ;
#634 = DIRECTION ( 'NONE',  ( -0.000000000000000000, -0.000000000000000000, -1.000000000000000000 ) ) ;
#635 = ORIENTED_EDGE ( 'NONE', *, *, #415, .F. ) ;
#636 = CARTESIAN_POINT ( 'NONE',  ( 15.11462363484563554, -12.67678111309633593, 29.00000000000000711 ) ) ;
#637 = ORIENTED_EDGE ( 'NONE', *, *, #2330, .F. ) ;
#638 = CARTESIAN_POINT ( 'NONE',  ( 19.37590782514213572, 0.1847224692356069786, 25.50000000000000000 ) ) ;
#639 = CARTESIAN_POINT ( 'NONE',  ( -4.999999999999997335, -27.00000000000000711, 27.00000000000000355 ) ) ;
#640 = DIRECTION ( 'NONE',  ( 0.6426122619764709221, 0.7661915431257927400, 0.000000000000000000 ) ) ;
#641 = AXIS2_PLACEMENT_3D ( 'NONE', #3110, #4338, #3973 ) ;
#642 = VECTOR ( 'NONE', #760, 1000.000000000000000 ) ;
#643 = ORIENTED_EDGE ( 'NONE', *, *, #536, .T. ) ;
#644 = EDGE_CURVE ( 'NONE', #2577, #3462, #1846, .T. ) ;
#645 = DIRECTION ( 'NONE',  ( 0.000000000000000000, 0.000000000000000000, -1.000000000000000000 ) ) ;
#646 = VECTOR ( 'NONE', #4717, 1000.000000000000000 ) ;
#647 = EDGE_LOOP ( 'NONE', ( #4997, #431, #1294, #3629, #1476, #2045 ) ) ;
#648 = CARTESIAN_POINT ( 'NONE',  ( 15.36110507096049282, 23.99999999999999645, -13.99999999999998934 ) ) ;
#649 = LINE ( 'NONE', #2235, #4608 ) ;
#650 = LINE ( 'NONE', #756, #1882 ) ;
#651 = AXIS2_PLACEMENT_3D ( 'NONE', #69, #21, #3662 ) ;
#652 = VECTOR ( 'NONE', #3087, 1000.000000000000000 ) ;
#653 = LINE ( 'NONE', #3801, #1917 ) ;
#654 = APPLICATION_PROTOCOL_DEFINITION ( 'draft international standard', 'automotive_design', 1998, #403 ) ;
#655 = ORIENTED_EDGE ( 'NONE', *, *, #750, .T. ) ;
#656 = FACE_OUTER_BOUND ( 'NONE', #2785, .T. ) ;
#657 = ORIENTED_EDGE ( 'NONE', *, *, #1707, .F. ) ;
#658 = CARTESIAN_POINT ( 'NONE',  ( 19.55062435217081074, 18.49999999999999289, 29.00000000000001066 ) ) ;
#659 = EDGE_LOOP ( 'NONE', ( #60, #1358 ) ) ;
#660 = LINE ( 'NONE', #3327, #2313 ) ;
#661 = VERTEX_POINT ( 'NONE', #4633 ) ;
#662 = DIRECTION ( 'NONE',  ( 0.000000000000000000, 1.000000000000000000, 1.360567432138672328E-16 ) ) ;
#663 = EDGE_CURVE ( 'NONE', #2841, #2591, #2323, .T. ) ;
#664 = ORIENTED_EDGE ( 'NONE', *, *, #4399, .F. ) ;
#665 = CARTESIAN_POINT ( 'NONE',  ( 7.999999999999994671, 25.49999999999999645, 10.43275362445433707 ) ) ;
#666 = VERTEX_POINT ( 'NONE', #807 ) ;
#667 = DIRECTION ( 'NONE',  ( -0.000000000000000000, 1.000000000000000000, -0.000000000000000000 ) ) ;
#668 = FACE_OUTER_BOUND ( 'NONE', #1447, .T. ) ;
#669 = CARTESIAN_POINT ( 'NONE',  ( 5.000000000000000000, 25.50000000000000000, -21.50000000000000000 ) ) ;
#670 = VECTOR ( 'NONE', #2468, 1000.000000000000000 ) ;
#671 = ORIENTED_EDGE ( 'NONE', *, *, #2983, .F. ) ;
#672 = CIRCLE ( 'NONE', #2080, 0.7000000000000009548 ) ;
#673 = LINE ( 'NONE', #3028, #3402 ) ;
#674 = ORIENTED_EDGE ( 'NONE', *, *, #371, .T. ) ;
#675 = DIRECTION ( 'NONE',  ( 0.000000000000000000, -1.000000000000000000, 0.000000000000000000 ) ) ;
#676 = DIRECTION ( 'NONE',  ( 0.000000000000000000, -1.360567432138672328E-16, 1.000000000000000000 ) ) ;
#677 = ORIENTED_EDGE ( 'NONE', *, *, #1973, .T. ) ;
#678 = EDGE_CURVE ( 'NONE', #2980, #3597, #2349, .T. ) ;
#679 = CIRCLE ( 'NONE', #2345, 0.6999999999999975131 ) ;
#680 = DIRECTION ( 'NONE',  ( 0.000000000000000000, 0.000000000000000000, -1.000000000000000000 ) ) ;
#681 = AXIS2_PLACEMENT_3D ( 'NONE', #4553, #4970, #1745 ) ;
#682 = ORIENTED_EDGE ( 'NONE', *, *, #3523, .F. ) ;
#683 = DIRECTION ( 'NONE',  ( 1.000000000000000000, 0.000000000000000000, 0.000000000000000000 ) ) ;
#684 = ADVANCED_FACE ( 'NONE', ( #3584 ), #784, .F. ) ;
#685 = VERTEX_POINT ( 'NONE', #1902 ) ;
#686 = VECTOR ( 'NONE', #3068, 1000.000000000000000 ) ;
#687 = LINE ( 'NONE', #300, #686 ) ;
#688 = ORIENTED_EDGE ( 'NONE', *, *, #1849, .T. ) ;
#689 = CARTESIAN_POINT ( 'NONE',  ( 19.55062435217081074, 16.49999999999999289, -24.09999999999999787 ) ) ;
#690 = ORIENTED_EDGE ( 'NONE', *, *, #2828, .F. ) ;
#691 = DIRECTION ( 'NONE',  ( 0.000000000000000000, 0.000000000000000000, -1.000000000000000000 ) ) ;
#692 = CARTESIAN_POINT ( 'NONE',  ( 26.53238308625157060, -2.717442972866100703, 24.10000000000000497 ) ) ;
#693 = ORIENTED_EDGE ( 'NONE', *, *, #193, .F. ) ;
#694 = CARTESIAN_POINT ( 'NONE',  ( 4.000000000000009770, -14.50000000000000888, -24.09999999999999076 ) ) ;
#695 = VERTEX_POINT ( 'NONE', #5071 ) ;
#696 = CARTESIAN_POINT ( 'NONE',  ( 15.36110507096049638, 23.99999999999998934, 16.00000000000001421 ) ) ;
#697 = DIRECTION ( 'NONE',  ( 1.000000000000000000, -0.000000000000000000, -1.084202172485504434E-16 ) ) ;
#698 = EDGE_LOOP ( 'NONE', ( #2661, #5092, #991, #3524 ) ) ;
#699 = FACE_OUTER_BOUND ( 'NONE', #453, .T. ) ;
#700 = EDGE_LOOP ( 'NONE', ( #4480, #3057, #3799, #3101 ) ) ;
#701 = CARTESIAN_POINT ( 'NONE',  ( 50.00000000000000000, 24.09999999999999787, -24.09999999999999432 ) ) ;
#702 = ADVANCED_FACE ( 'NONE', ( #1928 ), #3886, .F. ) ;
#703 = DIRECTION ( 'NONE',  ( 0.000000000000000000, 0.000000000000000000, -1.000000000000000000 ) ) ;
#704 = CARTESIAN_POINT ( 'NONE',  ( 56.99999999999999289, -27.00000000000000000, -27.00000000000000355 ) ) ;
#705 = CIRCLE ( 'NONE', #3182, 0.6999999999999975131 ) ;
#706 = CARTESIAN_POINT ( 'NONE',  ( 29.34082191108050353, 1.714775476047061042, 24.10000000000000497 ) ) ;
#707 = EDGE_CURVE ( 'NONE', #1467, #3091, #3289, .T. ) ;
#708 = VERTEX_POINT ( 'NONE', #3559 ) ;
#709 = DIRECTION ( 'NONE',  ( 0.000000000000000000, 1.000000000000000000, 1.360567432138672328E-16 ) ) ;
#710 = ORIENTED_EDGE ( 'NONE', *, *, #1996, .T. ) ;
#711 = DIRECTION ( 'NONE',  ( -0.6426122619764711441, -0.7661915431257925180, -1.042455260357026414E-16 ) ) ;
#712 = EDGE_CURVE ( 'NONE', #2938, #119, #2131, .T. ) ;
#713 = EDGE_LOOP ( 'NONE', ( #4562, #3512, #2727, #3591, #1762, #2259, #3937 ) ) ;
#714 = FACE_OUTER_BOUND ( 'NONE', #3029, .T. ) ;
#715 = ORIENTED_EDGE ( 'NONE', *, *, #1540, .T. ) ;
#716 = DIRECTION ( 'NONE',  ( -0.000000000000000000, -1.000000000000000000, -1.245892906839342191E-16 ) ) ;
#717 = ADVANCED_FACE ( 'NONE', ( #2389 ), #420, .F. ) ;
#718 = ORIENTED_EDGE ( 'NONE', *, *, #4106, .F. ) ;
#719 = CARTESIAN_POINT ( 'NONE',  ( 50.00000000000000000, 25.50000000000000000, -25.49999999999999645 ) ) ;
#720 = ORIENTED_EDGE ( 'NONE', *, *, #1039, .T. ) ;
#721 = DIRECTION ( 'NONE',  ( 0.000000000000000000, 0.000000000000000000, -1.000000000000000000 ) ) ;
#722 = DIRECTION ( 'NONE',  ( 1.355252715606880543E-16, 0.000000000000000000, -1.000000000000000000 ) ) ;
#723 = ORIENTED_EDGE ( 'NONE', *, *, #333, .F. ) ;
#724 = DIRECTION ( 'NONE',  ( 0.000000000000000000, 0.000000000000000000, -1.000000000000000000 ) ) ;
#725 = ORIENTED_EDGE ( 'NONE', *, *, #1996, .F. ) ;
#726 = CARTESIAN_POINT ( 'NONE',  ( 15.36110507096049460, 24.09999999999999787, -15.99999999999998934 ) ) ;
#727 = DIRECTION ( 'NONE',  ( 0.000000000000000000, -1.000000000000000000, -1.360567432138672328E-16 ) ) ;
#728 = AXIS2_PLACEMENT_3D ( 'NONE', #1, #3084, #385 ) ;
#729 = AXIS2_PLACEMENT_3D ( 'NONE', #1533, #4296, #3138 ) ;
#730 = DIRECTION ( 'NONE',  ( 0.000000000000000000, -1.360567432138672328E-16, 1.000000000000000000 ) ) ;
#731 = EDGE_CURVE ( 'NONE', #685, #2834, #232, .T. ) ;
#732 = AXIS2_PLACEMENT_3D ( 'NONE', #4484, #4895, #1828 ) ;
#733 = LINE ( 'NONE', #3884, #1331 ) ;
#734 = ORIENTED_EDGE ( 'NONE', *, *, #1708, .F. ) ;
#735 = AXIS2_PLACEMENT_3D ( 'NONE', #986, #4131, #4908 ) ;
#736 = ORIENTED_EDGE ( 'NONE', *, *, #1539, .T. ) ;
#737 = DIRECTION ( 'NONE',  ( 0.000000000000000000, 0.000000000000000000, -1.000000000000000000 ) ) ;
#738 = STYLED_ITEM ( 'NONE', ( #377 ), #2497 ) ;
#739 = VECTOR ( 'NONE', #2113, 1000.000000000000000 ) ;
#740 = EDGE_LOOP ( 'NONE', ( #1101, #3816, #4560, #370 ) ) ;
#741 = LINE ( 'NONE', #1155, #3324 ) ;
#742 = ORIENTED_EDGE ( 'NONE', *, *, #3752, .T. ) ;
#743 = CARTESIAN_POINT ( 'NONE',  ( 44.00000000000001421, 20.49999999999999289, -25.49999999999999645 ) ) ;
#744 = ADVANCED_FACE ( 'NONE', ( #1566 ), #4343, .F. ) ;
#745 = CYLINDRICAL_SURFACE ( 'NONE', #1094, 1.000000000000001776 ) ;
#746 = ORIENTED_EDGE ( 'NONE', *, *, #3455, .F. ) ;
#747 = CARTESIAN_POINT ( 'NONE',  ( 44.00000000000001421, -14.50000000000000888, -25.50000000000000355 ) ) ;
#748 = ORIENTED_EDGE ( 'NONE', *, *, #3842, .F. ) ;
#749 = CARTESIAN_POINT ( 'NONE',  ( 24.99999999999999645, -27.00000000000000355, 12.59999999999999076 ) ) ;
#750 = EDGE_CURVE ( 'NONE', #3044, #5026, #4753, .T. ) ;
#751 = ORIENTED_EDGE ( 'NONE', *, *, #2056, .F. ) ;
#752 = FACE_OUTER_BOUND ( 'NONE', #2547, .T. ) ;
#753 = ORIENTED_EDGE ( 'NONE', *, *, #2408, .F. ) ;
#754 = LINE ( 'NONE', #2342, #137 ) ;
#755 = FACE_BOUND ( 'NONE', #3414, .T. ) ;
#756 = CARTESIAN_POINT ( 'NONE',  ( 30.44937564782917150, 18.49999999999999289, 29.00000000000001066 ) ) ;
#757 = VECTOR ( 'NONE', #1836, 1000.000000000000000 ) ;
#758 = FACE_OUTER_BOUND ( 'NONE', #1110, .T. ) ;
#759 = VERTEX_POINT ( 'NONE', #3511 ) ;
#760 = DIRECTION ( 'NONE',  ( 5.059723754857136875E-32, -1.000000000000000000, -1.360567432138672328E-16 ) ) ;
#761 = AXIS2_PLACEMENT_3D ( 'NONE', #2291, #2653, #1870 ) ;
#762 = ADVANCED_FACE ( 'NONE', ( #3484 ), #1125, .F. ) ;
#763 = AXIS2_PLACEMENT_3D ( 'NONE', #2476, #4814, #65 ) ;
#764 = DIRECTION ( 'NONE',  ( 0.000000000000000000, 1.000000000000000000, 0.000000000000000000 ) ) ;
#765 = ORIENTED_EDGE ( 'NONE', *, *, #279, .F. ) ;
#766 = LINE ( 'NONE', #1956, #41 ) ;
#767 = EDGE_CURVE ( 'NONE', #2470, #3785, #1515, .T. ) ;
#768 = CIRCLE ( 'NONE', #1752, 2.000000000000000000 ) ;
#769 = FACE_OUTER_BOUND ( 'NONE', #1030, .T. ) ;
#770 = ORIENTED_EDGE ( 'NONE', *, *, #3060, .F. ) ;
#771 = FACE_OUTER_BOUND ( 'NONE', #2749, .T. ) ;
#772 = ORIENTED_EDGE ( 'NONE', *, *, #4713, .T. ) ;
#773 = EDGE_CURVE ( 'NONE', #1986, #3753, #4730, .T. ) ;
#774 = DIRECTION ( 'NONE',  ( -1.297097214700455342E-32, -1.000000000000000000, -1.196361017915039486E-16 ) ) ;
#775 = AXIS2_PLACEMENT_3D ( 'NONE', #2046, #3261, #4075 ) ;
#776 = DIRECTION ( 'NONE',  ( 0.000000000000000000, 1.000000000000000000, 1.360567432138672574E-16 ) ) ;
#777 = VERTEX_POINT ( 'NONE', #1195 ) ;
#778 = EDGE_CURVE ( 'NONE', #1230, #3051, #3773, .T. ) ;
#779 = DIRECTION ( 'NONE',  ( 0.000000000000000000, 0.000000000000000000, 1.000000000000000000 ) ) ;
#780 = CARTESIAN_POINT ( 'NONE',  ( 23.00000000000001066, -79.58326913195983821, 22.00000000000003553 ) ) ;
#781 = CARTESIAN_POINT ( 'NONE',  ( 28.87320499733209900, 3.000000000000000888, 24.10000000000000497 ) ) ;
#782 = CARTESIAN_POINT ( 'NONE',  ( 40.00000000000000711, -25.50000000000000000, -17.00000000000000000 ) ) ;
#783 = ORIENTED_EDGE ( 'NONE', *, *, #3740, .F. ) ;
#784 = CYLINDRICAL_SURFACE ( 'NONE', #2051, 2.000000000000000000 ) ;
#785 = AXIS2_PLACEMENT_3D ( 'NONE', #4237, #4595, #4150 ) ;
#786 = DIRECTION ( 'NONE',  ( 0.000000000000000000, 1.000000000000000000, 1.360567432138672328E-16 ) ) ;
#787 = CARTESIAN_POINT ( 'NONE',  ( 24.99999999999999289, 10.00266749681904344, 24.10000000000000497 ) ) ;
#788 = VERTEX_POINT ( 'NONE', #3186 ) ;
#789 = FACE_BOUND ( 'NONE', #624, .T. ) ;
#790 = EDGE_CURVE ( 'NONE', #1355, #314, #5097, .T. ) ;
#791 = CARTESIAN_POINT ( 'NONE',  ( 4.000000000000009770, 20.49999999999999289, 24.10000000000000497 ) ) ;
#792 = EDGE_CURVE ( 'NONE', #5108, #3230, #1716, .T. ) ;
#793 = EDGE_LOOP ( 'NONE', ( #2600, #3783, #2634, #928 ) ) ;
#794 = CARTESIAN_POINT ( 'NONE',  ( 28.00000000000000711, -24.09999999999999787, 22.00000000000000000 ) ) ;
#795 = ORIENTED_EDGE ( 'NONE', *, *, #2823, .T. ) ;
#796 = CARTESIAN_POINT ( 'NONE',  ( 35.92716642060504739, 25.49999999999999289, 12.47017760376591511 ) ) ;
#797 = VECTOR ( 'NONE', #2511, 1000.000000000000000 ) ;
#798 = CARTESIAN_POINT ( 'NONE',  ( 50.00000000000000000, -24.09999999999999787, 24.10000000000000497 ) ) ;
#799 = ORIENTED_EDGE ( 'NONE', *, *, #4327, .T. ) ;
#800 = LINE ( 'NONE', #2361, #3760 ) ;
#801 = LINE ( 'NONE', #3578, #4100 ) ;
#802 = CARTESIAN_POINT ( 'NONE',  ( 13.99999999999999645, -3.112717118565576868, 29.00000000000000711 ) ) ;
#803 = EDGE_CURVE ( 'NONE', #5018, #4251, #2283, .T. ) ;
#804 = DIRECTION ( 'NONE',  ( 0.000000000000000000, 0.000000000000000000, -1.000000000000000000 ) ) ;
#805 = ORIENTED_EDGE ( 'NONE', *, *, #3143, .T. ) ;
#806 = AXIS2_PLACEMENT_3D ( 'NONE', #490, #1682, #2872 ) ;
#807 = CARTESIAN_POINT ( 'NONE',  ( 30.44937564782918216, -12.50000000000000533, -25.50000000000000000 ) ) ;
#808 = AXIS2_PLACEMENT_3D ( 'NONE', #3258, #1657, #2458 ) ;
#809 = EDGE_CURVE ( 'NONE', #4667, #2365, #2226, .T. ) ;
#810 = VECTOR ( 'NONE', #1437, 1000.000000000000000 ) ;
#811 = FACE_BOUND ( 'NONE', #3794, .T. ) ;
#812 = CARTESIAN_POINT ( 'NONE',  ( 34.46761691374840098, -4.397941642518513383, 25.50000000000000000 ) ) ;
#813 = EDGE_LOOP ( 'NONE', ( #2697, #1661, #3238, #3268 ) ) ;
#814 = DIRECTION ( 'NONE',  ( 0.000000000000000000, 0.000000000000000000, -1.000000000000000000 ) ) ;
#815 = CIRCLE ( 'NONE', #1478, 2.000000000000001776 ) ;
#816 = AXIS2_PLACEMENT_3D ( 'NONE', #2450, #2062, #2863 ) ;
#817 = AXIS2_PLACEMENT_3D ( 'NONE', #1455, #3798, #1092 ) ;
#818 = LINE ( 'NONE', #5029, #589 ) ;
#819 = ORIENTED_EDGE ( 'NONE', *, *, #3420, .T. ) ;
#820 = CARTESIAN_POINT ( 'NONE',  ( 54.99999999999999289, -25.50000000000000000, -27.00000000000000355 ) ) ;
#821 = ORIENTED_EDGE ( 'NONE', *, *, #501, .F. ) ;
#822 = LINE ( 'NONE', #796, #2315 ) ;
#823 = ADVANCED_FACE ( 'NONE', ( #3442 ), #1449, .T. ) ;
#824 = DIRECTION ( 'NONE',  ( -1.381462402934222139E-32, 1.000000000000000000, 1.360567432138672328E-16 ) ) ;
#825 = ORIENTED_EDGE ( 'NONE', *, *, #1493, .F. ) ;
#826 = DIRECTION ( 'NONE',  ( -0.000000000000000000, -0.000000000000000000, 1.000000000000000000 ) ) ;
#827 = DIRECTION ( 'NONE',  ( -0.000000000000000000, -0.000000000000000000, 1.000000000000000000 ) ) ;
#828 = CARTESIAN_POINT ( 'NONE',  ( 9.288271491565557980, 23.99999999999999289, -9.962576020688402423 ) ) ;
#829 = DIRECTION ( 'NONE',  ( 0.000000000000000000, 1.000000000000000000, 0.000000000000000000 ) ) ;
#830 = ORIENTED_EDGE ( 'NONE', *, *, #2352, .T. ) ;
#831 = EDGE_CURVE ( 'NONE', #186, #759, #2973, .T. ) ;
#832 = ORIENTED_EDGE ( 'NONE', *, *, #890, .F. ) ;
#833 = CIRCLE ( 'NONE', #2745, 2.000000000000000000 ) ;
#834 = FACE_BOUND ( 'NONE', #1280, .T. ) ;
#835 = CARTESIAN_POINT ( 'NONE',  ( 5.000000000000000000, 24.09999999999999787, -19.99999999999999645 ) ) ;
#836 = CIRCLE ( 'NONE', #4463, 1.000000000000000888 ) ;
#837 = VERTEX_POINT ( 'NONE', #206 ) ;
#838 = CARTESIAN_POINT ( 'NONE',  ( 8.762432110421499942, 23.99999999999999289, 10.40538813112553562 ) ) ;
#839 = EDGE_CURVE ( 'NONE', #3381, #3044, #967, .T. ) ;
#840 = VECTOR ( 'NONE', #4160, 1000.000000000000000 ) ;
#841 = DIRECTION ( 'NONE',  ( -0.000000000000000000, -0.000000000000000000, 1.000000000000000000 ) ) ;
#842 = EDGE_LOOP ( 'NONE', ( #4598, #2966, #2112, #674 ) ) ;
#843 = CARTESIAN_POINT ( 'NONE',  ( 19.55062435217080363, -12.50000000000000533, 29.00000000000000711 ) ) ;
#844 = ORIENTED_EDGE ( 'NONE', *, *, #5090, .T. ) ;
#845 = CARTESIAN_POINT ( 'NONE',  ( 4.000000000000009770, -14.50000000000000888, -25.50000000000000355 ) ) ;
#846 = FACE_OUTER_BOUND ( 'NONE', #4461, .T. ) ;
#847 = EDGE_LOOP ( 'NONE', ( #748, #2692, #4696, #4836 ) ) ;
#848 = DIRECTION ( 'NONE',  ( -1.000000000000000000, 0.000000000000000000, 0.000000000000000000 ) ) ;
#849 = FACE_OUTER_BOUND ( 'NONE', #1255, .T. ) ;
#850 = DIRECTION ( 'NONE',  ( -1.000000000000000000, 1.843912707172215575E-32, -1.355252715606880543E-16 ) ) ;
#851 = CARTESIAN_POINT ( 'NONE',  ( 54.99999999999999289, -25.50000000000000000, -29.00000000000000355 ) ) ;
#852 = ORIENTED_EDGE ( 'NONE', *, *, #2440, .T. ) ;
#853 = EDGE_CURVE ( 'NONE', #3806, #524, #4516, .T. ) ;
#854 = EDGE_CURVE ( 'NONE', #381, #1943, #4510, .T. ) ;
#855 = DIRECTION ( 'NONE',  ( -0.6426122619764711441, -0.7661915431257926290, -9.545926088607149470E-17 ) ) ;
#856 = VERTEX_POINT ( 'NONE', #4537 ) ;
#857 = CARTESIAN_POINT ( 'NONE',  ( 26.53238308625158126, 8.717442972866106032, 24.10000000000000497 ) ) ;
#858 = ADVANCED_FACE ( 'NONE', ( #2586 ), #4588, .F. ) ;
#859 = DIRECTION ( 'NONE',  ( 0.000000000000000000, 0.000000000000000000, -1.000000000000000000 ) ) ;
#860 = EDGE_LOOP ( 'NONE', ( #1124, #466, #1803, #2049, #805, #3657, #4500 ) ) ;
#861 = CARTESIAN_POINT ( 'NONE',  ( 55.00000000000000711, -25.50000000000000355, 28.99999999999999645 ) ) ;
#862 = EDGE_CURVE ( 'NONE', #4271, #2274, #3762, .T. ) ;
#863 = LINE ( 'NONE', #4838, #4878 ) ;
#864 = ORIENTED_EDGE ( 'NONE', *, *, #2570, .T. ) ;
#865 = CARTESIAN_POINT ( 'NONE',  ( 18.01824126591921527, -9.214775476047067926, -24.09999999999999432 ) ) ;
#866 = ORIENTED_EDGE ( 'NONE', *, *, #3934, .F. ) ;
#867 = DIRECTION ( 'NONE',  ( 0.000000000000000000, -1.000000000000000000, -1.360567432138672328E-16 ) ) ;
#868 = DIRECTION ( 'NONE',  ( 0.000000000000000000, -1.360567432138672328E-16, 1.000000000000000000 ) ) ;
#869 = ORIENTED_EDGE ( 'NONE', *, *, #3887, .F. ) ;
#870 = DIRECTION ( 'NONE',  ( -0.7649111981170507724, -8.025241567124348861E-17, 0.6441357457827796562 ) ) ;
#871 = DIRECTION ( 'NONE',  ( 0.000000000000000000, 0.000000000000000000, -1.000000000000000000 ) ) ;
#872 = DIRECTION ( 'NONE',  ( -1.297097214700455342E-32, -1.000000000000000000, -1.196361017915039486E-16 ) ) ;
#873 = CARTESIAN_POINT ( 'NONE',  ( 4.999999999999994671, 23.99999999999998934, 21.50000000000000355 ) ) ;
#874 = ORIENTED_EDGE ( 'NONE', *, *, #2408, .T. ) ;
#875 = FACE_OUTER_BOUND ( 'NONE', #3250, .T. ) ;
#876 = VERTEX_POINT ( 'NONE', #285 ) ;
#877 = ADVANCED_FACE ( 'NONE', ( #2562 ), #3416, .T. ) ;
#878 = CARTESIAN_POINT ( 'NONE',  ( 50.00000000000000000, -24.09999999999999787, 24.10000000000000497 ) ) ;
#879 = CIRCLE ( 'NONE', #226, 1.000000000000000888 ) ;
#880 = DIRECTION ( 'NONE',  ( -0.000000000000000000, -0.000000000000000000, -1.000000000000000000 ) ) ;
#881 = EDGE_LOOP ( 'NONE', ( #1346, #3323, #2054, #3843 ) ) ;
#882 = CARTESIAN_POINT ( 'NONE',  ( 23.71172850843443669, 25.50000000000000000, -4.353213452995776223 ) ) ;
#883 = CIRCLE ( 'NONE', #2877, 2.000000000000000000 ) ;
#884 = VECTOR ( 'NONE', #4157, 1000.000000000000000 ) ;
#885 = CARTESIAN_POINT ( 'NONE',  ( 11.99999999999999645, -3.112717118565575092, 24.10000000000000497 ) ) ;
#886 = ORIENTED_EDGE ( 'NONE', *, *, #678, .F. ) ;
#887 = CARTESIAN_POINT ( 'NONE',  ( 41.99999999999999289, 24.09999999999999787, -8.432753624454297992 ) ) ;
#888 = ORIENTED_EDGE ( 'NONE', *, *, #4371, .T. ) ;
#889 = DIRECTION ( 'NONE',  ( 1.000000000000000000, 2.238352872228138663E-16, 0.000000000000000000 ) ) ;
#890 = EDGE_CURVE ( 'NONE', #1841, #2081, #310, .T. ) ;
#891 = AXIS2_PLACEMENT_3D ( 'NONE', #1770, #4944, #1823 ) ;
#892 = AXIS2_PLACEMENT_3D ( 'NONE', #2606, #4582, #2941 ) ;
#893 = DIRECTION ( 'NONE',  ( -1.000000000000000000, 0.000000000000000000, 0.000000000000000000 ) ) ;
#894 = EDGE_LOOP ( 'NONE', ( #3117, #4817, #312, #2083 ) ) ;
#895 = CARTESIAN_POINT ( 'NONE',  ( 15.36110507096049638, 25.49999999999999289, 14.00000000000001421 ) ) ;
#896 = FACE_OUTER_BOUND ( 'NONE', #1883, .T. ) ;
#897 = ADVANCED_FACE ( 'NONE', ( #668 ), #1887, .T. ) ;
#898 = CARTESIAN_POINT ( 'NONE',  ( 29.99999999999999289, -27.00000000000000355, -12.60000000000000320 ) ) ;
#899 = EDGE_CURVE ( 'NONE', #5078, #492, #1423, .T. ) ;
#900 = DIRECTION ( 'NONE',  ( 1.000000000000000000, 0.000000000000000000, 0.000000000000000000 ) ) ;
#901 = ORIENTED_EDGE ( 'NONE', *, *, #514, .T. ) ;
#902 = DIRECTION ( 'NONE',  ( 0.000000000000000000, -1.000000000000000000, 0.000000000000000000 ) ) ;
#903 = ORIENTED_EDGE ( 'NONE', *, *, #1357, .T. ) ;
#904 = LINE ( 'NONE', #982, #2493 ) ;
#905 = CARTESIAN_POINT ( 'NONE',  ( 19.55062435217080363, -12.50000000000000533, -25.50000000000000000 ) ) ;
#906 = VERTEX_POINT ( 'NONE', #4119 ) ;
#907 = DIRECTION ( 'NONE',  ( -0.000000000000000000, 1.000000000000000000, -0.000000000000000000 ) ) ;
#908 = AXIS2_PLACEMENT_3D ( 'NONE', #4123, #1452, #289 ) ;
#909 = DIRECTION ( 'NONE',  ( -1.677028837704906887E-48, -1.000000000000000000, 0.000000000000000000 ) ) ;
#910 = ORIENTED_EDGE ( 'NONE', *, *, #97, .F. ) ;
#911 = CARTESIAN_POINT ( 'NONE',  ( 51.27161813698369031, -24.43348156252981340, 25.49999999999999645 ) ) ;
#912 = ADVANCED_FACE ( 'NONE', ( #972 ), #4898, .F. ) ;
#913 = EDGE_LOOP ( 'NONE', ( #109, #3814 ) ) ;
#914 = DIRECTION ( 'NONE',  ( 2.316323090289270973E-32, -1.000000000000000000, -1.360567432138672328E-16 ) ) ;
#915 = AXIS2_PLACEMENT_3D ( 'NONE', #2681, #3426, #3112 ) ;
#916 = EDGE_CURVE ( 'NONE', #5026, #3661, #2170, .T. ) ;
#917 = VECTOR ( 'NONE', #2526, 1000.000000000000000 ) ;
#918 = DIRECTION ( 'NONE',  ( -1.094764425253763337E-47, 1.000000000000000000, 1.360567432138672328E-16 ) ) ;
#919 = VERTEX_POINT ( 'NONE', #2612 ) ;
#920 = CARTESIAN_POINT ( 'NONE',  ( 41.99999999999999289, 24.09999999999999787, 10.43275362445433530 ) ) ;
#921 = DIRECTION ( 'NONE',  ( 0.000000000000000000, 1.360567432138672328E-16, -1.000000000000000000 ) ) ;
#922 = CARTESIAN_POINT ( 'NONE',  ( 24.99999999999999289, -4.002667496819048765, 25.50000000000000000 ) ) ;
#923 = VECTOR ( 'NONE', #2710, 1000.000000000000000 ) ;
#924 = DIRECTION ( 'NONE',  ( 0.000000000000000000, 1.360567432138672328E-16, -1.000000000000000000 ) ) ;
#925 = ORIENTED_EDGE ( 'NONE', *, *, #3008, .F. ) ;
#926 = EDGE_CURVE ( 'NONE', #5078, #576, #3292, .T. ) ;
#927 = CARTESIAN_POINT ( 'NONE',  ( 23.00000000000000711, -24.09999999999999787, -24.09999999999999432 ) ) ;
#928 = ORIENTED_EDGE ( 'NONE', *, *, #3774, .T. ) ;
#929 = VECTOR ( 'NONE', #3651, 1000.000000000000000 ) ;
#930 = FACE_OUTER_BOUND ( 'NONE', #3438, .T. ) ;
#931 = DIRECTION ( 'NONE',  ( 0.000000000000000000, 0.000000000000000000, -1.000000000000000000 ) ) ;
#932 = VERTEX_POINT ( 'NONE', #3128 ) ;
#933 = CARTESIAN_POINT ( 'NONE',  ( 6.000000000000013323, -14.50000000000000888, 29.00000000000000355 ) ) ;
#934 = ORIENTED_EDGE ( 'NONE', *, *, #2850, .F. ) ;
#935 = DIRECTION ( 'NONE',  ( 0.000000000000000000, 0.000000000000000000, 1.000000000000000000 ) ) ;
#936 = ORIENTED_EDGE ( 'NONE', *, *, #3918, .T. ) ;
#937 = CIRCLE ( 'NONE', #208, 2.000000000000000000 ) ;
#938 = PLANE ( 'NONE',  #3548 ) ;
#939 = ADVANCED_FACE ( 'NONE', ( #3923 ), #1525, .F. ) ;
#940 = EDGE_CURVE ( 'NONE', #4892, #4006, #2767, .T. ) ;
#941 = AXIS2_PLACEMENT_3D ( 'NONE', #291, #2676, #1454 ) ;
#942 = CARTESIAN_POINT ( 'NONE',  ( 50.00000000000000000, -24.09999999999999787, -24.09999999999999432 ) ) ;
#943 = ORIENTED_EDGE ( 'NONE', *, *, #2565, .T. ) ;
#944 = DIRECTION ( 'NONE',  ( 0.000000000000000000, 0.000000000000000000, -1.000000000000000000 ) ) ;
#945 = PLANE ( 'NONE',  #2047 ) ;
#946 = CARTESIAN_POINT ( 'NONE',  ( 18.01824126591922948, 15.21477547604705016, 29.00000000000001066 ) ) ;
#947 = DIRECTION ( 'NONE',  ( -6.123233995736766036E-17, 1.000000000000000000, 0.000000000000000000 ) ) ;
#948 = ORIENTED_EDGE ( 'NONE', *, *, #2942, .F. ) ;
#949 = LINE ( 'NONE', #4881, #5067 ) ;
#950 = CARTESIAN_POINT ( 'NONE',  ( 19.55062435217080363, -12.50000000000000533, 25.50000000000000000 ) ) ;
#951 = EDGE_CURVE ( 'NONE', #2061, #1355, #1136, .T. ) ;
#952 = CARTESIAN_POINT ( 'NONE',  ( 0.000000000000000000, -25.50000000000000355, 25.49999999999999645 ) ) ;
#953 = CARTESIAN_POINT ( 'NONE',  ( 19.99999999999998224, -27.00000000000000355, -11.90000000000000391 ) ) ;
#954 = AXIS2_PLACEMENT_3D ( 'NONE', #558, #2145, #3281 ) ;
#955 = ORIENTED_EDGE ( 'NONE', *, *, #1154, .T. ) ;
#956 = EDGE_CURVE ( 'NONE', #3495, #27, #382, .T. ) ;
#957 = AXIS2_PLACEMENT_3D ( 'NONE', #1898, #3928, #389 ) ;
#958 = ORIENTED_EDGE ( 'NONE', *, *, #831, .F. ) ;
#959 = CARTESIAN_POINT ( 'NONE',  ( 23.00000000000000711, -25.50000000000000355, -22.00000000000002842 ) ) ;
#960 = EDGE_LOOP ( 'NONE', ( #3355, #1333, #657, #1794 ) ) ;
#961 = FACE_OUTER_BOUND ( 'NONE', #43, .T. ) ;
#962 = CIRCLE ( 'NONE', #396, 2.000000000000001776 ) ;
#963 = ORIENTED_EDGE ( 'NONE', *, *, #3535, .T. ) ;
#964 = VECTOR ( 'NONE', #2899, 1000.000000000000000 ) ;
#965 = LINE ( 'NONE', #3046, #3703 ) ;
#966 = VECTOR ( 'NONE', #4018, 1000.000000000000000 ) ;
#967 = CIRCLE ( 'NONE', #1638, 2.000000000000000000 ) ;
#968 = FACE_OUTER_BOUND ( 'NONE', #3220, .T. ) ;
#969 = EDGE_LOOP ( 'NONE', ( #351, #3468, #4262, #1160 ) ) ;
#970 = CYLINDRICAL_SURFACE ( 'NONE', #4241, 2.000000000000001776 ) ;
#971 = EDGE_CURVE ( 'NONE', #1383, #3604, #4356, .T. ) ;
#972 = FACE_OUTER_BOUND ( 'NONE', #2216, .T. ) ;
#973 = CIRCLE ( 'NONE', #1146, 1.999999999999998224 ) ;
#974 = CIRCLE ( 'NONE', #3871, 2.000000000000000000 ) ;
#975 = CARTESIAN_POINT ( 'NONE',  ( 50.00000000000000000, 24.09999999999999787, 24.10000000000000497 ) ) ;
#976 = DIRECTION ( 'NONE',  ( 0.000000000000000000, 0.000000000000000000, -1.000000000000000000 ) ) ;
#977 = ORIENTED_EDGE ( 'NONE', *, *, #3143, .F. ) ;
#978 = CIRCLE ( 'NONE', #405, 1.000000000000001776 ) ;
#979 = DIRECTION ( 'NONE',  ( 0.000000000000000000, 0.000000000000000000, -1.000000000000000000 ) ) ;
#980 = EDGE_CURVE ( 'NONE', #1505, #2191, #1226, .T. ) ;
#981 = VERTEX_POINT ( 'NONE', #3472 ) ;
#982 = CARTESIAN_POINT ( 'NONE',  ( 19.55062435217080363, -12.50000000000000533, 29.00000000000000711 ) ) ;
#983 = DIRECTION ( 'NONE',  ( -0.000000000000000000, -0.000000000000000000, 1.000000000000000000 ) ) ;
#984 = EDGE_CURVE ( 'NONE', #3125, #2712, #3967, .T. ) ;
#985 = VERTEX_POINT ( 'NONE', #5034 ) ;
#986 = CARTESIAN_POINT ( 'NONE',  ( 45.00000000000000000, 24.09999999999999787, -19.99999999999998579 ) ) ;
#987 = ORIENTED_EDGE ( 'NONE', *, *, #1303, .F. ) ;
#988 = DIRECTION ( 'NONE',  ( -6.123233995736766036E-17, 1.000000000000000000, 0.000000000000000000 ) ) ;
#989 = EDGE_CURVE ( 'NONE', #2479, #4943, #338, .T. ) ;
#990 = EDGE_CURVE ( 'NONE', #76, #191, #2554, .T. ) ;
#991 = ORIENTED_EDGE ( 'NONE', *, *, #3408, .F. ) ;
#992 = DIRECTION ( 'NONE',  ( 7.325598456071612387E-33, -1.196361017915039486E-16, 1.000000000000000000 ) ) ;
#993 = ORIENTED_EDGE ( 'NONE', *, *, #3726, .F. ) ;
#994 = CARTESIAN_POINT ( 'NONE',  ( 19.99999999999998224, -25.50000000000000355, -11.90000000000000391 ) ) ;
#995 = AXIS2_PLACEMENT_3D ( 'NONE', #878, #4420, #4373 ) ;
#996 = DIRECTION ( 'NONE',  ( 1.297097214700455342E-32, 1.000000000000000000, 1.196361017915039486E-16 ) ) ;
#997 = VERTEX_POINT ( 'NONE', #1550 ) ;
#998 = AXIS2_PLACEMENT_3D ( 'NONE', #2072, #1562, #2775 ) ;
#999 = CARTESIAN_POINT ( 'NONE',  ( -5.000000000000004441, -27.00000000000000000, -26.99999999999999645 ) ) ;
#1000 = CARTESIAN_POINT ( 'NONE',  ( 8.762432110421492837, 23.99999999999999289, -10.40538813112551253 ) ) ;
#1001 = FACE_OUTER_BOUND ( 'NONE', #2557, .T. ) ;
#1002 = AXIS2_PLACEMENT_3D ( 'NONE', #4995, #3040, #1440 ) ;
#1003 = EDGE_LOOP ( 'NONE', ( #2153, #2311 ) ) ;
#1004 = CARTESIAN_POINT ( 'NONE',  ( 24.99999999999999289, 23.99999999999998934, 5.883035849229909964 ) ) ;
#1005 = FACE_OUTER_BOUND ( 'NONE', #3659, .T. ) ;
#1006 = DIRECTION ( 'NONE',  ( -1.297097214700455342E-32, -1.000000000000000000, -1.196361017915039486E-16 ) ) ;
#1007 = DIRECTION ( 'NONE',  ( 0.000000000000000000, 0.000000000000000000, -1.000000000000000000 ) ) ;
#1008 = CIRCLE ( 'NONE', #2506, 2.000000000000001776 ) ;
#1009 = EDGE_CURVE ( 'NONE', #1103, #1663, #3546, .T. ) ;
#1010 = EDGE_CURVE ( 'NONE', #1845, #2854, #4520, .T. ) ;
#1011 = CARTESIAN_POINT ( 'NONE',  ( 34.63889492903948764, 24.09999999999999787, 14.00000000000001421 ) ) ;
#1012 = ORIENTED_EDGE ( 'NONE', *, *, #4052, .F. ) ;
#1013 = DIRECTION ( 'NONE',  ( 1.000000000000000000, 0.000000000000000000, 0.000000000000000000 ) ) ;
#1014 = EDGE_LOOP ( 'NONE', ( #4152, #3446, #4584, #2564 ) ) ;
#1015 = DIRECTION ( 'NONE',  ( -0.000000000000000000, -0.000000000000000000, 1.000000000000000000 ) ) ;
#1016 = ORIENTED_EDGE ( 'NONE', *, *, #2607, .T. ) ;
#1017 = DIRECTION ( 'NONE',  ( -1.000000000000000000, 0.000000000000000000, 0.000000000000000000 ) ) ;
#1018 = VERTEX_POINT ( 'NONE', #1112 ) ;
#1019 = FACE_OUTER_BOUND ( 'NONE', #740, .T. ) ;
#1020 = EDGE_CURVE ( 'NONE', #4200, #2689, #435, .T. ) ;
#1021 = ORIENTED_EDGE ( 'NONE', *, *, #1570, .T. ) ;
#1022 = LINE ( 'NONE', #3789, #1060 ) ;
#1023 = VERTEX_POINT ( 'NONE', #749 ) ;
#1024 = LINE ( 'NONE', #4118, #3450 ) ;
#1025 = DIRECTION ( 'NONE',  ( 0.7649111981170507724, 0.000000000000000000, 0.6441357457827798783 ) ) ;
#1026 = CARTESIAN_POINT ( 'NONE',  ( 11.28366591921667883, -9.463719803213981763, 29.00000000000000711 ) ) ;
#1027 = ADVANCED_FACE ( 'NONE', ( #5109, #4289, #2696, #24, #3152, #1602, #3175 ), #2335, .F. ) ;
#1028 = CIRCLE ( 'NONE', #4154, 2.000000000000001776 ) ;
#1029 = PRODUCT_DEFINITION_CONTEXT ( 'detailed design', #403, 'design' ) ;
#1030 = EDGE_LOOP ( 'NONE', ( #1486, #4149, #3966, #4163 ) ) ;
#1031 = LINE ( 'NONE', #1783, #3800 ) ;
#1032 = VERTEX_POINT ( 'NONE', #1163 ) ;
#1033 = DIRECTION ( 'NONE',  ( -0.000000000000000000, -0.000000000000000000, -1.000000000000000000 ) ) ;
#1034 = DIRECTION ( 'NONE',  ( 0.000000000000000000, 0.000000000000000000, 1.000000000000000000 ) ) ;
#1035 = CARTESIAN_POINT ( 'NONE',  ( 5.999999999999996447, 24.09999999999999787, -8.432753624454301544 ) ) ;
#1036 = DIRECTION ( 'NONE',  ( -0.000000000000000000, -0.000000000000000000, 1.000000000000000000 ) ) ;
#1037 = ORIENTED_EDGE ( 'NONE', *, *, #4178, .T. ) ;
#1038 = CARTESIAN_POINT ( 'NONE',  ( 17.55062435217081429, 16.49999999999999289, -25.49999999999999645 ) ) ;
#1039 = EDGE_CURVE ( 'NONE', #144, #4841, #1149, .T. ) ;
#1040 = EDGE_LOOP ( 'NONE', ( #4221, #162 ) ) ;
#1041 = AXIS2_PLACEMENT_3D ( 'NONE', #895, #1286, #3690 ) ;
#1042 = FACE_BOUND ( 'NONE', #2068, .T. ) ;
#1043 = EDGE_LOOP ( 'NONE', ( #1441, #682, #2241, #1098 ) ) ;
#1044 = CARTESIAN_POINT ( 'NONE',  ( 38.00000000000000000, 1.168276782690724786E-14, 29.00000000000000711 ) ) ;
#1045 = ORIENTED_EDGE ( 'NONE', *, *, #3836, .T. ) ;
#1046 = FACE_OUTER_BOUND ( 'NONE', #813, .T. ) ;
#1047 = AXIS2_PLACEMENT_3D ( 'NONE', #4960, #3770, #1007 ) ;
#1048 = AXIS2_PLACEMENT_3D ( 'NONE', #4852, #1658, #1629 ) ;
#1049 = ORIENTED_EDGE ( 'NONE', *, *, #193, .T. ) ;
#1050 = CARTESIAN_POINT ( 'NONE',  ( 44.00000000000001421, -14.50000000000000888, 29.00000000000000355 ) ) ;
#1051 = ORIENTED_EDGE ( 'NONE', *, *, #940, .F. ) ;
#1052 = EDGE_CURVE ( 'NONE', #4768, #3501, #974, .T. ) ;
#1053 = LINE ( 'NONE', #4203, #4752 ) ;
#1054 = DIRECTION ( 'NONE',  ( 5.059723754857136875E-32, -1.000000000000000000, -1.360567432138672328E-16 ) ) ;
#1055 = CARTESIAN_POINT ( 'NONE',  ( 19.55062435217080363, -10.50000000000000533, -25.50000000000000000 ) ) ;
#1056 = AXIS2_PLACEMENT_3D ( 'NONE', #4849, #1318, #871 ) ;
#1057 = VECTOR ( 'NONE', #1872, 1000.000000000000000 ) ;
#1058 = ORIENTED_EDGE ( 'NONE', *, *, #4126, .T. ) ;
#1059 = LINE ( 'NONE', #2648, #2903 ) ;
#1060 = VECTOR ( 'NONE', #5001, 1000.000000000000000 ) ;
#1061 = EDGE_LOOP ( 'NONE', ( #4109, #4887, #1335, #4797 ) ) ;
#1062 = EDGE_CURVE ( 'NONE', #1416, #1767, #822, .T. ) ;
#1063 = LINE ( 'NONE', #3768, #5073 ) ;
#1064 = ADVANCED_FACE ( 'NONE', ( #4408 ), #2892, .F. ) ;
#1065 = LINE ( 'NONE', #4543, #1314 ) ;
#1066 = ORIENTED_EDGE ( 'NONE', *, *, #414, .F. ) ;
#1067 = CIRCLE ( 'NONE', #1483, 2.000000000000000000 ) ;
#1068 = AXIS2_PLACEMENT_3D ( 'NONE', #4626, #620, #2677 ) ;
#1069 = DIRECTION ( 'NONE',  ( -0.6441357457827796562, 1.040713264636231050E-16, -0.7649111981170508834 ) ) ;
#1070 = EDGE_LOOP ( 'NONE', ( #3931, #3891, #3633, #4974 ) ) ;
#1071 = LINE ( 'NONE', #1381, #4930 ) ;
#1072 = EDGE_LOOP ( 'NONE', ( #4206, #1871, #4549, #159 ) ) ;
#1073 = CARTESIAN_POINT ( 'NONE',  ( 11.99999999999999645, -25.50000000000000355, 25.49999999999999645 ) ) ;
#1074 = VERTEX_POINT ( 'NONE', #845 ) ;
#1075 = DIRECTION ( 'NONE',  ( 0.000000000000000000, 0.000000000000000000, 1.000000000000000000 ) ) ;
#1076 = ORIENTED_EDGE ( 'NONE', *, *, #2684, .F. ) ;
#1077 = CARTESIAN_POINT ( 'NONE',  ( 41.99999999999999289, 25.49999999999999645, -8.432753624454297992 ) ) ;
#1078 = EDGE_CURVE ( 'NONE', #1537, #2694, #73, .T. ) ;
#1079 = FACE_OUTER_BOUND ( 'NONE', #4436, .T. ) ;
#1080 = ORIENTED_EDGE ( 'NONE', *, *, #2520, .F. ) ;
#1081 = CARTESIAN_POINT ( 'NONE',  ( 23.00000000000000711, -25.50000000000000355, 22.00000000000003553 ) ) ;
#1082 = ORIENTED_EDGE ( 'NONE', *, *, #4576, .F. ) ;
#1083 = PLANE ( 'NONE',  #33 ) ;
#1084 = DIRECTION ( 'NONE',  ( -1.000000000000000000, 0.000000000000000000, 0.000000000000000000 ) ) ;
#1085 = VECTOR ( 'NONE', #1324, 1000.000000000000000 ) ;
#1086 = EDGE_CURVE ( 'NONE', #2332, #837, #1622, .T. ) ;
#1087 = VERTEX_POINT ( 'NONE', #122 ) ;
#1088 = AXIS2_PLACEMENT_3D ( 'NONE', #1147, #4215, #4630 ) ;
#1089 = CARTESIAN_POINT ( 'NONE',  ( 34.46761691374841519, -4.397941642518523153, -25.50000000000000000 ) ) ;
#1090 = VERTEX_POINT ( 'NONE', #529 ) ;
#1091 = DIRECTION ( 'NONE',  ( 1.000000000000000000, -0.000000000000000000, -1.084202172485504434E-16 ) ) ;
#1092 = DIRECTION ( 'NONE',  ( 0.000000000000000000, -1.000000000000000000, 0.000000000000000000 ) ) ;
#1093 = DIRECTION ( 'NONE',  ( 0.000000000000000000, 0.000000000000000000, 1.000000000000000000 ) ) ;
#1094 = AXIS2_PLACEMENT_3D ( 'NONE', #4306, #4350, #4252 ) ;
#1095 = EDGE_CURVE ( 'NONE', #4001, #2685, #2428, .T. ) ;
#1096 = DIRECTION ( 'NONE',  ( 0.000000000000000000, 0.000000000000000000, -1.000000000000000000 ) ) ;
#1097 = VECTOR ( 'NONE', #4832, 1000.000000000000000 ) ;
#1098 = ORIENTED_EDGE ( 'NONE', *, *, #629, .T. ) ;
#1099 = LINE ( 'NONE', #2599, #1057 ) ;
#1100 = EDGE_CURVE ( 'NONE', #522, #509, #3380, .T. ) ;
#1101 = ORIENTED_EDGE ( 'NONE', *, *, #2990, .F. ) ;
#1102 = CARTESIAN_POINT ( 'NONE',  ( 36.00000000000000000, 9.112717118565569763, 29.00000000000000711 ) ) ;
#1103 = VERTEX_POINT ( 'NONE', #3305 ) ;
#1104 = LINE ( 'NONE', #2688, #4489 ) ;
#1105 = ORIENTED_EDGE ( 'NONE', *, *, #4540, .T. ) ;
#1106 = VECTOR ( 'NONE', #1685, 999.9999999999998863 ) ;
#1107 = DIRECTION ( 'NONE',  ( -1.297097214700455342E-32, -1.000000000000000000, -1.196361017915039486E-16 ) ) ;
#1108 = EDGE_LOOP ( 'NONE', ( #1141, #3332, #3977, #2574 ) ) ;
#1109 = DIRECTION ( 'NONE',  ( 1.000000000000000000, -1.734723475976805517E-15, 0.000000000000000000 ) ) ;
#1110 = EDGE_LOOP ( 'NONE', ( #2909, #365, #82, #4370 ) ) ;
#1111 = DIRECTION ( 'NONE',  ( 0.000000000000000000, 0.000000000000000000, 1.000000000000000000 ) ) ;
#1112 = CARTESIAN_POINT ( 'NONE',  ( 30.69783357939493484, 25.49999999999999645, 1.529822396234118642 ) ) ;
#1113 = EDGE_CURVE ( 'NONE', #2950, #3920, #4087, .T. ) ;
#1114 = ADVANCED_FACE ( 'NONE', ( #505 ), #3664, .T. ) ;
#1115 = ORIENTED_EDGE ( 'NONE', *, *, #4971, .F. ) ;
#1116 = DIRECTION ( 'NONE',  ( 0.000000000000000000, 1.000000000000000000, 0.000000000000000000 ) ) ;
#1117 = EDGE_LOOP ( 'NONE', ( #2801, #3875, #4652, #5058 ) ) ;
#1118 = DIRECTION ( 'NONE',  ( 0.6426122619764711441, 0.7661915431257925180, 0.000000000000000000 ) ) ;
#1119 = CARTESIAN_POINT ( 'NONE',  ( 40.71172850843443314, 24.09999999999999787, 9.962576020688430845 ) ) ;
#1120 = CARTESIAN_POINT ( 'NONE',  ( 23.00000000000000711, -24.09999999999999787, -22.50000000000000000 ) ) ;
#1121 = CIRCLE ( 'NONE', #1196, 2.000000000000000000 ) ;
#1122 = LINE ( 'NONE', #1900, #4714 ) ;
#1123 = ORIENTED_EDGE ( 'NONE', *, *, #2791, .F. ) ;
#1124 = ORIENTED_EDGE ( 'NONE', *, *, #4244, .F. ) ;
#1125 = PLANE ( 'NONE',  #322 ) ;
#1126 = ORIENTED_EDGE ( 'NONE', *, *, #2491, .T. ) ;
#1127 = DIRECTION ( 'NONE',  ( 0.000000000000000000, 0.000000000000000000, -1.000000000000000000 ) ) ;
#1128 = ORIENTED_EDGE ( 'NONE', *, *, #2074, .T. ) ;
#1129 = DIRECTION ( 'NONE',  ( -0.000000000000000000, 1.000000000000000000, -0.000000000000000000 ) ) ;
#1130 = CARTESIAN_POINT ( 'NONE',  ( 20.65917808891946805, 4.285224523952948061, 24.10000000000000497 ) ) ;
#1131 = ADVANCED_BREP_SHAPE_REPRESENTATION ( 'frame', ( #2497, #4212, #4382 ), #4885 ) ;
#1132 = ORIENTED_EDGE ( 'NONE', *, *, #4660, .T. ) ;
#1133 = PLANE ( 'NONE',  #2799 ) ;
#1134 = ORIENTED_EDGE ( 'NONE', *, *, #4713, .F. ) ;
#1135 = VECTOR ( 'NONE', #3883, 1000.000000000000000 ) ;
#1136 = LINE ( 'NONE', #361, #1153 ) ;
#1137 = AXIS2_PLACEMENT_3D ( 'NONE', #2563, #2924, #4899 ) ;
#1138 = ORIENTED_EDGE ( 'NONE', *, *, #2705, .F. ) ;
#1139 = EDGE_CURVE ( 'NONE', #1416, #1781, #4458, .T. ) ;
#1140 = FACE_OUTER_BOUND ( 'NONE', #3016, .T. ) ;
#1141 = ORIENTED_EDGE ( 'NONE', *, *, #4964, .F. ) ;
#1142 = CYLINDRICAL_SURFACE ( 'NONE', #627, 2.000000000000000000 ) ;
#1143 = LINE ( 'NONE', #1557, #1568 ) ;
#1144 = AXIS2_PLACEMENT_3D ( 'NONE', #4923, #231, #1397 ) ;
#1145 = DIRECTION ( 'NONE',  ( 0.000000000000000000, -1.000000000000000000, -1.360567432138672328E-16 ) ) ;
#1146 = AXIS2_PLACEMENT_3D ( 'NONE', #4919, #608, #1446 ) ;
#1147 = CARTESIAN_POINT ( 'NONE',  ( 45.00000000000001421, 20.49999999999999289, -25.49999999999999645 ) ) ;
#1148 = VERTEX_POINT ( 'NONE', #3687 ) ;
#1149 = CIRCLE ( 'NONE', #4190, 1.000000000000000888 ) ;
#1150 = ADVANCED_FACE ( 'NONE', ( #1676 ), #4868, .F. ) ;
#1151 = CARTESIAN_POINT ( 'NONE',  ( 4.999999999999994671, 25.49999999999999289, 20.00000000000000355 ) ) ;
#1152 = VECTOR ( 'NONE', #2992, 1000.000000000000114 ) ;
#1153 = VECTOR ( 'NONE', #1987, 1000.000000000000000 ) ;
#1154 = EDGE_CURVE ( 'NONE', #4293, #1505, #3253, .T. ) ;
#1155 = CARTESIAN_POINT ( 'NONE',  ( 0.000000000000000000, -24.09999999999999787, -24.09999999999999432 ) ) ;
#1156 = EDGE_LOOP ( 'NONE', ( #901, #4223 ) ) ;
#1157 =( NAMED_UNIT ( * ) PLANE_ANGLE_UNIT ( ) SI_UNIT ( $, .RADIAN. ) );
#1158 = EDGE_CURVE ( 'NONE', #4404, #1781, #46, .T. ) ;
#1159 = CARTESIAN_POINT ( 'NONE',  ( 23.00000000000001066, -79.58326913195983821, -22.50000000000000000 ) ) ;
#1160 = ORIENTED_EDGE ( 'NONE', *, *, #395, .T. ) ;
#1161 = CARTESIAN_POINT ( 'NONE',  ( 5.000000000000000000, 24.09999999999999787, -18.49999999999999645 ) ) ;
#1162 = ORIENTED_EDGE ( 'NONE', *, *, #1113, .F. ) ;
#1163 = CARTESIAN_POINT ( 'NONE',  ( 46.00000000000001421, 20.49999999999999289, 25.50000000000000355 ) ) ;
#1164 = CARTESIAN_POINT ( 'NONE',  ( 20.00000000000000000, -17.00000000000000000, 11.89999999999999858 ) ) ;
#1165 = ORIENTED_EDGE ( 'NONE', *, *, #2502, .T. ) ;
#1166 = LINE ( 'NONE', #438, #3277 ) ;
#1167 = CARTESIAN_POINT ( 'NONE',  ( 10.00000000000000178, -24.09999999999999787, -24.09999999999999432 ) ) ;
#1168 = LINE ( 'NONE', #2752, #4683 ) ;
#1169 = VECTOR ( 'NONE', #3363, 1000.000000000000000 ) ;
#1170 = DIRECTION ( 'NONE',  ( -1.232595164407830672E-32, -1.245892906839341945E-16, 1.000000000000000000 ) ) ;
#1171 = VERTEX_POINT ( 'NONE', #1233 ) ;
#1172 = DIRECTION ( 'NONE',  ( 1.000000000000000000, -1.677028837704906887E-48, 0.000000000000000000 ) ) ;
#1173 = VECTOR ( 'NONE', #3508, 1000.000000000000000 ) ;
#1174 = ADVANCED_FACE ( 'NONE', ( #4818 ), #2918, .F. ) ;
#1175 = ADVANCED_FACE ( 'NONE', ( #3991 ), #938, .T. ) ;
#1176 = AXIS2_PLACEMENT_3D ( 'NONE', #4328, #2331, #357 ) ;
#1177 = DIRECTION ( 'NONE',  ( 0.000000000000000000, -1.360567432138672328E-16, 1.000000000000000000 ) ) ;
#1178 = ORIENTED_EDGE ( 'NONE', *, *, #1113, .T. ) ;
#1179 = CARTESIAN_POINT ( 'NONE',  ( 45.00000000000000000, 25.50000000000000000, -19.99999999999998579 ) ) ;
#1180 = AXIS2_PLACEMENT_3D ( 'NONE', #2833, #87, #3632 ) ;
#1181 = PLANE ( 'NONE',  #3410 ) ;
#1182 = ORIENTED_EDGE ( 'NONE', *, *, #1570, .F. ) ;
#1183 = CYLINDRICAL_SURFACE ( 'NONE', #4189, 1.000000000000000888 ) ;
#1184 = ORIENTED_EDGE ( 'NONE', *, *, #2063, .T. ) ;
#1185 = DIRECTION ( 'NONE',  ( -0.000000000000000000, -1.360567432138672328E-16, 1.000000000000000000 ) ) ;
#1186 = ADVANCED_FACE ( 'NONE', ( #2530 ), #4792, .F. ) ;
#1187 = VECTOR ( 'NONE', #1448, 1000.000000000000000 ) ;
#1188 = DIRECTION ( 'NONE',  ( -0.000000000000000000, -0.000000000000000000, 1.000000000000000000 ) ) ;
#1189 = ORIENTED_EDGE ( 'NONE', *, *, #2860, .T. ) ;
#1190 = CYLINDRICAL_SURFACE ( 'NONE', #2030, 2.000000000000001776 ) ;
#1191 = LINE ( 'NONE', #1167, #2544 ) ;
#1192 = FACE_OUTER_BOUND ( 'NONE', #1349, .T. ) ;
#1193 = CYLINDRICAL_SURFACE ( 'NONE', #4873, 1.500000000000001332 ) ;
#1194 = ORIENTED_EDGE ( 'NONE', *, *, #971, .F. ) ;
#1195 = CARTESIAN_POINT ( 'NONE',  ( 17.55062435217080008, -10.50000000000000533, -25.50000000000000000 ) ) ;
#1196 = AXIS2_PLACEMENT_3D ( 'NONE', #4279, #1129, #4712 ) ;
#1197 = CARTESIAN_POINT ( 'NONE',  ( 30.44937564782917150, 18.49999999999998934, 24.10000000000000497 ) ) ;
#1198 = CARTESIAN_POINT ( 'NONE',  ( 11.99999999999999645, -3.112717118565576868, -25.50000000000000000 ) ) ;
#1199 = ORIENTED_EDGE ( 'NONE', *, *, #4471, .T. ) ;
#1200 = FACE_OUTER_BOUND ( 'NONE', #1955, .T. ) ;
#1201 = ADVANCED_FACE ( 'NONE', ( #2481 ), #2089, .F. ) ;
#1202 = CARTESIAN_POINT ( 'NONE',  ( 20.65917808891947516, 4.285224523952948061, 25.50000000000000000 ) ) ;
#1203 = ORIENTED_EDGE ( 'NONE', *, *, #4213, .F. ) ;
#1204 = CYLINDRICAL_SURFACE ( 'NONE', #651, 1.500000000000001332 ) ;
#1205 = VERTEX_POINT ( 'NONE', #553 ) ;
#1206 = CARTESIAN_POINT ( 'NONE',  ( 5.000000000000011546, 20.49999999999999289, 25.50000000000000355 ) ) ;
#1207 = EDGE_CURVE ( 'NONE', #2132, #3119, #978, .T. ) ;
#1208 = CIRCLE ( 'NONE', #4171, 2.000000000000000000 ) ;
#1209 = PLANE ( 'NONE',  #5096 ) ;
#1210 = ORIENTED_EDGE ( 'NONE', *, *, #1207, .F. ) ;
#1211 = DIRECTION ( 'NONE',  ( 1.000000000000000000, 0.000000000000000000, 0.000000000000000000 ) ) ;
#1212 = CARTESIAN_POINT ( 'NONE',  ( 38.00000000000000000, 9.112717118565569763, -25.50000000000000000 ) ) ;
#1213 = DIRECTION ( 'NONE',  ( 0.000000000000000000, 1.000000000000000000, 0.000000000000000000 ) ) ;
#1214 = CIRCLE ( 'NONE', #2867, 0.9999999999999974465 ) ;
#1215 = LINE ( 'NONE', #3954, #1744 ) ;
#1216 = VERTEX_POINT ( 'NONE', #4946 ) ;
#1217 = ADVANCED_FACE ( 'NONE', ( #2967 ), #2994, .F. ) ;
#1218 = DIRECTION ( 'NONE',  ( 1.000000000000000000, 0.000000000000000000, 0.000000000000000000 ) ) ;
#1219 = AXIS2_PLACEMENT_3D ( 'NONE', #3622, #153, #2846 ) ;
#1220 = VECTOR ( 'NONE', #1367, 1000.000000000000000 ) ;
#1221 = CARTESIAN_POINT ( 'NONE',  ( 45.00000000000001421, 20.49999999999999289, 29.00000000000001066 ) ) ;
#1222 = DIRECTION ( 'NONE',  ( 0.000000000000000000, -1.000000000000000000, 0.000000000000000000 ) ) ;
#1223 = EDGE_LOOP ( 'NONE', ( #2675, #240, #4243, #655 ) ) ;
#1224 = LINE ( 'NONE', #16, #3992 ) ;
#1225 = CIRCLE ( 'NONE', #4357, 4.999999999999997335 ) ;
#1226 = CIRCLE ( 'NONE', #4104, 2.000000000000000000 ) ;
#1227 = ORIENTED_EDGE ( 'NONE', *, *, #750, .F. ) ;
#1228 = VECTOR ( 'NONE', #3811, 1000.000000000000000 ) ;
#1229 = PLANE ( 'NONE',  #3812 ) ;
#1230 = VERTEX_POINT ( 'NONE', #2580 ) ;
#1231 = CARTESIAN_POINT ( 'NONE',  ( 30.44937564782917150, 16.49999999999999289, 24.10000000000000497 ) ) ;
#1232 = ORIENTED_EDGE ( 'NONE', *, *, #3933, .T. ) ;
#1233 = CARTESIAN_POINT ( 'NONE',  ( 19.99999999999998224, -25.50000000000000355, -12.60000000000000142 ) ) ;
#1234 = ADVANCED_FACE ( 'NONE', ( #2163 ), #4893, .F. ) ;
#1235 = EDGE_CURVE ( 'NONE', #2137, #455, #2473, .T. ) ;
#1236 = CARTESIAN_POINT ( 'NONE',  ( 30.00000000000000355, -27.00000000000000355, 11.89999999999999858 ) ) ;
#1237 = ORIENTED_EDGE ( 'NONE', *, *, #372, .T. ) ;
#1238 = PLANE ( 'NONE',  #3115 ) ;
#1239 = DIRECTION ( 'NONE',  ( 0.000000000000000000, 1.000000000000000000, 0.000000000000000000 ) ) ;
#1240 = CARTESIAN_POINT ( 'NONE',  ( 31.98175873408075987, 15.21477547604705016, 29.00000000000000711 ) ) ;
#1241 = ADVANCED_FACE ( 'NONE', ( #1046 ), #3352, .T. ) ;
#1242 = PLANE ( 'NONE',  #4218 ) ;
#1243 = ORIENTED_EDGE ( 'NONE', *, *, #3257, .T. ) ;
#1244 = DIRECTION ( 'NONE',  ( -0.000000000000000000, -1.000000000000000000, -1.360567432138672328E-16 ) ) ;
#1245 = ORIENTED_EDGE ( 'NONE', *, *, #3752, .F. ) ;
#1246 = EDGE_CURVE ( 'NONE', #1171, #981, #3135, .T. ) ;
#1247 = AXIS2_PLACEMENT_3D ( 'NONE', #11, #4860, #3317 ) ;
#1248 = DIRECTION ( 'NONE',  ( -0.000000000000000000, -1.000000000000000000, -1.360567432138672328E-16 ) ) ;
#1249 = DIRECTION ( 'NONE',  ( 1.000000000000000000, 0.000000000000000000, 0.000000000000000000 ) ) ;
#1250 = ORIENTED_EDGE ( 'NONE', *, *, #971, .T. ) ;
#1251 = CARTESIAN_POINT ( 'NONE',  ( 18.06880811865748271, 15.15448422855144095, 29.00000000000001066 ) ) ;
#1252 = ORIENTED_EDGE ( 'NONE', *, *, #4067, .T. ) ;
#1253 = VECTOR ( 'NONE', #2244, 1000.000000000000000 ) ;
#1254 = FACE_BOUND ( 'NONE', #3509, .T. ) ;
#1255 = EDGE_LOOP ( 'NONE', ( #832, #1808, #3070, #2144 ) ) ;
#1256 = DIRECTION ( 'NONE',  ( -1.000000000000000000, -0.000000000000000000, -0.000000000000000000 ) ) ;
#1257 = ORIENTED_EDGE ( 'NONE', *, *, #51, .F. ) ;
#1258 = AXIS2_PLACEMENT_3D ( 'NONE', #5024, #1875, #375 ) ;
#1259 = DIRECTION ( 'NONE',  ( -0.000000000000000000, -0.000000000000000000, -1.000000000000000000 ) ) ;
#1260 = DIRECTION ( 'NONE',  ( -1.297097214700455342E-32, -1.000000000000000000, -1.196361017915039486E-16 ) ) ;
#1261 = ORIENTED_EDGE ( 'NONE', *, *, #1869, .T. ) ;
#1262 = CARTESIAN_POINT ( 'NONE',  ( 45.00000000000001421, -14.50000000000000888, 24.10000000000000497 ) ) ;
#1263 = EDGE_CURVE ( 'NONE', #3083, #3767, #965, .T. ) ;
#1264 = CARTESIAN_POINT ( 'NONE',  ( 30.69783357939493129, 24.09999999999999787, -1.529822396234087334 ) ) ;
#1265 = DIRECTION ( 'NONE',  ( -0.000000000000000000, -1.000000000000000000, -1.245892906839342191E-16 ) ) ;
#1266 = FACE_OUTER_BOUND ( 'NONE', #301, .T. ) ;
#1267 = EDGE_LOOP ( 'NONE', ( #2347, #4485 ) ) ;
#1268 = DIRECTION ( 'NONE',  ( 0.000000000000000000, 0.000000000000000000, -1.000000000000000000 ) ) ;
#1269 = CIRCLE ( 'NONE', #4323, 1.000000000000000888 ) ;
#1270 = ADVANCED_FACE ( 'NONE', ( #1019 ), #3709, .F. ) ;
#1271 = VERTEX_POINT ( 'NONE', #1749 ) ;
#1272 = DIRECTION ( 'NONE',  ( 0.000000000000000000, 1.000000000000000000, 1.360567432138672328E-16 ) ) ;
#1273 = CARTESIAN_POINT ( 'NONE',  ( 30.44937564782917150, 18.49999999999999289, 25.50000000000000355 ) ) ;
#1274 = ADVANCED_FACE ( 'NONE', ( #2636 ), #4165, .F. ) ;
#1275 = EDGE_LOOP ( 'NONE', ( #2210, #2864, #3477, #2413 ) ) ;
#1276 = FACE_BOUND ( 'NONE', #358, .T. ) ;
#1277 = CIRCLE ( 'NONE', #1361, 0.7000000000000009548 ) ;
#1278 = DIRECTION ( 'NONE',  ( 0.000000000000000000, 0.000000000000000000, 1.000000000000000000 ) ) ;
#1279 = EDGE_CURVE ( 'NONE', #2191, #1588, #3409, .T. ) ;
#1280 = EDGE_LOOP ( 'NONE', ( #3035, #2793 ) ) ;
#1281 = LINE ( 'NONE', #1309, #4607 ) ;
#1282 = ORIENTED_EDGE ( 'NONE', *, *, #2024, .T. ) ;
#1283 = CARTESIAN_POINT ( 'NONE',  ( 50.00000000000000000, -24.09999999999999787, 17.00000000000000355 ) ) ;
#1284 = DIRECTION ( 'NONE',  ( -1.000000000000000000, 0.000000000000000000, 0.000000000000000000 ) ) ;
#1285 = ORIENTED_EDGE ( 'NONE', *, *, #2928, .F. ) ;
#1286 = DIRECTION ( 'NONE',  ( 0.000000000000000000, -1.000000000000000000, -1.360567432138672328E-16 ) ) ;
#1287 = DIRECTION ( 'NONE',  ( -1.000000000000000000, 0.000000000000000000, 0.000000000000000000 ) ) ;
#1288 = FACE_OUTER_BOUND ( 'NONE', #4258, .T. ) ;
#1289 = VECTOR ( 'NONE', #4230, 1000.000000000000000 ) ;
#1290 = ADVANCED_FACE ( 'NONE', ( #4115 ), #3733, .F. ) ;
#1291 = DIRECTION ( 'NONE',  ( 1.000000000000000000, 0.000000000000000000, -0.000000000000000000 ) ) ;
#1292 = ORIENTED_EDGE ( 'NONE', *, *, #4002, .T. ) ;
#1293 = FACE_OUTER_BOUND ( 'NONE', #894, .T. ) ;
#1294 = ORIENTED_EDGE ( 'NONE', *, *, #2135, .T. ) ;
#1295 = EDGE_CURVE ( 'NONE', #3108, #2891, #4915, .T. ) ;
#1296 = CARTESIAN_POINT ( 'NONE',  ( 45.00000000000000000, 23.99999999999999645, -18.49999999999998579 ) ) ;
#1297 = AXIS2_PLACEMENT_3D ( 'NONE', #1055, #258, #3763 ) ;
#1298 = CARTESIAN_POINT ( 'NONE',  ( 50.00000000000000000, 24.09999999999999787, -15.99999999999998934 ) ) ;
#1299 = VERTEX_POINT ( 'NONE', #2662 ) ;
#1300 = CARTESIAN_POINT ( 'NONE',  ( 41.99999999999999289, 25.49999999999999645, 10.43275362445433530 ) ) ;
#1301 = VECTOR ( 'NONE', #1604, 1000.000000000000114 ) ;
#1302 = CIRCLE ( 'NONE', #3941, 0.7000000000000009548 ) ;
#1303 = EDGE_CURVE ( 'NONE', #144, #4423, #1390, .T. ) ;
#1304 = ORIENTED_EDGE ( 'NONE', *, *, #4479, .T. ) ;
#1305 = DIRECTION ( 'NONE',  ( -2.392722035830078972E-16, 1.196361017915039486E-16, -1.000000000000000000 ) ) ;
#1306 = AXIS2_PLACEMENT_3D ( 'NONE', #4977, #996, #3734 ) ;
#1307 = AXIS2_PLACEMENT_3D ( 'NONE', #3054, #2254, #1025 ) ;
#1308 = ORIENTED_EDGE ( 'NONE', *, *, #3516, .T. ) ;
#1309 = CARTESIAN_POINT ( 'NONE',  ( 50.00000000000000000, 24.09999999999999787, -24.09999999999999432 ) ) ;
#1310 = VERTEX_POINT ( 'NONE', #3786 ) ;
#1311 = DIRECTION ( 'NONE',  ( -0.7649111981170507724, 0.000000000000000000, -0.6441357457827798783 ) ) ;
#1312 = VECTOR ( 'NONE', #4767, 1000.000000000000114 ) ;
#1313 = EDGE_CURVE ( 'NONE', #1488, #4423, #5025, .T. ) ;
#1314 = VECTOR ( 'NONE', #1006, 1000.000000000000000 ) ;
#1315 = LINE ( 'NONE', #3665, #2796 ) ;
#1316 = VERTEX_POINT ( 'NONE', #1464 ) ;
#1317 = CARTESIAN_POINT ( 'NONE',  ( 45.00000000000000000, 24.09999999999999787, 18.50000000000000711 ) ) ;
#1318 = DIRECTION ( 'NONE',  ( -1.297097214700455342E-32, -1.000000000000000000, -1.196361017915039486E-16 ) ) ;
#1319 = LINE ( 'NONE', #2487, #964 ) ;
#1320 = DIRECTION ( 'NONE',  ( 0.7649111981170507724, -8.025241567124351326E-17, 0.6441357457827797672 ) ) ;
#1321 = ORIENTED_EDGE ( 'NONE', *, *, #1565, .F. ) ;
#1322 = CARTESIAN_POINT ( 'NONE',  ( 45.00000000000001421, -14.50000000000000888, 25.49999999999999645 ) ) ;
#1323 = ORIENTED_EDGE ( 'NONE', *, *, #5102, .T. ) ;
#1324 = DIRECTION ( 'NONE',  ( -0.7649111981170507724, 0.000000000000000000, -0.6441357457827798783 ) ) ;
#1325 = DIRECTION ( 'NONE',  ( -1.000000000000000000, 0.000000000000000000, 0.000000000000000000 ) ) ;
#1326 = ORIENTED_EDGE ( 'NONE', *, *, #3755, .T. ) ;
#1327 = VECTOR ( 'NONE', #3445, 999.9999999999998863 ) ;
#1328 = EDGE_CURVE ( 'NONE', #2891, #4069, #77, .T. ) ;
#1329 = ADVANCED_FACE ( 'NONE', ( #303 ), #1878, .T. ) ;
#1330 = ORIENTED_EDGE ( 'NONE', *, *, #221, .T. ) ;
#1331 = VECTOR ( 'NONE', #347, 1000.000000000000114 ) ;
#1332 = FACE_OUTER_BOUND ( 'NONE', #2451, .T. ) ;
#1333 = ORIENTED_EDGE ( 'NONE', *, *, #1849, .F. ) ;
#1334 = DIRECTION ( 'NONE',  ( -1.297097214700455342E-32, -1.000000000000000000, -1.196361017915039486E-16 ) ) ;
#1335 = ORIENTED_EDGE ( 'NONE', *, *, #4170, .T. ) ;
#1336 = DIRECTION ( 'NONE',  ( 0.000000000000000000, 0.000000000000000000, -1.000000000000000000 ) ) ;
#1337 = AXIS2_PLACEMENT_3D ( 'NONE', #3940, #1107, #1880 ) ;
#1338 = AXIS2_PLACEMENT_3D ( 'NONE', #1640, #4421, #2026 ) ;
#1339 = CARTESIAN_POINT ( 'NONE',  ( 19.99999999999998224, -27.00000000000000355, -11.90000000000000391 ) ) ;
#1340 = VERTEX_POINT ( 'NONE', #3769 ) ;
#1341 = ADVANCED_FACE ( 'NONE', ( #3424 ), #2175, .T. ) ;
#1342 = DIRECTION ( 'NONE',  ( 0.000000000000000000, 0.000000000000000000, -1.000000000000000000 ) ) ;
#1343 = FACE_OUTER_BOUND ( 'NONE', #4197, .T. ) ;
#1344 = LINE ( 'NONE', #1833, #4349 ) ;
#1345 = DIRECTION ( 'NONE',  ( 0.000000000000000000, 1.000000000000000000, 1.360567432138672328E-16 ) ) ;
#1346 = ORIENTED_EDGE ( 'NONE', *, *, #18, .F. ) ;
#1347 = LINE ( 'NONE', #2490, #1106 ) ;
#1348 = EDGE_CURVE ( 'NONE', #4865, #906, #1976, .T. ) ;
#1349 = EDGE_LOOP ( 'NONE', ( #4535, #4530, #1261, #264 ) ) ;
#1350 = PRODUCT ( 'frame', 'frame', '', ( #2934 ) ) ;
#1351 = DIRECTION ( 'NONE',  ( -0.000000000000000000, 1.000000000000000000, -0.000000000000000000 ) ) ;
#1352 = DIRECTION ( 'NONE',  ( 0.000000000000000000, 0.000000000000000000, -1.000000000000000000 ) ) ;
#1353 = VECTOR ( 'NONE', #721, 1000.000000000000000 ) ;
#1354 = EDGE_LOOP ( 'NONE', ( #3868, #1199, #2857, #4107, #549, #32, #1045 ) ) ;
#1355 = VERTEX_POINT ( 'NONE', #1812 ) ;
#1356 = PLANE ( 'NONE',  #4129 ) ;
#1357 = EDGE_CURVE ( 'NONE', #2841, #1205, #3744, .T. ) ;
#1358 = ORIENTED_EDGE ( 'NONE', *, *, #4399, .T. ) ;
#1359 = CARTESIAN_POINT ( 'NONE',  ( 29.34082191108051418, 4.285224523952949838, 25.50000000000000000 ) ) ;
#1360 = ORIENTED_EDGE ( 'NONE', *, *, #1235, .F. ) ;
#1361 = AXIS2_PLACEMENT_3D ( 'NONE', #1907, #4304, #3866 ) ;
#1362 = CARTESIAN_POINT ( 'NONE',  ( -4.999999999999997335, -27.00000000000000711, 27.00000000000000355 ) ) ;
#1363 = ADVANCED_FACE ( 'NONE', ( #2202 ), #1507, .F. ) ;
#1364 = FACE_BOUND ( 'NONE', #3470, .T. ) ;
#1365 = VERTEX_POINT ( 'NONE', #3365 ) ;
#1366 = DIRECTION ( 'NONE',  ( 0.000000000000000000, -1.360567432138672328E-16, 1.000000000000000000 ) ) ;
#1367 = DIRECTION ( 'NONE',  ( -0.000000000000000000, -0.000000000000000000, 1.000000000000000000 ) ) ;
#1368 = CARTESIAN_POINT ( 'NONE',  ( 45.00000000000001421, 20.49999999999999289, -24.09999999999999787 ) ) ;
#1369 = EDGE_CURVE ( 'NONE', #2598, #1385, #4210, .T. ) ;
#1370 = SURFACE_SIDE_STYLE ('',( #209 ) ) ;
#1371 = ORIENTED_EDGE ( 'NONE', *, *, #3765, .T. ) ;
#1372 = CARTESIAN_POINT ( 'NONE',  ( 45.00000000000000000, 24.09999999999999787, -21.49999999999998934 ) ) ;
#1373 = EDGE_LOOP ( 'NONE', ( #1016, #70 ) ) ;
#1374 = AXIS2_PLACEMENT_3D ( 'NONE', #413, #28, #779 ) ;
#1375 = EDGE_CURVE ( 'NONE', #981, #1340, #1065, .T. ) ;
#1376 = EDGE_CURVE ( 'NONE', #3230, #685, #3826, .T. ) ;
#1377 = LINE ( 'NONE', #2955, #1664 ) ;
#1378 =( NAMED_UNIT ( * ) SI_UNIT ( $, .STERADIAN. ) SOLID_ANGLE_UNIT ( ) );
#1379 = VECTOR ( 'NONE', #1366, 1000.000000000000000 ) ;
#1380 = ORIENTED_EDGE ( 'NONE', *, *, #519, .F. ) ;
#1381 = CARTESIAN_POINT ( 'NONE',  ( 50.00000000000000000, -24.09999999999999787, 22.49999999999999645 ) ) ;
#1382 = AXIS2_PLACEMENT_3D ( 'NONE', #213, #3827, #3397 ) ;
#1383 = VERTEX_POINT ( 'NONE', #4654 ) ;
#1384 = CARTESIAN_POINT ( 'NONE',  ( 29.99999999999999289, -25.50000000000000355, -11.20000000000000107 ) ) ;
#1385 = VERTEX_POINT ( 'NONE', #1897 ) ;
#1386 = CARTESIAN_POINT ( 'NONE',  ( 23.89617525366054096, -2.206469567586254676, -24.09999999999999432 ) ) ;
#1387 = AXIS2_PLACEMENT_3D ( 'NONE', #411, #2378, #341 ) ;
#1388 = EDGE_LOOP ( 'NONE', ( #1876, #4249, #4429, #3796 ) ) ;
#1389 = AXIS2_PLACEMENT_3D ( 'NONE', #368, #3529, #4704 ) ;
#1390 = LINE ( 'NONE', #2189, #2804 ) ;
#1391 = VECTOR ( 'NONE', #4796, 1000.000000000000114 ) ;
#1392 = CARTESIAN_POINT ( 'NONE',  ( 19.55062435217081074, 18.49999999999999289, 25.50000000000000355 ) ) ;
#1393 = ORIENTED_EDGE ( 'NONE', *, *, #2181, .F. ) ;
#1394 = CARTESIAN_POINT ( 'NONE',  ( 18.01824126591921882, -9.214775476047064373, 29.00000000000000711 ) ) ;
#1395 = DIRECTION ( 'NONE',  ( 0.000000000000000000, 0.000000000000000000, -1.000000000000000000 ) ) ;
#1396 = PRESENTATION_LAYER_ASSIGNMENT (  '', '', ( #738 ) ) ;
#1397 = DIRECTION ( 'NONE',  ( 1.000000000000000000, 0.000000000000000000, 0.000000000000000000 ) ) ;
#1398 = EDGE_CURVE ( 'NONE', #1822, #2980, #5040, .T. ) ;
#1399 = EDGE_CURVE ( 'NONE', #4086, #5018, #1881, .T. ) ;
#1400 = VERTEX_POINT ( 'NONE', #3006 ) ;
#1401 = AXIS2_PLACEMENT_3D ( 'NONE', #2276, #3840, #2979 ) ;
#1402 = DIRECTION ( 'NONE',  ( -0.000000000000000000, -0.000000000000000000, 1.000000000000000000 ) ) ;
#1403 = LINE ( 'NONE', #2288, #3839 ) ;
#1404 = CARTESIAN_POINT ( 'NONE',  ( 30.44937564782917150, 16.49999999999999289, 25.50000000000000355 ) ) ;
#1405 = ADVANCED_FACE ( 'NONE', ( #1481 ), #2263, .F. ) ;
#1406 = ORIENTED_EDGE ( 'NONE', *, *, #3870, .F. ) ;
#1407 = DIRECTION ( 'NONE',  ( 1.196361017915039239E-16, 0.000000000000000000, 1.000000000000000000 ) ) ;
#1408 = DIRECTION ( 'NONE',  ( 0.000000000000000000, 0.000000000000000000, -1.000000000000000000 ) ) ;
#1409 = ORIENTED_EDGE ( 'NONE', *, *, #1357, .F. ) ;
#1410 = EDGE_CURVE ( 'NONE', #2826, #3085, #4856, .T. ) ;
#1411 = CYLINDRICAL_SURFACE ( 'NONE', #3371, 2.000000000000001776 ) ;
#1412 = ORIENTED_EDGE ( 'NONE', *, *, #1010, .F. ) ;
#1413 = PLANE ( 'NONE',  #3163 ) ;
#1414 = ORIENTED_EDGE ( 'NONE', *, *, #2212, .T. ) ;
#1415 = CARTESIAN_POINT ( 'NONE',  ( 46.00000000000001421, 20.49999999999999289, -24.09999999999999787 ) ) ;
#1416 = VERTEX_POINT ( 'NONE', #4180 ) ;
#1417 = DIRECTION ( 'NONE',  ( 0.000000000000000000, 0.000000000000000000, -1.000000000000000000 ) ) ;
#1418 = CIRCLE ( 'NONE', #10, 0.6999999999999975131 ) ;
#1419 = DIRECTION ( 'NONE',  ( 0.000000000000000000, 0.000000000000000000, -1.000000000000000000 ) ) ;
#1420 = ORIENTED_EDGE ( 'NONE', *, *, #1535, .T. ) ;
#1421 = VECTOR ( 'NONE', #4901, 1000.000000000000000 ) ;
#1422 = CARTESIAN_POINT ( 'NONE',  ( 31.98175873408075987, -9.214775476047060820, 24.10000000000000497 ) ) ;
#1423 = LINE ( 'NONE', #3000, #2638 ) ;
#1424 = CARTESIAN_POINT ( 'NONE',  ( 8.762432110421499942, 23.99999999999999289, 10.40538813112553562 ) ) ;
#1425 = AXIS2_PLACEMENT_3D ( 'NONE', #2811, #2109, #4061 ) ;
#1426 = ORIENTED_EDGE ( 'NONE', *, *, #4318, .F. ) ;
#1427 = EDGE_CURVE ( 'NONE', #494, #27, #4290, .T. ) ;
#1428 = DIRECTION ( 'NONE',  ( 0.000000000000000000, 1.000000000000000000, 0.000000000000000000 ) ) ;
#1429 = ORIENTED_EDGE ( 'NONE', *, *, #644, .F. ) ;
#1430 = DIRECTION ( 'NONE',  ( 0.000000000000000000, 0.000000000000000000, -1.000000000000000000 ) ) ;
#1431 = CARTESIAN_POINT ( 'NONE',  ( 26.53238308625158126, 8.717442972866102480, 25.50000000000000355 ) ) ;
#1432 = CARTESIAN_POINT ( 'NONE',  ( 19.30216642060506516, 24.09999999999999787, -1.529822396234089110 ) ) ;
#1433 = CIRCLE ( 'NONE', #5053, 1.500000000000001332 ) ;
#1434 = DIRECTION ( 'NONE',  ( -1.297097214700455342E-32, -1.000000000000000000, -1.196361017915039486E-16 ) ) ;
#1435 = CARTESIAN_POINT ( 'NONE',  ( 19.12679500266789390, 2.999999999999993783, 25.50000000000000000 ) ) ;
#1436 = ORIENTED_EDGE ( 'NONE', *, *, #1555, .T. ) ;
#1437 = DIRECTION ( 'NONE',  ( 0.000000000000000000, 1.000000000000000000, 0.000000000000000000 ) ) ;
#1438 = ORIENTED_EDGE ( 'NONE', *, *, #5094, .F. ) ;
#1439 = EDGE_CURVE ( 'NONE', #4175, #4744, #1840, .T. ) ;
#1440 = DIRECTION ( 'NONE',  ( 0.000000000000000000, 0.000000000000000000, 1.000000000000000000 ) ) ;
#1441 = ORIENTED_EDGE ( 'NONE', *, *, #3333, .F. ) ;
#1442 = DIRECTION ( 'NONE',  ( 0.000000000000000000, 0.000000000000000000, -1.000000000000000000 ) ) ;
#1443 = ORIENTED_EDGE ( 'NONE', *, *, #3191, .F. ) ;
#1444 = DIRECTION ( 'NONE',  ( 0.000000000000000000, 0.000000000000000000, -1.000000000000000000 ) ) ;
#1445 = ORIENTED_EDGE ( 'NONE', *, *, #4964, .T. ) ;
#1446 = DIRECTION ( 'NONE',  ( 1.000000000000000000, 6.938893903907234689E-15, 0.000000000000000000 ) ) ;
#1447 = EDGE_LOOP ( 'NONE', ( #1194, #2295, #1910, #3193 ) ) ;
#1448 = DIRECTION ( 'NONE',  ( 1.037974875290804813E-32, 1.000000000000000000, 1.360567432138672328E-16 ) ) ;
#1449 = CYLINDRICAL_SURFACE ( 'NONE', #3208, 2.000000000000001776 ) ;
#1450 = LINE ( 'NONE', #946, #4274 ) ;
#1451 = EDGE_LOOP ( 'NONE', ( #3679, #2589 ) ) ;
#1452 = DIRECTION ( 'NONE',  ( -0.000000000000000000, 1.000000000000000000, -0.000000000000000000 ) ) ;
#1453 = EDGE_LOOP ( 'NONE', ( #502, #4556 ) ) ;
#1454 = DIRECTION ( 'NONE',  ( -1.000000000000000000, 0.000000000000000000, 0.000000000000000000 ) ) ;
#1455 = CARTESIAN_POINT ( 'NONE',  ( 24.99999999999999289, 10.00266749681904344, -25.49999999999999645 ) ) ;
#1456 = CARTESIAN_POINT ( 'NONE',  ( 29.36333774371139782, 24.09999999999999787, 0.4060364293427126681 ) ) ;
#1457 = CARTESIAN_POINT ( 'NONE',  ( 30.00000000000000355, -25.50000000000000355, 11.89999999999999858 ) ) ;
#1458 = ORIENTED_EDGE ( 'NONE', *, *, #4558, .F. ) ;
#1459 = LINE ( 'NONE', #3749, #2723 ) ;
#1460 = VERTEX_POINT ( 'NONE', #316 ) ;
#1461 = CARTESIAN_POINT ( 'NONE',  ( 24.99999999999999645, -25.50000000000000355, 11.89999999999999325 ) ) ;
#1462 = ORIENTED_EDGE ( 'NONE', *, *, #4801, .F. ) ;
#1463 = ORIENTED_EDGE ( 'NONE', *, *, #1686, .T. ) ;
#1464 = CARTESIAN_POINT ( 'NONE',  ( 4.000000000000009770, -14.50000000000000888, 25.49999999999999645 ) ) ;
#1465 = EDGE_CURVE ( 'NONE', #4724, #3195, #4959, .T. ) ;
#1466 = DIRECTION ( 'NONE',  ( 0.000000000000000000, 0.000000000000000000, -1.000000000000000000 ) ) ;
#1467 = VERTEX_POINT ( 'NONE', #1119 ) ;
#1468 = CARTESIAN_POINT ( 'NONE',  ( 15.53238308625157238, 10.39794164251852493, -24.09999999999999432 ) ) ;
#1469 = ORIENTED_EDGE ( 'NONE', *, *, #773, .F. ) ;
#1470 = DIRECTION ( 'NONE',  ( -1.297097214700455342E-32, -1.000000000000000000, -1.196361017915039486E-16 ) ) ;
#1471 = CARTESIAN_POINT ( 'NONE',  ( 34.63889492903948764, 23.99999999999998934, 14.00000000000001421 ) ) ;
#1472 = EDGE_CURVE ( 'NONE', #3753, #328, #4124, .T. ) ;
#1473 = EDGE_CURVE ( 'NONE', #1216, #92, #649, .T. ) ;
#1474 = CIRCLE ( 'NONE', #2464, 2.000000000000000000 ) ;
#1475 = CIRCLE ( 'NONE', #4352, 0.6999999999999975131 ) ;
#1476 = ORIENTED_EDGE ( 'NONE', *, *, #2705, .T. ) ;
#1477 = DIRECTION ( 'NONE',  ( 0.000000000000000000, 1.000000000000000000, 1.360567432138672328E-16 ) ) ;
#1478 = AXIS2_PLACEMENT_3D ( 'NONE', #2764, #5079, #1109 ) ;
#1479 = ORIENTED_EDGE ( 'NONE', *, *, #3562, .F. ) ;
#1480 = CYLINDRICAL_SURFACE ( 'NONE', #785, 1.999999999999998224 ) ;
#1481 = FACE_OUTER_BOUND ( 'NONE', #3790, .T. ) ;
#1482 = CARTESIAN_POINT ( 'NONE',  ( 40.00000000000000711, -79.58326913195983821, -17.00000000000000000 ) ) ;
#1483 = AXIS2_PLACEMENT_3D ( 'NONE', #171, #4555, #1442 ) ;
#1484 = AXIS2_PLACEMENT_3D ( 'NONE', #1798, #201, #1417 ) ;
#1485 = CARTESIAN_POINT ( 'NONE',  ( 10.00000000000000178, -79.58326913195983821, 22.50000000000000000 ) ) ;
#1486 = ORIENTED_EDGE ( 'NONE', *, *, #1981, .F. ) ;
#1487 = DIRECTION ( 'NONE',  ( 0.000000000000000000, 0.000000000000000000, -1.000000000000000000 ) ) ;
#1488 = VERTEX_POINT ( 'NONE', #367 ) ;
#1489 = CARTESIAN_POINT ( 'NONE',  ( 15.53238308625157948, 10.39794164251852493, 25.50000000000000000 ) ) ;
#1490 = ADVANCED_FACE ( 'NONE', ( #5088 ), #4365, .T. ) ;
#1491 = ORIENTED_EDGE ( 'NONE', *, *, #773, .T. ) ;
#1492 = CARTESIAN_POINT ( 'NONE',  ( 50.00000000000000000, -25.50000000000000355, 25.49999999999999645 ) ) ;
#1493 = EDGE_CURVE ( 'NONE', #3526, #1299, #4, .T. ) ;
#1494 = ORIENTED_EDGE ( 'NONE', *, *, #1086, .F. ) ;
#1495 = DIRECTION ( 'NONE',  ( 0.000000000000000000, 1.000000000000000000, 0.000000000000000000 ) ) ;
#1496 = ORIENTED_EDGE ( 'NONE', *, *, #3165, .T. ) ;
#1497 = CARTESIAN_POINT ( 'NONE',  ( 23.00000000000000711, -24.09999999999999787, 22.50000000000000000 ) ) ;
#1498 = EDGE_CURVE ( 'NONE', #1829, #455, #3528, .T. ) ;
#1499 = ORIENTED_EDGE ( 'NONE', *, *, #3740, .T. ) ;
#1500 = FACE_OUTER_BOUND ( 'NONE', #4027, .T. ) ;
#1501 = CARTESIAN_POINT ( 'NONE',  ( 19.55062435217080363, -10.50000000000000533, -24.09999999999999432 ) ) ;
#1502 = CIRCLE ( 'NONE', #262, 4.999999999999997335 ) ;
#1503 = ORIENTED_EDGE ( 'NONE', *, *, #2491, .F. ) ;
#1504 = DIRECTION ( 'NONE',  ( 0.000000000000000000, 0.000000000000000000, -1.000000000000000000 ) ) ;
#1505 = VERTEX_POINT ( 'NONE', #1212 ) ;
#1506 = LINE ( 'NONE', #2592, #2438 ) ;
#1507 = CYLINDRICAL_SURFACE ( 'NONE', #3217, 1.500000000000001332 ) ;
#1508 = LINE ( 'NONE', #704, #1135 ) ;
#1509 = AXIS2_PLACEMENT_3D ( 'NONE', #4642, #1521, #1495 ) ;
#1510 = DIRECTION ( 'NONE',  ( 0.000000000000000000, 0.000000000000000000, 1.000000000000000000 ) ) ;
#1511 = ORIENTED_EDGE ( 'NONE', *, *, #2358, .F. ) ;
#1512 = EDGE_CURVE ( 'NONE', #788, #4033, #2362, .T. ) ;
#1513 = VECTOR ( 'NONE', #1222, 1000.000000000000000 ) ;
#1514 = ORIENTED_EDGE ( 'NONE', *, *, #4583, .T. ) ;
#1515 = LINE ( 'NONE', #3534, #397 ) ;
#1516 = ORIENTED_EDGE ( 'NONE', *, *, #486, .T. ) ;
#1517 = CARTESIAN_POINT ( 'NONE',  ( 46.00000000000001421, -14.50000000000000888, -25.50000000000000355 ) ) ;
#1518 = EDGE_LOOP ( 'NONE', ( #4040, #2184, #1723, #886 ) ) ;
#1519 = DIRECTION ( 'NONE',  ( -1.000000000000000000, 1.677028837704906887E-48, -1.232595164407830672E-32 ) ) ;
#1520 = ADVANCED_FACE ( 'NONE', ( #2730 ), #416, .T. ) ;
#1521 = DIRECTION ( 'NONE',  ( 0.000000000000000000, 1.360567432138672328E-16, -1.000000000000000000 ) ) ;
#1522 = EDGE_LOOP ( 'NONE', ( #451, #3905, #616, #948 ) ) ;
#1523 = CARTESIAN_POINT ( 'NONE',  ( 34.46761691374841519, 10.39794164251851782, -25.49999999999999645 ) ) ;
#1524 = ORIENTED_EDGE ( 'NONE', *, *, #3595, .F. ) ;
#1525 = CYLINDRICAL_SURFACE ( 'NONE', #5022, 1.000000000000000888 ) ;
#1526 = EDGE_CURVE ( 'NONE', #1460, #4406, #1143, .T. ) ;
#1527 = VECTOR ( 'NONE', #1244, 1000.000000000000000 ) ;
#1528 = VERTEX_POINT ( 'NONE', #2701 ) ;
#1529 = CARTESIAN_POINT ( 'NONE',  ( 3.143117669239968036E-31, 18.49999999999999289, 29.00000000000001066 ) ) ;
#1530 = ORIENTED_EDGE ( 'NONE', *, *, #2502, .F. ) ;
#1531 = DIRECTION ( 'NONE',  ( -2.392722035830078479E-16, 0.000000000000000000, -1.000000000000000000 ) ) ;
#1532 = CARTESIAN_POINT ( 'NONE',  ( 30.87320499733209900, 3.000000000000000888, 25.50000000000000000 ) ) ;
#1533 = CARTESIAN_POINT ( 'NONE',  ( 30.87320499733209900, 3.000000000000000888, -25.49999999999999289 ) ) ;
#1534 = AXIS2_PLACEMENT_3D ( 'NONE', #689, #4611, #5027 ) ;
#1535 = EDGE_CURVE ( 'NONE', #4169, #3661, #4445, .T. ) ;
#1536 = CARTESIAN_POINT ( 'NONE',  ( 10.00000000000000178, -25.50000000000000355, 22.50000000000000000 ) ) ;
#1537 = VERTEX_POINT ( 'NONE', #3158 ) ;
#1538 = DIRECTION ( 'NONE',  ( -0.000000000000000000, 1.000000000000000000, -0.000000000000000000 ) ) ;
#1539 = EDGE_CURVE ( 'NONE', #695, #4447, #2343, .T. ) ;
#1540 = EDGE_CURVE ( 'NONE', #2213, #4396, #1945, .T. ) ;
#1541 = ORIENTED_EDGE ( 'NONE', *, *, #4318, .T. ) ;
#1542 = CARTESIAN_POINT ( 'NONE',  ( 18.01824126591922948, 15.21477547604705016, 29.00000000000001066 ) ) ;
#1543 = ORIENTED_EDGE ( 'NONE', *, *, #2391, .F. ) ;
#1544 = SURFACE_STYLE_FILL_AREA ( #2299 ) ;
#1545 = AXIS2_PLACEMENT_3D ( 'NONE', #4337, #2729, #1118 ) ;
#1546 = LINE ( 'NONE', #1159, #2995 ) ;
#1547 = ORIENTED_EDGE ( 'NONE', *, *, #3464, .F. ) ;
#1548 = DIRECTION ( 'NONE',  ( -1.000000000000000000, -0.000000000000000000, -0.000000000000000000 ) ) ;
#1549 = ORIENTED_EDGE ( 'NONE', *, *, #1465, .T. ) ;
#1550 = CARTESIAN_POINT ( 'NONE',  ( 30.00000000000000355, -27.00000000000000355, 11.19999999999999751 ) ) ;
#1551 = AXIS2_PLACEMENT_3D ( 'NONE', #4441, #4824, #3181 ) ;
#1552 = FACE_OUTER_BOUND ( 'NONE', #3483, .T. ) ;
#1553 = ORIENTED_EDGE ( 'NONE', *, *, #5055, .F. ) ;
#1554 = CARTESIAN_POINT ( 'NONE',  ( 9.288271491565554427, 25.49999999999999645, 9.962576020688437950 ) ) ;
#1555 = EDGE_CURVE ( 'NONE', #4637, #2492, #883, .T. ) ;
#1556 = EDGE_CURVE ( 'NONE', #146, #4744, #3618, .T. ) ;
#1557 = CARTESIAN_POINT ( 'NONE',  ( 28.87320499733209900, 3.000000000000000888, 29.00000000000000711 ) ) ;
#1558 = CIRCLE ( 'NONE', #1056, 0.7000000000000009548 ) ;
#1559 = VECTOR ( 'NONE', #4120, 1000.000000000000000 ) ;
#1560 = DIRECTION ( 'NONE',  ( -0.000000000000000000, -0.000000000000000000, 1.000000000000000000 ) ) ;
#1561 = AXIS2_PLACEMENT_3D ( 'NONE', #2167, #1775, #2609 ) ;
#1562 = DIRECTION ( 'NONE',  ( 0.000000000000000000, 1.000000000000000000, 1.360567432138672328E-16 ) ) ;
#1563 = EDGE_LOOP ( 'NONE', ( #958, #133, #2956, #3349, #4195, #4219, #3848 ) ) ;
#1564 = VECTOR ( 'NONE', #1336, 1000.000000000000000 ) ;
#1565 = EDGE_CURVE ( 'NONE', #433, #837, #388, .T. ) ;
#1566 = FACE_OUTER_BOUND ( 'NONE', #272, .T. ) ;
#1567 = AXIS2_PLACEMENT_3D ( 'NONE', #120, #3251, #480 ) ;
#1568 = VECTOR ( 'NONE', #1583, 1000.000000000000000 ) ;
#1569 = CARTESIAN_POINT ( 'NONE',  ( 17.55062435217080008, -10.50000000000000533, 25.50000000000000000 ) ) ;
#1570 = EDGE_CURVE ( 'NONE', #1528, #2991, #1191, .T. ) ;
#1571 = ORIENTED_EDGE ( 'NONE', *, *, #2165, .F. ) ;
#1572 = CARTESIAN_POINT ( 'NONE',  ( 23.46761691374840808, -2.717442972866107365, -24.09999999999998010 ) ) ;
#1573 = DIRECTION ( 'NONE',  ( -0.7649111981170508834, 0.000000000000000000, 0.6441357457827796562 ) ) ;
#1574 = EDGE_CURVE ( 'NONE', #3604, #2950, #3771, .T. ) ;
#1575 = ORIENTED_EDGE ( 'NONE', *, *, #62, .F. ) ;
#1576 = FACE_OUTER_BOUND ( 'NONE', #2960, .T. ) ;
#1577 = ORIENTED_EDGE ( 'NONE', *, *, #83, .T. ) ;
#1578 = CARTESIAN_POINT ( 'NONE',  ( 5.999999999999998224, 24.09999999999999787, -24.10000000000000142 ) ) ;
#1579 = DIRECTION ( 'NONE',  ( 0.000000000000000000, 1.360567432138672328E-16, -1.000000000000000000 ) ) ;
#1580 = ORIENTED_EDGE ( 'NONE', *, *, #2256, .F. ) ;
#1581 = VECTOR ( 'NONE', #645, 1000.000000000000000 ) ;
#1582 = DIRECTION ( 'NONE',  ( 0.000000000000000000, 0.000000000000000000, -1.000000000000000000 ) ) ;
#1583 = DIRECTION ( 'NONE',  ( 0.000000000000000000, 0.000000000000000000, -1.000000000000000000 ) ) ;
#1584 = DIRECTION ( 'NONE',  ( 0.000000000000000000, 0.000000000000000000, -1.000000000000000000 ) ) ;
#1585 = AXIS2_PLACEMENT_3D ( 'NONE', #4749, #1971, #1660 ) ;
#1586 = EDGE_CURVE ( 'NONE', #3273, #4278, #801, .T. ) ;
#1587 = LINE ( 'NONE', #873, #4793 ) ;
#1588 = VERTEX_POINT ( 'NONE', #2017 ) ;
#1589 = DIRECTION ( 'NONE',  ( 0.000000000000000000, 0.000000000000000000, -1.000000000000000000 ) ) ;
#1590 = CIRCLE ( 'NONE', #506, 2.000000000000001776 ) ;
#1591 = CARTESIAN_POINT ( 'NONE',  ( 45.00000000000000000, 23.99999999999999645, -19.99999999999998579 ) ) ;
#1592 = CIRCLE ( 'NONE', #5049, 2.000000000000000000 ) ;
#1593 = DIRECTION ( 'NONE',  ( 0.000000000000000000, 0.000000000000000000, 1.000000000000000000 ) ) ;
#1594 = ORIENTED_EDGE ( 'NONE', *, *, #731, .T. ) ;
#1595 = DIRECTION ( 'NONE',  ( -1.297097214700455342E-32, -1.000000000000000000, -1.196361017915039486E-16 ) ) ;
#1596 = VECTOR ( 'NONE', #4374, 1000.000000000000000 ) ;
#1597 = ADVANCED_FACE ( 'NONE', ( #3599, #3882, #4678, #755, #1628, #3206, #4776, #344, #1922 ), #3506, .F. ) ;
#1598 = DIRECTION ( 'NONE',  ( 1.381462402934221592E-32, 1.000000000000000000, 1.360567432138672328E-16 ) ) ;
#1599 = EDGE_LOOP ( 'NONE', ( #3460, #1326, #4927, #943, #1655, #1252, #2624 ) ) ;
#1600 = CARTESIAN_POINT ( 'NONE',  ( 30.44937564782918216, -10.50000000000000533, 25.50000000000000000 ) ) ;
#1601 = ORIENTED_EDGE ( 'NONE', *, *, #2238, .T. ) ;
#1602 = FACE_BOUND ( 'NONE', #3103, .T. ) ;
#1603 = ADVANCED_FACE ( 'NONE', ( #3691 ), #2512, .F. ) ;
#1604 = DIRECTION ( 'NONE',  ( -0.7649111981170507724, 0.000000000000000000, -0.6441357457827797672 ) ) ;
#1605 = VERTEX_POINT ( 'NONE', #3668 ) ;
#1606 = CARTESIAN_POINT ( 'NONE',  ( 34.46761691374840098, -4.397941642518516936, -24.09999999999999432 ) ) ;
#1607 = CARTESIAN_POINT ( 'NONE',  ( 5.000000000000000000, 23.99999999999999645, -21.50000000000000000 ) ) ;
#1608 = CARTESIAN_POINT ( 'NONE',  ( 14.07283357939493307, 25.50000000000000000, -12.47017760376588669 ) ) ;
#1609 = CARTESIAN_POINT ( 'NONE',  ( 26.53238308625158126, -2.717442972866107809, -25.50000000000000355 ) ) ;
#1610 = EDGE_LOOP ( 'NONE', ( #4780, #910, #2527, #1706, #4136, #4177, #3072 ) ) ;
#1611 = DIRECTION ( 'NONE',  ( -1.000000000000000000, 0.000000000000000000, 0.000000000000000000 ) ) ;
#1612 = CYLINDRICAL_SURFACE ( 'NONE', #4214, 1.500000000000001332 ) ;
#1613 = LINE ( 'NONE', #3982, #4225 ) ;
#1614 = ORIENTED_EDGE ( 'NONE', *, *, #3738, .T. ) ;
#1615 = FACE_OUTER_BOUND ( 'NONE', #332, .T. ) ;
#1616 = ADVANCED_FACE ( 'NONE', ( #896 ), #128, .F. ) ;
#1617 = CARTESIAN_POINT ( 'NONE',  ( 50.00000000000000000, -25.50000000000000000, -25.50000000000000355 ) ) ;
#1618 = ORIENTED_EDGE ( 'NONE', *, *, #1869, .F. ) ;
#1619 = DIRECTION ( 'NONE',  ( -0.000000000000000000, -0.000000000000000000, 1.000000000000000000 ) ) ;
#1620 = ORIENTED_EDGE ( 'NONE', *, *, #233, .F. ) ;
#1621 = EDGE_CURVE ( 'NONE', #666, #2687, #4351, .T. ) ;
#1622 = LINE ( 'NONE', #1283, #2963 ) ;
#1623 = AXIS2_PLACEMENT_3D ( 'NONE', #1627, #533, #2457 ) ;
#1624 = DIRECTION ( 'NONE',  ( 5.473822126268816683E-48, -1.000000000000000000, -1.360567432138672574E-16 ) ) ;
#1625 = ORIENTED_EDGE ( 'NONE', *, *, #2664, .F. ) ;
#1626 = ADVANCED_FACE ( 'NONE', ( #3713 ), #3645, .F. ) ;
#1627 = CARTESIAN_POINT ( 'NONE',  ( 41.99999999999999289, 23.99999999999999289, 8.432753624454335295 ) ) ;
#1628 = FACE_BOUND ( 'NONE', #443, .T. ) ;
#1629 = DIRECTION ( 'NONE',  ( -1.000000000000000000, 0.000000000000000000, 0.000000000000000000 ) ) ;
#1630 = AXIS2_PLACEMENT_3D ( 'NONE', #3507, #730, #2702 ) ;
#1631 = DIRECTION ( 'NONE',  ( 0.000000000000000000, 1.000000000000000000, 0.000000000000000000 ) ) ;
#1632 = VERTEX_POINT ( 'NONE', #2871 ) ;
#1633 = DIRECTION ( 'NONE',  ( 0.000000000000000000, 0.000000000000000000, -1.000000000000000000 ) ) ;
#1634 = AXIS2_PLACEMENT_3D ( 'NONE', #559, #2070, #1239 ) ;
#1635 = AXIS2_PLACEMENT_3D ( 'NONE', #1368, #4877, #2535 ) ;
#1636 = EDGE_LOOP ( 'NONE', ( #4886, #4161 ) ) ;
#1637 = VECTOR ( 'NONE', #824, 1000.000000000000000 ) ;
#1638 = AXIS2_PLACEMENT_3D ( 'NONE', #5005, #2194, #1395 ) ;
#1639 = LINE ( 'NONE', #2394, #670 ) ;
#1640 = CARTESIAN_POINT ( 'NONE',  ( 50.00000000000000000, -24.09999999999999787, -24.09999999999999432 ) ) ;
#1641 = ORIENTED_EDGE ( 'NONE', *, *, #288, .F. ) ;
#1642 = DIRECTION ( 'NONE',  ( 0.000000000000000000, 0.000000000000000000, -1.000000000000000000 ) ) ;
#1643 = CIRCLE ( 'NONE', #816, 1.500000000000001332 ) ;
#1644 = VECTOR ( 'NONE', #3818, 1000.000000000000000 ) ;
#1645 = VERTEX_POINT ( 'NONE', #4438 ) ;
#1646 = VECTOR ( 'NONE', #703, 1000.000000000000000 ) ;
#1647 = LINE ( 'NONE', #3222, #4310 ) ;
#1648 = EDGE_CURVE ( 'NONE', #2121, #247, #3233, .T. ) ;
#1649 = ORIENTED_EDGE ( 'NONE', *, *, #194, .T. ) ;
#1650 = CARTESIAN_POINT ( 'NONE',  ( 4.999999999999994671, 25.49999999999999289, 20.00000000000000355 ) ) ;
#1651 = EDGE_LOOP ( 'NONE', ( #261, #1672, #5080, #3514 ) ) ;
#1652 = CARTESIAN_POINT ( 'NONE',  ( 11.99999999999999645, 3.177026912440321922E-15, 29.00000000000000711 ) ) ;
#1653 = EDGE_CURVE ( 'NONE', #444, #4200, #1558, .T. ) ;
#1654 = CARTESIAN_POINT ( 'NONE',  ( 23.71172850843444024, 24.09999999999999787, -4.353213452995777999 ) ) ;
#1655 = ORIENTED_EDGE ( 'NONE', *, *, #18, .T. ) ;
#1656 = CARTESIAN_POINT ( 'NONE',  ( 34.63889492903951606, 24.09999999999999787, -15.99999999999998934 ) ) ;
#1657 = DIRECTION ( 'NONE',  ( -1.000000000000000000, -6.123233995736766036E-17, 0.000000000000000000 ) ) ;
#1658 = DIRECTION ( 'NONE',  ( 0.000000000000000000, 0.000000000000000000, -1.000000000000000000 ) ) ;
#1659 = ADVANCED_FACE ( 'NONE', ( #4875 ), #2897, .T. ) ;
#1660 = DIRECTION ( 'NONE',  ( 0.000000000000000000, 0.000000000000000000, -1.000000000000000000 ) ) ;
#1661 = ORIENTED_EDGE ( 'NONE', *, *, #3176, .F. ) ;
#1662 = LINE ( 'NONE', #467, #929 ) ;
#1663 = VERTEX_POINT ( 'NONE', #4071 ) ;
#1664 = VECTOR ( 'NONE', #2568, 1000.000000000000000 ) ;
#1665 = ADVANCED_FACE ( 'NONE', ( #849 ), #4047, .F. ) ;
#1666 = CARTESIAN_POINT ( 'NONE',  ( 15.36110507096049282, 25.50000000000000000, -15.99999999999998934 ) ) ;
#1667 = DIRECTION ( 'NONE',  ( -0.000000000000000000, -0.000000000000000000, -1.000000000000000000 ) ) ;
#1668 = VECTOR ( 'NONE', #947, 1000.000000000000000 ) ;
#1669 = ORIENTED_EDGE ( 'NONE', *, *, #3267, .T. ) ;
#1670 = FACE_OUTER_BOUND ( 'NONE', #1043, .T. ) ;
#1671 = FACE_BOUND ( 'NONE', #647, .T. ) ;
#1672 = ORIENTED_EDGE ( 'NONE', *, *, #4649, .T. ) ;
#1673 = FACE_BOUND ( 'NONE', #4624, .T. ) ;
#1674 = ORIENTED_EDGE ( 'NONE', *, *, #1078, .T. ) ;
#1675 = AXIS2_PLACEMENT_3D ( 'NONE', #4004, #59, #859 ) ;
#1676 = FACE_OUTER_BOUND ( 'NONE', #3873, .T. ) ;
#1677 = EDGE_CURVE ( 'NONE', #1588, #4293, #962, .T. ) ;
#1678 = CARTESIAN_POINT ( 'NONE',  ( 30.87320499733209900, 3.000000000000000888, 24.10000000000000497 ) ) ;
#1679 = ORIENTED_EDGE ( 'NONE', *, *, #1427, .F. ) ;
#1680 = CARTESIAN_POINT ( 'NONE',  ( 29.99999999999999289, -25.50000000000000355, -11.90000000000000213 ) ) ;
#1681 = CARTESIAN_POINT ( 'NONE',  ( 0.000000000000000000, 23.99999999999999645, -15.99999999999998934 ) ) ;
#1682 = DIRECTION ( 'NONE',  ( -0.000000000000000000, 1.000000000000000000, -0.000000000000000000 ) ) ;
#1683 = ADVANCED_FACE ( 'NONE', ( #1343, #4487 ), #945, .F. ) ;
#1684 = ORIENTED_EDGE ( 'NONE', *, *, #1799, .F. ) ;
#1685 = DIRECTION ( 'NONE',  ( -0.7649111981170507724, -8.025241567124348861E-17, 0.6441357457827796562 ) ) ;
#1686 = EDGE_CURVE ( 'NONE', #3558, #4411, #3861, .T. ) ;
#1687 = ORIENTED_EDGE ( 'NONE', *, *, #956, .T. ) ;
#1688 = CARTESIAN_POINT ( 'NONE',  ( 38.00000000000000711, -24.10000000000000142, 24.10000000000000497 ) ) ;
#1689 = CARTESIAN_POINT ( 'NONE',  ( 24.99999999999999645, -17.00000000000000000, 11.89999999999999503 ) ) ;
#1690 = VERTEX_POINT ( 'NONE', #1264 ) ;
#1691 = DIRECTION ( 'NONE',  ( 0.000000000000000000, 1.000000000000000000, 1.360567432138672328E-16 ) ) ;
#1692 = EDGE_CURVE ( 'NONE', #3240, #626, #2146, .T. ) ;
#1693 = VECTOR ( 'NONE', #2397, 1000.000000000000000 ) ;
#1694 = LINE ( 'NONE', #500, #1751 ) ;
#1695 = ORIENTED_EDGE ( 'NONE', *, *, #1738, .T. ) ;
#1696 = CARTESIAN_POINT ( 'NONE',  ( 28.00000000000000711, -24.09999999999999787, -22.00000000000000000 ) ) ;
#1697 = EDGE_LOOP ( 'NONE', ( #1891, #3964, #3300, #799 ) ) ;
#1698 = DIRECTION ( 'NONE',  ( -1.000000000000000000, 0.000000000000000000, 0.000000000000000000 ) ) ;
#1699 = LINE ( 'NONE', #4410, #5015 ) ;
#1700 = VERTEX_POINT ( 'NONE', #1756 ) ;
#1701 = CARTESIAN_POINT ( 'NONE',  ( 40.71172850843443314, 24.09999999999999787, -9.962576020688402423 ) ) ;
#1702 = DIRECTION ( 'NONE',  ( -0.000000000000000000, -1.000000000000000000, -1.360567432138672328E-16 ) ) ;
#1703 = LINE ( 'NONE', #3209, #2209 ) ;
#1704 = VECTOR ( 'NONE', #826, 1000.000000000000000 ) ;
#1705 = DIRECTION ( 'NONE',  ( 0.000000000000000000, 0.000000000000000000, 1.000000000000000000 ) ) ;
#1706 = ORIENTED_EDGE ( 'NONE', *, *, #2828, .T. ) ;
#1707 = EDGE_CURVE ( 'NONE', #4450, #856, #4764, .T. ) ;
#1708 = EDGE_CURVE ( 'NONE', #4698, #695, #4843, .T. ) ;
#1709 = LINE ( 'NONE', #3697, #1527 ) ;
#1710 = ORIENTED_EDGE ( 'NONE', *, *, #2565, .F. ) ;
#1711 = CARTESIAN_POINT ( 'NONE',  ( 26.14265901479750198, 24.09999999999999787, 4.230592419927965864 ) ) ;
#1712 = VECTOR ( 'NONE', #2459, 1000.000000000000000 ) ;
#1713 = ORIENTED_EDGE ( 'NONE', *, *, #1473, .T. ) ;
#1714 = FACE_BOUND ( 'NONE', #1040, .T. ) ;
#1715 = VECTOR ( 'NONE', #4703, 1000.000000000000000 ) ;
#1716 = CIRCLE ( 'NONE', #2635, 2.000000000000000000 ) ;
#1717 = VERTEX_POINT ( 'NONE', #4700 ) ;
#1718 = ADVANCED_FACE ( 'NONE', ( #1140 ), #1892, .F. ) ;
#1719 = CARTESIAN_POINT ( 'NONE',  ( 26.53238308625157416, -2.717442972866097151, 25.50000000000000000 ) ) ;
#1720 = VECTOR ( 'NONE', #3520, 1000.000000000000000 ) ;
#1721 = ORIENTED_EDGE ( 'NONE', *, *, #4269, .F. ) ;
#1722 = CARTESIAN_POINT ( 'NONE',  ( 29.99999999999999289, -17.00000000000000000, -11.90000000000000036 ) ) ;
#1723 = ORIENTED_EDGE ( 'NONE', *, *, #3765, .F. ) ;
#1724 = DIRECTION ( 'NONE',  ( 1.000000000000000000, -3.469446951953611033E-15, 0.000000000000000000 ) ) ;
#1725 = CIRCLE ( 'NONE', #3055, 1.500000000000001332 ) ;
#1726 = VECTOR ( 'NONE', #4570, 1000.000000000000000 ) ;
#1727 = EDGE_CURVE ( 'NONE', #4058, #4724, #2954, .T. ) ;
#1728 = EDGE_CURVE ( 'NONE', #2654, #2913, #3879, .T. ) ;
#1729 = DIRECTION ( 'NONE',  ( -0.000000000000000000, -0.000000000000000000, -1.000000000000000000 ) ) ;
#1730 = ORIENTED_EDGE ( 'NONE', *, *, #4828, .F. ) ;
#1731 = DIRECTION ( 'NONE',  ( 0.000000000000000000, 0.000000000000000000, -1.000000000000000000 ) ) ;
#1732 = DIRECTION ( 'NONE',  ( 1.000000000000000000, 1.734723475976805517E-15, 0.000000000000000000 ) ) ;
#1733 = CARTESIAN_POINT ( 'NONE',  ( 23.46761691374840808, -2.717442972866107365, 25.50000000000000000 ) ) ;
#1734 = CARTESIAN_POINT ( 'NONE',  ( 38.00000000000000000, 9.112717118565566210, 25.50000000000000000 ) ) ;
#1735 = ORIENTED_EDGE ( 'NONE', *, *, #4092, .T. ) ;
#1736 = DIRECTION ( 'NONE',  ( -1.297097214700455342E-32, -1.000000000000000000, -1.196361017915039486E-16 ) ) ;
#1737 = EDGE_LOOP ( 'NONE', ( #4664, #1746 ) ) ;
#1738 = EDGE_CURVE ( 'NONE', #1904, #1645, #3924, .T. ) ;
#1739 = LINE ( 'NONE', #2931, #2819 ) ;
#1740 = DIRECTION ( 'NONE',  ( -1.000000000000000000, -8.673617379884043361E-16, 0.000000000000000000 ) ) ;
#1741 = ORIENTED_EDGE ( 'NONE', *, *, #2292, .F. ) ;
#1742 = CIRCLE ( 'NONE', #3069, 2.000000000000000000 ) ;
#1743 = ORIENTED_EDGE ( 'NONE', *, *, #1677, .F. ) ;
#1744 = VECTOR ( 'NONE', #53, 1000.000000000000000 ) ;
#1745 = DIRECTION ( 'NONE',  ( 0.000000000000000000, 0.000000000000000000, -1.000000000000000000 ) ) ;
#1746 = ORIENTED_EDGE ( 'NONE', *, *, #2407, .F. ) ;
#1747 = CARTESIAN_POINT ( 'NONE',  ( 6.000000000000013323, 20.49999999999999289, 29.00000000000001066 ) ) ;
#1748 = ORIENTED_EDGE ( 'NONE', *, *, #2629, .T. ) ;
#1749 = CARTESIAN_POINT ( 'NONE',  ( 18.01824126591921527, -9.214775476047067926, 24.10000000000000497 ) ) ;
#1750 = EDGE_CURVE ( 'NONE', #1018, #1941, #2303, .T. ) ;
#1751 = VECTOR ( 'NONE', #1305, 1000.000000000000000 ) ;
#1752 = AXIS2_PLACEMENT_3D ( 'NONE', #2758, #1177, #4302 ) ;
#1753 = DIRECTION ( 'NONE',  ( -1.297097214700455342E-32, -1.000000000000000000, -1.196361017915039486E-16 ) ) ;
#1754 = ORIENTED_EDGE ( 'NONE', *, *, #3918, .F. ) ;
#1755 = DIRECTION ( 'NONE',  ( -1.734723475976807094E-15, 0.000000000000000000, -1.000000000000000000 ) ) ;
#1756 = CARTESIAN_POINT ( 'NONE',  ( 28.00000000000004263, -24.09999999999999787, -17.00000000000000000 ) ) ;
#1757 = ADVANCED_FACE ( 'NONE', ( #2698 ), #2312, .F. ) ;
#1758 = LINE ( 'NONE', #1733, #4013 ) ;
#1759 = LINE ( 'NONE', #2949, #4795 ) ;
#1760 = VERTEX_POINT ( 'NONE', #3177 ) ;
#1761 = CARTESIAN_POINT ( 'NONE',  ( 40.71172850843443314, 23.99999999999999289, 9.962576020688437950 ) ) ;
#1762 = ORIENTED_EDGE ( 'NONE', *, *, #2515, .T. ) ;
#1763 = DIRECTION ( 'NONE',  ( 0.000000000000000000, 0.000000000000000000, -1.000000000000000000 ) ) ;
#1764 = LINE ( 'NONE', #4963, #4475 ) ;
#1765 = ORIENTED_EDGE ( 'NONE', *, *, #3322, .F. ) ;
#1766 = LINE ( 'NONE', #192, #810 ) ;
#1767 = VERTEX_POINT ( 'NONE', #2725 ) ;
#1768 = DIRECTION ( 'NONE',  ( -1.000000000000000000, 0.000000000000000000, 0.000000000000000000 ) ) ;
#1769 = ORIENTED_EDGE ( 'NONE', *, *, #3020, .F. ) ;
#1770 = CARTESIAN_POINT ( 'NONE',  ( 34.63889492903951606, 25.50000000000000000, -13.99999999999998934 ) ) ;
#1771 = EDGE_CURVE ( 'NONE', #1087, #4815, #4183, .T. ) ;
#1772 = EDGE_LOOP ( 'NONE', ( #308, #2708 ) ) ;
#1773 = DIRECTION ( 'NONE',  ( -1.000000000000000000, 0.000000000000000000, 0.000000000000000000 ) ) ;
#1774 = EDGE_CURVE ( 'NONE', #4255, #788, #1965, .T. ) ;
#1775 = DIRECTION ( 'NONE',  ( 0.000000000000000000, 0.000000000000000000, -1.000000000000000000 ) ) ;
#1776 = ORIENTED_EDGE ( 'NONE', *, *, #3856, .F. ) ;
#1777 = LINE ( 'NONE', #4980, #1379 ) ;
#1778 = CARTESIAN_POINT ( 'NONE',  ( 50.00000000000000000, -12.50000000000000533, 24.10000000000000497 ) ) ;
#1779 = CARTESIAN_POINT ( 'NONE',  ( 31.98175873408076697, 15.21477547604705549, -24.09999999999999432 ) ) ;
#1780 = DIRECTION ( 'NONE',  ( 0.000000000000000000, 1.360567432138672328E-16, -1.000000000000000000 ) ) ;
#1781 = VERTEX_POINT ( 'NONE', #2768 ) ;
#1782 = ADVANCED_FACE ( 'NONE', ( #752 ), #1988, .F. ) ;
#1783 = CARTESIAN_POINT ( 'NONE',  ( 29.99999999999999289, -17.00000000000000000, -11.19999999999999929 ) ) ;
#1784 = DIRECTION ( 'NONE',  ( 0.000000000000000000, 0.000000000000000000, 1.000000000000000000 ) ) ;
#1785 = CARTESIAN_POINT ( 'NONE',  ( 11.99999999999999645, 9.112717118565566210, 25.50000000000000355 ) ) ;
#1786 = DIRECTION ( 'NONE',  ( -0.000000000000000000, -0.000000000000000000, -1.000000000000000000 ) ) ;
#1787 = DIRECTION ( 'NONE',  ( 0.000000000000000000, 1.360567432138672328E-16, -1.000000000000000000 ) ) ;
#1788 = CIRCLE ( 'NONE', #2788, 2.000000000000000000 ) ;
#1789 = ORIENTED_EDGE ( 'NONE', *, *, #2548, .T. ) ;
#1790 = LINE ( 'NONE', #2208, #884 ) ;
#1791 = VECTOR ( 'NONE', #3739, 1000.000000000000000 ) ;
#1792 = EDGE_LOOP ( 'NONE', ( #2718, #4909, #3255, #20 ) ) ;
#1793 = DIRECTION ( 'NONE',  ( 0.000000000000000000, -1.000000000000000000, -1.360567432138672328E-16 ) ) ;
#1794 = ORIENTED_EDGE ( 'NONE', *, *, #3228, .F. ) ;
#1795 = DIRECTION ( 'NONE',  ( -1.000000000000000000, 0.000000000000000000, 0.000000000000000000 ) ) ;
#1796 = ORIENTED_EDGE ( 'NONE', *, *, #519, .T. ) ;
#1797 = VECTOR ( 'NONE', #3066, 1000.000000000000000 ) ;
#1798 = CARTESIAN_POINT ( 'NONE',  ( 19.99999999999998224, -17.00000000000000000, -11.90000000000000213 ) ) ;
#1799 = EDGE_CURVE ( 'NONE', #92, #4768, #2633, .T. ) ;
#1800 = CIRCLE ( 'NONE', #4692, 0.6999999999999975131 ) ;
#1801 = AXIS2_PLACEMENT_3D ( 'NONE', #2065, #1259, #1724 ) ;
#1802 = FACE_BOUND ( 'NONE', #2940, .T. ) ;
#1803 = ORIENTED_EDGE ( 'NONE', *, *, #3141, .F. ) ;
#1804 = CARTESIAN_POINT ( 'NONE',  ( 24.99999999999999289, 24.09999999999999787, -5.883035849229873548 ) ) ;
#1805 = DIRECTION ( 'NONE',  ( -1.297097214700455342E-32, -1.000000000000000000, -1.196361017915039486E-16 ) ) ;
#1806 = CIRCLE ( 'NONE', #3625, 2.000000000000000000 ) ;
#1807 = CARTESIAN_POINT ( 'NONE',  ( 19.55062435217081074, 18.49999999999999289, -25.49999999999999645 ) ) ;
#1808 = ORIENTED_EDGE ( 'NONE', *, *, #3105, .F. ) ;
#1809 = CARTESIAN_POINT ( 'NONE',  ( 40.00000000000000711, -25.50000000000000355, 17.00000000000000711 ) ) ;
#1810 = ORIENTED_EDGE ( 'NONE', *, *, #3052, .T. ) ;
#1811 = CARTESIAN_POINT ( 'NONE',  ( 31.98175873408075987, 15.21477547604705016, -25.49999999999999645 ) ) ;
#1812 = CARTESIAN_POINT ( 'NONE',  ( 19.55062435217081074, 18.49999999999998934, 24.10000000000000497 ) ) ;
#1813 = ORIENTED_EDGE ( 'NONE', *, *, #3494, .F. ) ;
#1814 = ADVANCED_FACE ( 'NONE', ( #699 ), #1209, .T. ) ;
#1815 = DIRECTION ( 'NONE',  ( 0.000000000000000000, -1.000000000000000000, 0.000000000000000000 ) ) ;
#1816 = DIRECTION ( 'NONE',  ( 1.000000000000000000, 0.000000000000000000, 0.000000000000000000 ) ) ;
#1817 = EDGE_LOOP ( 'NONE', ( #2270, #1393, #2129, #4948 ) ) ;
#1818 = CARTESIAN_POINT ( 'NONE',  ( 24.99999999999999289, 10.00266749681904344, 29.00000000000001066 ) ) ;
#1819 = ADVANCED_FACE ( 'NONE', ( #2340 ), #2792, .F. ) ;
#1820 = ORIENTED_EDGE ( 'NONE', *, *, #4631, .F. ) ;
#1821 = CARTESIAN_POINT ( 'NONE',  ( 29.34082191108051774, 1.714775476047054159, -25.49999999999999645 ) ) ;
#1822 = VERTEX_POINT ( 'NONE', #1942 ) ;
#1823 = DIRECTION ( 'NONE',  ( 0.000000000000000000, 0.000000000000000000, -1.000000000000000000 ) ) ;
#1824 = ORIENTED_EDGE ( 'NONE', *, *, #3473, .F. ) ;
#1825 = CARTESIAN_POINT ( 'NONE',  ( 30.44937564782918216, -10.50000000000000533, 29.00000000000000711 ) ) ;
#1826 = VECTOR ( 'NONE', #2232, 1000.000000000000000 ) ;
#1827 = VERTEX_POINT ( 'NONE', #5085 ) ;
#1828 = DIRECTION ( 'NONE',  ( 0.000000000000000000, 0.000000000000000000, -1.000000000000000000 ) ) ;
#1829 = VERTEX_POINT ( 'NONE', #2286 ) ;
#1830 = VECTOR ( 'NONE', #3010, 1000.000000000000000 ) ;
#1831 = CARTESIAN_POINT ( 'NONE',  ( 41.99999999999999289, 23.99999999999999289, 10.43275362445433530 ) ) ;
#1832 = DIRECTION ( 'NONE',  ( 0.000000000000000000, 0.000000000000000000, -1.000000000000000000 ) ) ;
#1833 = CARTESIAN_POINT ( 'NONE',  ( 30.69783357939493484, 24.09999999999999787, -1.529822396234086668 ) ) ;
#1834 = VECTOR ( 'NONE', #91, 999.9999999999998863 ) ;
#1835 = ORIENTED_EDGE ( 'NONE', *, *, #4023, .F. ) ;
#1836 = DIRECTION ( 'NONE',  ( 7.325598456071612387E-33, -1.196361017915039486E-16, 1.000000000000000000 ) ) ;
#1837 = ORIENTED_EDGE ( 'NONE', *, *, #363, .F. ) ;
#1838 = PLANE ( 'NONE',  #2187 ) ;
#1839 = ADVANCED_FACE ( 'NONE', ( #1552 ), #3132, .F. ) ;
#1840 = LINE ( 'NONE', #239, #1646 ) ;
#1841 = VERTEX_POINT ( 'NONE', #3155 ) ;
#1842 = AXIS2_PLACEMENT_3D ( 'NONE', #543, #3747, #1352 ) ;
#1843 = CARTESIAN_POINT ( 'NONE',  ( 0.000000000000000000, 24.09999999999999787, -24.09999999999999432 ) ) ;
#1844 = EDGE_CURVE ( 'NONE', #4098, #381, #148, .T. ) ;
#1845 = VERTEX_POINT ( 'NONE', #3849 ) ;
#1846 = LINE ( 'NONE', #3428, #1797 ) ;
#1847 = VERTEX_POINT ( 'NONE', #313 ) ;
#1848 = DIRECTION ( 'NONE',  ( 0.000000000000000000, 1.360567432138672328E-16, -1.000000000000000000 ) ) ;
#1849 = EDGE_CURVE ( 'NONE', #856, #3558, #3279, .T. ) ;
#1850 = EDGE_LOOP ( 'NONE', ( #1679, #376, #2608, #1076 ) ) ;
#1851 = DIRECTION ( 'NONE',  ( -0.000000000000000000, -0.000000000000000000, 1.000000000000000000 ) ) ;
#1852 = ORIENTED_EDGE ( 'NONE', *, *, #2607, .F. ) ;
#1853 = CARTESIAN_POINT ( 'NONE',  ( 5.000000000000011546, 20.49999999999999289, 24.10000000000000497 ) ) ;
#1854 = EDGE_LOOP ( 'NONE', ( #2088, #4941 ) ) ;
#1855 = DIRECTION ( 'NONE',  ( -6.123233995736766036E-17, 1.000000000000000000, 0.000000000000000000 ) ) ;
#1856 = ORIENTED_EDGE ( 'NONE', *, *, #4213, .T. ) ;
#1857 = LINE ( 'NONE', #696, #2537 ) ;
#1858 = DIRECTION ( 'NONE',  ( -1.000000000000000000, 0.000000000000000000, 0.000000000000000000 ) ) ;
#1859 = CARTESIAN_POINT ( 'NONE',  ( 24.99999999999999645, -25.50000000000000355, 12.59999999999999076 ) ) ;
#1860 = VECTOR ( 'NONE', #3071, 1000.000000000000000 ) ;
#1861 = EDGE_LOOP ( 'NONE', ( #5044, #2186, #1126, #1132, #1049, #1776, #1371 ) ) ;
#1862 = LINE ( 'NONE', #5009, #1915 ) ;
#1863 = ORIENTED_EDGE ( 'NONE', *, *, #3824, .T. ) ;
#1864 = VECTOR ( 'NONE', #4418, 1000.000000000000000 ) ;
#1865 = FACE_OUTER_BOUND ( 'NONE', #2420, .T. ) ;
#1866 = DIRECTION ( 'NONE',  ( 0.000000000000000000, 1.000000000000000000, 0.000000000000000000 ) ) ;
#1867 = DIRECTION ( 'NONE',  ( 0.000000000000000000, 1.000000000000000000, 0.000000000000000000 ) ) ;
#1868 = EDGE_CURVE ( 'NONE', #2365, #2479, #1474, .T. ) ;
#1869 = EDGE_CURVE ( 'NONE', #247, #1365, #1699, .T. ) ;
#1870 = DIRECTION ( 'NONE',  ( 0.000000000000000000, 0.000000000000000000, -1.000000000000000000 ) ) ;
#1871 = ORIENTED_EDGE ( 'NONE', *, *, #4950, .T. ) ;
#1872 = DIRECTION ( 'NONE',  ( -1.000000000000000000, 1.677028837704906887E-48, 0.000000000000000000 ) ) ;
#1873 = ORIENTED_EDGE ( 'NONE', *, *, #4735, .T. ) ;
#1874 = VECTOR ( 'NONE', #3415, 999.9999999999998863 ) ;
#1875 = DIRECTION ( 'NONE',  ( 0.000000000000000000, -1.360567432138672328E-16, 1.000000000000000000 ) ) ;
#1876 = ORIENTED_EDGE ( 'NONE', *, *, #731, .F. ) ;
#1877 = ORIENTED_EDGE ( 'NONE', *, *, #4827, .T. ) ;
#1878 = PLANE ( 'NONE',  #1401 ) ;
#1879 = EDGE_CURVE ( 'NONE', #2826, #2300, #1315, .T. ) ;
#1880 = DIRECTION ( 'NONE',  ( 0.000000000000000000, 0.000000000000000000, -1.000000000000000000 ) ) ;
#1881 = CIRCLE ( 'NONE', #3056, 2.000000000000000000 ) ;
#1882 = VECTOR ( 'NONE', #2344, 1000.000000000000000 ) ;
#1883 = EDGE_LOOP ( 'NONE', ( #1066, #2261, #1837, #4502 ) ) ;
#1884 = FACE_OUTER_BOUND ( 'NONE', #2427, .T. ) ;
#1885 = EDGE_LOOP ( 'NONE', ( #3225, #2704, #283, #5063 ) ) ;
#1886 = FACE_BOUND ( 'NONE', #633, .T. ) ;
#1887 = PLANE ( 'NONE',  #1307 ) ;
#1888 = AXIS2_PLACEMENT_3D ( 'NONE', #4413, #3282, #1287 ) ;
#1889 = ADVANCED_FACE ( 'NONE', ( #3229 ), #3970, .F. ) ;
#1890 = VECTOR ( 'NONE', #4204, 1000.000000000000000 ) ;
#1891 = ORIENTED_EDGE ( 'NONE', *, *, #3726, .T. ) ;
#1892 = CYLINDRICAL_SURFACE ( 'NONE', #4273, 2.000000000000001776 ) ;
#1893 = AXIS2_PLACEMENT_3D ( 'NONE', #820, #2111, #2009 ) ;
#1894 = EDGE_LOOP ( 'NONE', ( #3270, #4716, #5056, #3362 ) ) ;
#1895 = VECTOR ( 'NONE', #3945, 1000.000000000000000 ) ;
#1896 = CYLINDRICAL_SURFACE ( 'NONE', #2107, 2.000000000000000000 ) ;
#1897 = CARTESIAN_POINT ( 'NONE',  ( 23.46761691374839742, 8.717442972866106032, 24.10000000000000497 ) ) ;
#1898 = CARTESIAN_POINT ( 'NONE',  ( 24.99999999999999289, -4.002667496819048765, 29.00000000000000711 ) ) ;
#1899 = VECTOR ( 'NONE', #2289, 1000.000000000000000 ) ;
#1900 = CARTESIAN_POINT ( 'NONE',  ( 31.98175873408075987, 15.21477547604705016, 29.00000000000000711 ) ) ;
#1901 = ORIENTED_EDGE ( 'NONE', *, *, #1348, .T. ) ;
#1902 = CARTESIAN_POINT ( 'NONE',  ( 20.65917808891946805, 4.285224523952948061, -24.09999999999999432 ) ) ;
#1903 = EDGE_CURVE ( 'NONE', #4943, #4667, #320, .T. ) ;
#1904 = VERTEX_POINT ( 'NONE', #1654 ) ;
#1905 = CARTESIAN_POINT ( 'NONE',  ( 34.63889492903948764, 25.49999999999999289, 14.00000000000001421 ) ) ;
#1906 = ORIENTED_EDGE ( 'NONE', *, *, #74, .T. ) ;
#1907 = CARTESIAN_POINT ( 'NONE',  ( 29.99999999999999289, -25.50000000000000355, -11.90000000000000213 ) ) ;
#1908 = ADVANCED_FACE ( 'NONE', ( #846 ), #124, .F. ) ;
#1909 = DIRECTION ( 'NONE',  ( 0.000000000000000000, 0.000000000000000000, -1.000000000000000000 ) ) ;
#1910 = ORIENTED_EDGE ( 'NONE', *, *, #3824, .F. ) ;
#1911 = LINE ( 'NONE', #3897, #2637 ) ;
#1912 = ORIENTED_EDGE ( 'NONE', *, *, #2257, .F. ) ;
#1913 = EDGE_CURVE ( 'NONE', #2356, #4698, #100, .T. ) ;
#1914 = DIRECTION ( 'NONE',  ( 1.000000000000000000, 0.000000000000000000, 0.000000000000000000 ) ) ;
#1915 = VECTOR ( 'NONE', #1477, 1000.000000000000000 ) ;
#1916 = ORIENTED_EDGE ( 'NONE', *, *, #2325, .T. ) ;
#1917 = VECTOR ( 'NONE', #5043, 1000.000000000000114 ) ;
#1918 = CARTESIAN_POINT ( 'NONE',  ( 50.00000000000000000, -24.09999999999999787, -24.09999999999999432 ) ) ;
#1919 = ORIENTED_EDGE ( 'NONE', *, *, #4517, .F. ) ;
#1920 = EDGE_CURVE ( 'NONE', #492, #2668, #2429, .T. ) ;
#1921 = CARTESIAN_POINT ( 'NONE',  ( 38.00000000000000000, -3.112717118565574648, -25.50000000000000000 ) ) ;
#1922 = FACE_BOUND ( 'NONE', #3212, .T. ) ;
#1923 = CARTESIAN_POINT ( 'NONE',  ( 4.999999999999994671, 24.09999999999999787, 18.50000000000000355 ) ) ;
#1924 = CIRCLE ( 'NONE', #507, 0.6999999999999975131 ) ;
#1925 = CARTESIAN_POINT ( 'NONE',  ( 38.00000000000000000, -3.112717118565575092, -24.09999999999999432 ) ) ;
#1926 = ORIENTED_EDGE ( 'NONE', *, *, #174, .F. ) ;
#1927 = CIRCLE ( 'NONE', #4391, 2.000000000000000000 ) ;
#1928 = FACE_OUTER_BOUND ( 'NONE', #4739, .T. ) ;
#1929 = EDGE_LOOP ( 'NONE', ( #630, #4347, #3097, #578 ) ) ;
#1930 = CIRCLE ( 'NONE', #2837, 2.000000000000000000 ) ;
#1931 = LINE ( 'NONE', #4663, #3902 ) ;
#1932 = ORIENTED_EDGE ( 'NONE', *, *, #570, .F. ) ;
#1933 = SURFACE_SIDE_STYLE ('',( #1544 ) ) ;
#1934 = EDGE_CURVE ( 'NONE', #2093, #708, #4043, .T. ) ;
#1935 = LINE ( 'NONE', #5077, #3319 ) ;
#1936 = EDGE_CURVE ( 'NONE', #997, #2689, #1970, .T. ) ;
#1937 = ORIENTED_EDGE ( 'NONE', *, *, #4276, .T. ) ;
#1938 = CARTESIAN_POINT ( 'NONE',  ( 5.000000000000000000, 25.50000000000000000, -18.49999999999999645 ) ) ;
#1939 = EDGE_LOOP ( 'NONE', ( #4718, #2818, #4208, #955 ) ) ;
#1940 = CARTESIAN_POINT ( 'NONE',  ( 34.46761691374841519, -4.397941642518517824, 24.10000000000000497 ) ) ;
#1941 = VERTEX_POINT ( 'NONE', #4360 ) ;
#1942 = CARTESIAN_POINT ( 'NONE',  ( 29.34082191108050353, 1.714775476047061042, -24.09999999999999432 ) ) ;
#1943 = VERTEX_POINT ( 'NONE', #4068 ) ;
#1944 = CARTESIAN_POINT ( 'NONE',  ( 41.99999999999999289, 23.99999999999999289, -8.432753624454297992 ) ) ;
#1945 = LINE ( 'NONE', #780, #2392 ) ;
#1946 = PLANE ( 'NONE',  #2542 ) ;
#1947 = AXIS2_PLACEMENT_3D ( 'NONE', #5052, #4638, #3098 ) ;
#1948 = EDGE_CURVE ( 'NONE', #4637, #131, #3307, .T. ) ;
#1949 = DIRECTION ( 'NONE',  ( -1.000000000000000000, 1.297097214700455342E-32, 0.000000000000000000 ) ) ;
#1950 = EDGE_LOOP ( 'NONE', ( #4618, #4147, #936, #4750, #1445, #2656 ) ) ;
#1951 = DIRECTION ( 'NONE',  ( 0.000000000000000000, 0.000000000000000000, -1.000000000000000000 ) ) ;
#1952 = EDGE_CURVE ( 'NONE', #2027, #5070, #2114, .T. ) ;
#1953 = CARTESIAN_POINT ( 'NONE',  ( 17.55062435217081429, 16.49999999999999289, 25.50000000000000355 ) ) ;
#1954 = CIRCLE ( 'NONE', #4005, 0.6999999999999975131 ) ;
#1955 = EDGE_LOOP ( 'NONE', ( #1961, #419, #5030, #1227 ) ) ;
#1956 = CARTESIAN_POINT ( 'NONE',  ( 46.75135070846528151, -26.82467359935169426, -24.09999999999999432 ) ) ;
#1957 = VECTOR ( 'NONE', #3926, 1000.000000000000000 ) ;
#1958 = CARTESIAN_POINT ( 'NONE',  ( 31.98175873408075987, -9.214775476047060820, -24.09999999999999432 ) ) ;
#1959 = ORIENTED_EDGE ( 'NONE', *, *, #3340, .T. ) ;
#1960 = CARTESIAN_POINT ( 'NONE',  ( 53.11179803544560940, 24.09999999999999787, -20.40473983290833715 ) ) ;
#1961 = ORIENTED_EDGE ( 'NONE', *, *, #839, .F. ) ;
#1962 = AXIS2_PLACEMENT_3D ( 'NONE', #4101, #2620, #4182 ) ;
#1963 = DIRECTION ( 'NONE',  ( 0.000000000000000000, 0.000000000000000000, -1.000000000000000000 ) ) ;
#1964 = EDGE_CURVE ( 'NONE', #3888, #1340, #2050, .T. ) ;
#1965 = LINE ( 'NONE', #1918, #2215 ) ;
#1966 = EDGE_LOOP ( 'NONE', ( #3775, #723, #330, #2334 ) ) ;
#1967 = CARTESIAN_POINT ( 'NONE',  ( 55.00000000000000711, -25.50000000000000355, 26.99999999999999645 ) ) ;
#1968 = DIRECTION ( 'NONE',  ( 0.000000000000000000, 1.000000000000000000, 1.360567432138672328E-16 ) ) ;
#1969 = DIRECTION ( 'NONE',  ( 0.000000000000000000, 0.000000000000000000, -1.000000000000000000 ) ) ;
#1970 = CIRCLE ( 'NONE', #4280, 0.7000000000000009548 ) ;
#1971 = DIRECTION ( 'NONE',  ( -1.297097214700455342E-32, -1.000000000000000000, -1.196361017915039486E-16 ) ) ;
#1972 = EDGE_LOOP ( 'NONE', ( #1438, #1245, #1919, #1824 ) ) ;
#1973 = EDGE_CURVE ( 'NONE', #1299, #3495, #2403, .T. ) ;
#1974 = DIRECTION ( 'NONE',  ( -0.6426122619764709221, -0.7661915431257927400, 0.000000000000000000 ) ) ;
#1975 = CIRCLE ( 'NONE', #1567, 0.9999999999999974465 ) ;
#1976 = CIRCLE ( 'NONE', #2886, 2.000000000000001776 ) ;
#1977 = DIRECTION ( 'NONE',  ( -0.000000000000000000, -0.000000000000000000, 1.000000000000000000 ) ) ;
#1978 = DIRECTION ( 'NONE',  ( -0.000000000000000000, 1.000000000000000000, -0.000000000000000000 ) ) ;
#1979 = ORIENTED_EDGE ( 'NONE', *, *, #2296, .F. ) ;
#1980 = DIRECTION ( 'NONE',  ( 0.000000000000000000, 0.000000000000000000, 1.000000000000000000 ) ) ;
#1981 = EDGE_CURVE ( 'NONE', #1943, #4271, #2722, .T. ) ;
#1982 = EDGE_CURVE ( 'NONE', #1365, #1632, #2455, .T. ) ;
#1983 = CARTESIAN_POINT ( 'NONE',  ( 6.000000000000013323, -14.50000000000000888, -25.50000000000000355 ) ) ;
#1984 = ORIENTED_EDGE ( 'NONE', *, *, #2475, .F. ) ;
#1985 = DIRECTION ( 'NONE',  ( 0.000000000000000000, 1.000000000000000000, 1.360567432138672328E-16 ) ) ;
#1986 = VERTEX_POINT ( 'NONE', #484 ) ;
#1987 = DIRECTION ( 'NONE',  ( 0.000000000000000000, 0.000000000000000000, -1.000000000000000000 ) ) ;
#1988 = CYLINDRICAL_SURFACE ( 'NONE', #475, 1.500000000000001332 ) ;
#1989 = VERTEX_POINT ( 'NONE', #2067 ) ;
#1990 = DIRECTION ( 'NONE',  ( 0.000000000000000000, 1.000000000000000000, 1.360567432138672328E-16 ) ) ;
#1991 = CARTESIAN_POINT ( 'NONE',  ( 28.00000000000004974, -79.58326913195983821, 17.00000000000000000 ) ) ;
#1992 = DIRECTION ( 'NONE',  ( -1.000000000000000000, 0.000000000000000000, 0.000000000000000000 ) ) ;
#1993 = AXIS2_PLACEMENT_3D ( 'NONE', #2703, #1036, #4572 ) ;
#1994 = CARTESIAN_POINT ( 'NONE',  ( 5.000000000000011546, 20.49999999999999289, -25.49999999999999645 ) ) ;
#1995 = EDGE_LOOP ( 'NONE', ( #5008, #3434, #7, #1511 ) ) ;
#1996 = EDGE_CURVE ( 'NONE', #1989, #131, #3047, .T. ) ;
#1997 = DIRECTION ( 'NONE',  ( 0.000000000000000000, 0.000000000000000000, 1.000000000000000000 ) ) ;
#1998 = AXIS2_PLACEMENT_3D ( 'NONE', #1617, #452, #4788 ) ;
#1999 = DIRECTION ( 'NONE',  ( 1.000000000000000000, -1.677028837704906887E-48, 0.000000000000000000 ) ) ;
#2000 = EDGE_CURVE ( 'NONE', #2687, #4086, #4435, .T. ) ;
#2001 = AXIS2_PLACEMENT_3D ( 'NONE', #1689, #447, #3586 ) ;
#2002 = CARTESIAN_POINT ( 'NONE',  ( 56.99999999999999289, -25.50000000000000000, -26.99999999999998934 ) ) ;
#2003 = ORIENTED_EDGE ( 'NONE', *, *, #1086, .T. ) ;
#2004 = CARTESIAN_POINT ( 'NONE',  ( 24.99999999999998934, -17.00000000000000000, -11.90000000000000213 ) ) ;
#2005 = EDGE_CURVE ( 'NONE', #932, #3764, #2466, .T. ) ;
#2006 = EDGE_CURVE ( 'NONE', #3865, #2646, #2958, .T. ) ;
#2007 = CARTESIAN_POINT ( 'NONE',  ( 9.288271491565545546, 24.09999999999999787, 9.962576020688437950 ) ) ;
#2008 = ORIENTED_EDGE ( 'NONE', *, *, #1158, .F. ) ;
#2009 = DIRECTION ( 'NONE',  ( 0.000000000000000000, 0.000000000000000000, -1.000000000000000000 ) ) ;
#2010 = ORIENTED_EDGE ( 'NONE', *, *, #4496, .T. ) ;
#2011 = DIRECTION ( 'NONE',  ( -1.000000000000000000, 0.000000000000000000, 0.000000000000000000 ) ) ;
#2012 = ADVANCED_FACE ( 'NONE', ( #968 ), #3413, .T. ) ;
#2013 = AXIS2_PLACEMENT_3D ( 'NONE', #4493, #1736, #3673 ) ;
#2014 = CARTESIAN_POINT ( 'NONE',  ( 15.53238308625158304, -4.397941642518517824, 29.00000000000000711 ) ) ;
#2015 = ORIENTED_EDGE ( 'NONE', *, *, #803, .F. ) ;
#2016 = CARTESIAN_POINT ( 'NONE',  ( 5.000000000000011546, -14.50000000000000888, 25.49999999999999645 ) ) ;
#2017 = CARTESIAN_POINT ( 'NONE',  ( 34.46761691374841519, 10.39794164251851427, -24.09999999999999432 ) ) ;
#2018 = CARTESIAN_POINT ( 'NONE',  ( 45.00000000000000000, 25.49999999999999289, 20.00000000000000711 ) ) ;
#2019 = CARTESIAN_POINT ( 'NONE',  ( 45.00000000000001421, -14.50000000000000888, -25.50000000000000355 ) ) ;
#2020 = EDGE_LOOP ( 'NONE', ( #1012, #541, #2182, #3942, #874, #1577, #1436 ) ) ;
#2021 = CIRCLE ( 'NONE', #4409, 1.500000000000001332 ) ;
#2022 = VERTEX_POINT ( 'NONE', #3022 ) ;
#2023 = ADVANCED_FACE ( 'NONE', ( #4561, #1364, #3815, #2944, #4585, #4507, #4534, #3758, #1802 ), #2559, .T. ) ;
#2024 = EDGE_CURVE ( 'NONE', #3049, #1103, #5101, .T. ) ;
#2025 = CARTESIAN_POINT ( 'NONE',  ( 47.44066042135472117, -27.64654287241217290, 25.49999999999999645 ) ) ;
#2026 = DIRECTION ( 'NONE',  ( 0.000000000000000000, -0.000000000000000000, 1.000000000000000000 ) ) ;
#2027 = VERTEX_POINT ( 'NONE', #202 ) ;
#2028 = CARTESIAN_POINT ( 'NONE',  ( 45.00000000000000000, 23.99999999999998934, 20.00000000000000711 ) ) ;
#2029 = EDGE_LOOP ( 'NONE', ( #2351, #4985, #2279, #1932 ) ) ;
#2030 = AXIS2_PLACEMENT_3D ( 'NONE', #343, #3972, #1211 ) ;
#2031 = DIRECTION ( 'NONE',  ( -0.000000000000000000, 1.000000000000000000, -0.000000000000000000 ) ) ;
#2032 = ORIENTED_EDGE ( 'NONE', *, *, #663, .T. ) ;
#2033 = CARTESIAN_POINT ( 'NONE',  ( 38.00000000000000000, -3.112717118565575092, 25.50000000000000000 ) ) ;
#2034 = ORIENTED_EDGE ( 'NONE', *, *, #4178, .F. ) ;
#2035 = CARTESIAN_POINT ( 'NONE',  ( 5.000000000000011546, 20.49999999999999289, 29.00000000000001066 ) ) ;
#2036 = EDGE_CURVE ( 'NONE', #3095, #3810, #4141, .T. ) ;
#2037 = VECTOR ( 'NONE', #510, 1000.000000000000000 ) ;
#2038 = CARTESIAN_POINT ( 'NONE',  ( 5.999999999999995559, 23.99999999999999289, 8.432753624454337071 ) ) ;
#2039 = EDGE_LOOP ( 'NONE', ( #3302, #3571, #2401, #3569 ) ) ;
#2040 = DIRECTION ( 'NONE',  ( -1.297097214700455342E-32, -1.000000000000000000, -1.196361017915039486E-16 ) ) ;
#2041 = DIRECTION ( 'NONE',  ( -1.000000000000000000, 0.000000000000000000, 0.000000000000000000 ) ) ;
#2042 = ADVANCED_FACE ( 'NONE', ( #2223 ), #2531, .F. ) ;
#2043 = DIRECTION ( 'NONE',  ( -1.000000000000000000, 0.000000000000000000, 0.000000000000000000 ) ) ;
#2044 = DIRECTION ( 'NONE',  ( -1.000000000000000000, -6.123233995736766036E-17, 0.000000000000000000 ) ) ;
#2045 = ORIENTED_EDGE ( 'NONE', *, *, #1903, .T. ) ;
#2046 = CARTESIAN_POINT ( 'NONE',  ( 24.99999999999999645, -27.00000000000000355, 11.89999999999999325 ) ) ;
#2047 = AXIS2_PLACEMENT_3D ( 'NONE', #2534, #4093, #3996 ) ;
#2048 = AXIS2_PLACEMENT_3D ( 'NONE', #3389, #613, #2171 ) ;
#2049 = ORIENTED_EDGE ( 'NONE', *, *, #1328, .T. ) ;
#2050 = CIRCLE ( 'NONE', #3210, 0.6999999999999975131 ) ;
#2051 = AXIS2_PLACEMENT_3D ( 'NONE', #3860, #1589, #3912 ) ;
#2052 = DIRECTION ( 'NONE',  ( 0.000000000000000000, 0.000000000000000000, -1.000000000000000000 ) ) ;
#2053 = DIRECTION ( 'NONE',  ( -0.6426122619764711441, -0.7661915431257925180, 0.000000000000000000 ) ) ;
#2054 = ORIENTED_EDGE ( 'NONE', *, *, #143, .F. ) ;
#2055 = FACE_BOUND ( 'NONE', #1610, .T. ) ;
#2056 = EDGE_CURVE ( 'NONE', #4447, #4469, #973, .T. ) ;
#2057 = CIRCLE ( 'NONE', #3948, 4.999999999999997335 ) ;
#2058 = AXIS2_PLACEMENT_3D ( 'NONE', #639, #2671, #4231 ) ;
#2059 = VECTOR ( 'NONE', #1968, 1000.000000000000000 ) ;
#2060 = LINE ( 'NONE', #2861, #4965 ) ;
#2061 = VERTEX_POINT ( 'NONE', #1392 ) ;
#2062 = DIRECTION ( 'NONE',  ( -0.000000000000000000, 1.000000000000000000, -0.000000000000000000 ) ) ;
#2063 = EDGE_CURVE ( 'NONE', #1316, #4815, #227, .T. ) ;
#2064 = ORIENTED_EDGE ( 'NONE', *, *, #3933, .F. ) ;
#2065 = CARTESIAN_POINT ( 'NONE',  ( 30.44937564782917150, 16.49999999999999289, -24.09999999999999432 ) ) ;
#2066 = EDGE_CURVE ( 'NONE', #981, #1171, #1800, .T. ) ;
#2067 = CARTESIAN_POINT ( 'NONE',  ( 29.34082191108051774, 4.285224523952944509, 24.10000000000000497 ) ) ;
#2068 = EDGE_LOOP ( 'NONE', ( #2250, #573, #1414, #1877, #903, #1810 ) ) ;
#2069 = LINE ( 'NONE', #4412, #219 ) ;
#2070 = DIRECTION ( 'NONE',  ( 0.000000000000000000, 1.360567432138672328E-16, -1.000000000000000000 ) ) ;
#2071 = CARTESIAN_POINT ( 'NONE',  ( 24.99999999999999289, 24.09999999999999787, -3.883035849229873993 ) ) ;
#2072 = CARTESIAN_POINT ( 'NONE',  ( 5.000000000000000000, 23.99999999999999645, -19.99999999999999645 ) ) ;
#2073 = VERTEX_POINT ( 'NONE', #2997 ) ;
#2074 = EDGE_CURVE ( 'NONE', #695, #4086, #1022, .T. ) ;
#2075 = CARTESIAN_POINT ( 'NONE',  ( 20.65917808891947516, 1.714775476047052383, 29.00000000000000711 ) ) ;
#2076 = VERTEX_POINT ( 'NONE', #254 ) ;
#2077 = VECTOR ( 'NONE', #3339, 1000.000000000000000 ) ;
#2078 = FACE_BOUND ( 'NONE', #1563, .T. ) ;
#2079 = PLANE ( 'NONE',  #4056 ) ;
#2080 = AXIS2_PLACEMENT_3D ( 'NONE', #1457, #3451, #321 ) ;
#2081 = VERTEX_POINT ( 'NONE', #665 ) ;
#2082 = DIRECTION ( 'NONE',  ( 0.000000000000000000, 0.000000000000000000, 1.000000000000000000 ) ) ;
#2083 = ORIENTED_EDGE ( 'NONE', *, *, #1369, .T. ) ;
#2084 = VECTOR ( 'NONE', #3808, 1000.000000000000000 ) ;
#2085 = FACE_BOUND ( 'NONE', #713, .T. ) ;
#2086 = ORIENTED_EDGE ( 'NONE', *, *, #36, .T. ) ;
#2087 = CARTESIAN_POINT ( 'NONE',  ( 6.000000000000013323, 20.49999999999999289, -24.09999999999999787 ) ) ;
#2088 = ORIENTED_EDGE ( 'NONE', *, *, #565, .T. ) ;
#2089 = CYLINDRICAL_SURFACE ( 'NONE', #4194, 2.000000000000000000 ) ;
#2090 = ADVANCED_FACE ( 'NONE', ( #2251 ), #556, .T. ) ;
#2091 = ADVANCED_FACE ( 'NONE', ( #2920 ), #2143, .F. ) ;
#2092 = CARTESIAN_POINT ( 'NONE',  ( 30.87320499733209900, 3.000000000000000888, 29.00000000000000711 ) ) ;
#2093 = VERTEX_POINT ( 'NONE', #307 ) ;
#2094 = CARTESIAN_POINT ( 'NONE',  ( 14.07283357939493484, 24.09999999999999787, 12.47017760376591156 ) ) ;
#2095 = DIRECTION ( 'NONE',  ( -0.000000000000000000, -0.000000000000000000, -1.000000000000000000 ) ) ;
#2096 = LINE ( 'NONE', #129, #3038 ) ;
#2097 = VECTOR ( 'NONE', #855, 999.9999999999998863 ) ;
#2098 = LINE ( 'NONE', #4443, #1668 ) ;
#2099 = ORIENTED_EDGE ( 'NONE', *, *, #2480, .T. ) ;
#2100 = DIRECTION ( 'NONE',  ( 0.000000000000000000, 0.000000000000000000, -1.000000000000000000 ) ) ;
#2101 = EDGE_LOOP ( 'NONE', ( #3027, #2560, #2735, #4114 ) ) ;
#2102 = ADVANCED_FACE ( 'NONE', ( #1884 ), #4617, .T. ) ;
#2103 = DIRECTION ( 'NONE',  ( 0.000000000000000000, -1.360567432138672328E-16, 1.000000000000000000 ) ) ;
#2104 = LINE ( 'NONE', #2779, #3813 ) ;
#2105 = ORIENTED_EDGE ( 'NONE', *, *, #2480, .F. ) ;
#2106 = DIRECTION ( 'NONE',  ( -0.000000000000000000, -0.000000000000000000, 1.000000000000000000 ) ) ;
#2107 = AXIS2_PLACEMENT_3D ( 'NONE', #4179, #315, #619 ) ;
#2108 = ORIENTED_EDGE ( 'NONE', *, *, #4042, .T. ) ;
#2109 = DIRECTION ( 'NONE',  ( -0.000000000000000000, -0.000000000000000000, 1.000000000000000000 ) ) ;
#2110 = EDGE_LOOP ( 'NONE', ( #3308, #3639, #2, #4012 ) ) ;
#2111 = DIRECTION ( 'NONE',  ( 1.297097214700455342E-32, 1.000000000000000000, 1.196361017915039486E-16 ) ) ;
#2112 = ORIENTED_EDGE ( 'NONE', *, *, #4496, .F. ) ;
#2113 = DIRECTION ( 'NONE',  ( -0.000000000000000000, -0.000000000000000000, 1.000000000000000000 ) ) ;
#2114 = LINE ( 'NONE', #3688, #3207 ) ;
#2115 = ORIENTED_EDGE ( 'NONE', *, *, #4244, .T. ) ;
#2116 = CYLINDRICAL_SURFACE ( 'NONE', #1623, 2.000000000000000000 ) ;
#2117 = EDGE_CURVE ( 'NONE', #2964, #2076, #4308, .T. ) ;
#2118 = DIRECTION ( 'NONE',  ( 0.000000000000000000, 0.000000000000000000, 1.000000000000000000 ) ) ;
#2119 = LINE ( 'NONE', #30, #2626 ) ;
#2120 = CARTESIAN_POINT ( 'NONE',  ( 38.00000000000000000, 9.112717118565569763, -24.09999999999999432 ) ) ;
#2121 = VERTEX_POINT ( 'NONE', #3496 ) ;
#2122 = DIRECTION ( 'NONE',  ( -1.000000000000000000, 0.000000000000000000, 0.000000000000000000 ) ) ;
#2123 = CIRCLE ( 'NONE', #1962, 1.000000000000000888 ) ;
#2124 = ORIENTED_EDGE ( 'NONE', *, *, #2739, .F. ) ;
#2125 = CARTESIAN_POINT ( 'NONE',  ( 11.98311083933538868, 23.99999999999999645, -14.22994412171076739 ) ) ;
#2126 = AXIS2_PLACEMENT_3D ( 'NONE', #3556, #5, #1584 ) ;
#2127 = LINE ( 'NONE', #4476, #2996 ) ;
#2128 = EDGE_CURVE ( 'NONE', #1690, #3108, #2667, .T. ) ;
#2129 = ORIENTED_EDGE ( 'NONE', *, *, #1410, .F. ) ;
#2130 = AXIS2_PLACEMENT_3D ( 'NONE', #1164, #3904, #364 ) ;
#2131 = CIRCLE ( 'NONE', #5017, 1.000000000000000888 ) ;
#2132 = VERTEX_POINT ( 'NONE', #694 ) ;
#2133 = CARTESIAN_POINT ( 'NONE',  ( 45.00000000000000000, 24.09999999999999787, -18.49999999999998579 ) ) ;
#2134 = VECTOR ( 'NONE', #150, 1000.000000000000000 ) ;
#2135 = EDGE_CURVE ( 'NONE', #3230, #4711, #3469, .T. ) ;
#2136 = VECTOR ( 'NONE', #3847, 1000.000000000000000 ) ;
#2137 = VERTEX_POINT ( 'NONE', #1938 ) ;
#2138 = DIRECTION ( 'NONE',  ( 0.000000000000000000, 0.000000000000000000, -1.000000000000000000 ) ) ;
#2139 = ORIENTED_EDGE ( 'NONE', *, *, #595, .T. ) ;
#2140 = DIRECTION ( 'NONE',  ( -1.297097214700455342E-32, -1.000000000000000000, -1.196361017915039486E-16 ) ) ;
#2141 = AXIS2_PLACEMENT_3D ( 'NONE', #3196, #2400, #4428 ) ;
#2142 = VECTOR ( 'NONE', #280, 1000.000000000000000 ) ;
#2143 = CYLINDRICAL_SURFACE ( 'NONE', #560, 2.000000000000000000 ) ;
#2144 = ORIENTED_EDGE ( 'NONE', *, *, #3437, .F. ) ;
#2145 = DIRECTION ( 'NONE',  ( 0.000000000000000000, 0.000000000000000000, -1.000000000000000000 ) ) ;
#2146 = LINE ( 'NONE', #181, #2716 ) ;
#2147 = CYLINDRICAL_SURFACE ( 'NONE', #1137, 1.000000000000001776 ) ;
#2148 = LINE ( 'NONE', #3048, #1421 ) ;
#2149 = ORIENTED_EDGE ( 'NONE', *, *, #2256, .T. ) ;
#2150 = LINE ( 'NONE', #4956, #1581 ) ;
#2151 = CARTESIAN_POINT ( 'NONE',  ( 45.00000000000001421, 20.49999999999999289, 24.10000000000000497 ) ) ;
#2152 = LINE ( 'NONE', #189, #580 ) ;
#2153 = ORIENTED_EDGE ( 'NONE', *, *, #1207, .T. ) ;
#2154 = DIRECTION ( 'NONE',  ( 0.7649111981170508834, 0.000000000000000000, -0.6441357457827796562 ) ) ;
#2155 = VECTOR ( 'NONE', #1977, 1000.000000000000000 ) ;
#2156 = ADVANCED_FACE ( 'NONE', ( #1576 ), #1183, .F. ) ;
#2157 = EDGE_LOOP ( 'NONE', ( #3248, #4904, #551, #3702 ) ) ;
#2158 = VECTOR ( 'NONE', #3910, 1000.000000000000000 ) ;
#2159 = DIRECTION ( 'NONE',  ( 7.325598456071612387E-33, -1.196361017915039486E-16, 1.000000000000000000 ) ) ;
#2160 = ORIENTED_EDGE ( 'NONE', *, *, #2515, .F. ) ;
#2161 = DIRECTION ( 'NONE',  ( 0.000000000000000000, 1.000000000000000000, 0.000000000000000000 ) ) ;
#2162 = VERTEX_POINT ( 'NONE', #1497 ) ;
#2163 = FACE_OUTER_BOUND ( 'NONE', #2887, .T. ) ;
#2164 = VECTOR ( 'NONE', #988, 1000.000000000000000 ) ;
#2165 = EDGE_CURVE ( 'NONE', #2938, #2176, #2333, .T. ) ;
#2166 = CIRCLE ( 'NONE', #2582, 2.000000000000001776 ) ;
#2167 = CARTESIAN_POINT ( 'NONE',  ( 45.00000000000001421, 20.49999999999999289, 29.00000000000001066 ) ) ;
#2168 = ORIENTED_EDGE ( 'NONE', *, *, #4495, .T. ) ;
#2169 = FACE_OUTER_BOUND ( 'NONE', #1108, .T. ) ;
#2170 = LINE ( 'NONE', #4620, #155 ) ;
#2171 = DIRECTION ( 'NONE',  ( 1.000000000000000000, 0.000000000000000000, 0.000000000000000000 ) ) ;
#2172 = UNCERTAINTY_MEASURE_WITH_UNIT (LENGTH_MEASURE( 1.000000000000000082E-05 ), #3490, 'distance_accuracy_value', 'NONE');
#2173 = EDGE_LOOP ( 'NONE', ( #4945, #1210, #4658, #3444 ) ) ;
#2174 = DIRECTION ( 'NONE',  ( 0.000000000000000000, -1.000000000000000000, -1.360567432138672328E-16 ) ) ;
#2175 = CYLINDRICAL_SURFACE ( 'NONE', #3782, 2.000000000000001776 ) ;
#2176 = VERTEX_POINT ( 'NONE', #747 ) ;
#2177 = LINE ( 'NONE', #214, #3487 ) ;
#2178 = CARTESIAN_POINT ( 'NONE',  ( 30.44937564782918216, -10.50000000000000533, 29.00000000000000711 ) ) ;
#2179 = VERTEX_POINT ( 'NONE', #1161 ) ;
#2180 = DIRECTION ( 'NONE',  ( 0.000000000000000000, 0.000000000000000000, 1.000000000000000000 ) ) ;
#2181 = EDGE_CURVE ( 'NONE', #3085, #5072, #1911, .T. ) ;
#2182 = ORIENTED_EDGE ( 'NONE', *, *, #862, .T. ) ;
#2183 = LINE ( 'NONE', #933, #917 ) ;
#2184 = ORIENTED_EDGE ( 'NONE', *, *, #2978, .F. ) ;
#2185 = FACE_OUTER_BOUND ( 'NONE', #3832, .T. ) ;
#2186 = ORIENTED_EDGE ( 'NONE', *, *, #980, .T. ) ;
#2187 = AXIS2_PLACEMENT_3D ( 'NONE', #4059, #675, #139 ) ;
#2188 = AXIS2_PLACEMENT_3D ( 'NONE', #2463, #493, #2100 ) ;
#2189 = CARTESIAN_POINT ( 'NONE',  ( 4.000000000000009770, 20.49999999999999289, 29.00000000000001066 ) ) ;
#2190 = DIRECTION ( 'NONE',  ( 0.000000000000000000, 0.000000000000000000, -1.000000000000000000 ) ) ;
#2191 = VERTEX_POINT ( 'NONE', #1523 ) ;
#2192 = EDGE_CURVE ( 'NONE', #2422, #3788, #3126, .T. ) ;
#2193 = CARTESIAN_POINT ( 'NONE',  ( -4.999999999999997335, -27.00000000000000711, 29.00000000000000355 ) ) ;
#2194 = DIRECTION ( 'NONE',  ( -0.000000000000000000, 1.000000000000000000, -0.000000000000000000 ) ) ;
#2195 = DIRECTION ( 'NONE',  ( -0.000000000000000000, -0.000000000000000000, -1.000000000000000000 ) ) ;
#2196 = ORIENTED_EDGE ( 'NONE', *, *, #614, .T. ) ;
#2197 = AXIS2_PLACEMENT_3D ( 'NONE', #1967, #3598, #3505 ) ;
#2198 = CARTESIAN_POINT ( 'NONE',  ( 38.00000000000000000, -3.112717118565574648, 25.50000000000000000 ) ) ;
#2199 = ORIENTED_EDGE ( 'NONE', *, *, #174, .T. ) ;
#2200 = EDGE_CURVE ( 'NONE', #1822, #1460, #815, .T. ) ;
#2201 = CARTESIAN_POINT ( 'NONE',  ( 17.55062435217080008, -10.50000000000000533, -24.09999999999999432 ) ) ;
#2202 = FACE_OUTER_BOUND ( 'NONE', #1275, .T. ) ;
#2203 = DIRECTION ( 'NONE',  ( 0.000000000000000000, -1.360567432138672328E-16, 1.000000000000000000 ) ) ;
#2204 = CARTESIAN_POINT ( 'NONE',  ( 7.999999999999994671, 23.99999999999999289, 8.432753624454337071 ) ) ;
#2205 = CARTESIAN_POINT ( 'NONE',  ( 34.63889492903951606, 25.50000000000000000, -15.99999999999998934 ) ) ;
#2206 = AXIS2_PLACEMENT_3D ( 'NONE', #2952, #4211, #2264 ) ;
#2207 = ORIENTED_EDGE ( 'NONE', *, *, #1621, .T. ) ;
#2208 = CARTESIAN_POINT ( 'NONE',  ( -7.000000000000004441, -27.00000000000000000, -26.99999999999999645 ) ) ;
#2209 = VECTOR ( 'NONE', #3646, 1000.000000000000000 ) ;
#2210 = ORIENTED_EDGE ( 'NONE', *, *, #4232, .F. ) ;
#2211 = CARTESIAN_POINT ( 'NONE',  ( 30.87320499733209900, 3.000000000000000888, -25.49999999999999289 ) ) ;
#2212 = EDGE_CURVE ( 'NONE', #4404, #1767, #3943, .T. ) ;
#2213 = VERTEX_POINT ( 'NONE', #1081 ) ;
#2214 = LINE ( 'NONE', #4162, #4442 ) ;
#2215 = VECTOR ( 'NONE', #3947, 1000.000000000000000 ) ;
#2216 = EDGE_LOOP ( 'NONE', ( #3341, #4303, #725, #1426 ) ) ;
#2217 = AXIS2_PLACEMENT_3D ( 'NONE', #1151, #2757, #1997 ) ;
#2218 = CARTESIAN_POINT ( 'NONE',  ( 45.00000000000001421, -14.50000000000000888, 29.00000000000000355 ) ) ;
#2219 = VECTOR ( 'NONE', #5057, 999.9999999999998863 ) ;
#2220 = AXIS2_PLACEMENT_3D ( 'NONE', #1000, #3388, #4144 ) ;
#2221 = ADVANCED_FACE ( 'NONE', ( #771 ), #3874, .F. ) ;
#2222 = ORIENTED_EDGE ( 'NONE', *, *, #176, .T. ) ;
#2223 = FACE_OUTER_BOUND ( 'NONE', #2539, .T. ) ;
#2224 = ORIENTED_EDGE ( 'NONE', *, *, #2336, .T. ) ;
#2225 = CYLINDRICAL_SURFACE ( 'NONE', #3828, 0.7000000000000009548 ) ;
#2226 = LINE ( 'NONE', #3792, #1220 ) ;
#2227 = VECTOR ( 'NONE', #1619, 1000.000000000000000 ) ;
#2228 = AXIS2_PLACEMENT_3D ( 'NONE', #225, #2249, #606 ) ;
#2229 = CARTESIAN_POINT ( 'NONE',  ( 19.55062435217081074, 16.49999999999999289, 24.10000000000000497 ) ) ;
#2230 = EDGE_CURVE ( 'NONE', #1505, #2916, #2306, .T. ) ;
#2231 = ORIENTED_EDGE ( 'NONE', *, *, #339, .F. ) ;
#2232 = DIRECTION ( 'NONE',  ( -2.316323090289270973E-32, 1.000000000000000000, 1.360567432138672574E-16 ) ) ;
#2233 = ORIENTED_EDGE ( 'NONE', *, *, #3929, .F. ) ;
#2234 = DIRECTION ( 'NONE',  ( 0.000000000000000000, 0.000000000000000000, -1.000000000000000000 ) ) ;
#2235 = CARTESIAN_POINT ( 'NONE',  ( 50.00000000000000000, -12.50000000000000533, 25.50000000000000000 ) ) ;
#2236 = FACE_OUTER_BOUND ( 'NONE', #4532, .T. ) ;
#2237 = ADVANCED_FACE ( 'NONE', ( #3544 ), #1133, .T. ) ;
#2238 = EDGE_CURVE ( 'NONE', #1827, #2456, #2719, .T. ) ;
#2239 = CARTESIAN_POINT ( 'NONE',  ( 11.98311083933539578, 23.99999999999998934, 14.22994412171078693 ) ) ;
#2240 = SHAPE_DEFINITION_REPRESENTATION ( #4103, #1131 ) ;
#2241 = ORIENTED_EDGE ( 'NONE', *, *, #1952, .T. ) ;
#2242 = PLANE ( 'NONE',  #2878 ) ;
#2243 = VERTEX_POINT ( 'NONE', #4331 ) ;
#2244 = DIRECTION ( 'NONE',  ( -5.473822126268816683E-48, 1.000000000000000000, 1.360567432138672328E-16 ) ) ;
#2245 = AXIS2_PLACEMENT_3D ( 'NONE', #4903, #591, #1428 ) ;
#2246 = ORIENTED_EDGE ( 'NONE', *, *, #2632, .F. ) ;
#2247 = DIRECTION ( 'NONE',  ( -0.000000000000000000, -0.000000000000000000, -1.000000000000000000 ) ) ;
#2248 = VERTEX_POINT ( 'NONE', #1468 ) ;
#2249 = DIRECTION ( 'NONE',  ( 0.000000000000000000, 0.000000000000000000, -1.000000000000000000 ) ) ;
#2250 = ORIENTED_EDGE ( 'NONE', *, *, #3491, .F. ) ;
#2251 = FACE_OUTER_BOUND ( 'NONE', #4671, .T. ) ;
#2252 = ORIENTED_EDGE ( 'NONE', *, *, #3368, .T. ) ;
#2253 = DIRECTION ( 'NONE',  ( -1.000000000000000000, 1.297097214700455342E-32, 0.000000000000000000 ) ) ;
#2254 = DIRECTION ( 'NONE',  ( -0.6441357457827798783, -1.040713264636231050E-16, 0.7649111981170507724 ) ) ;
#2255 = DIRECTION ( 'NONE',  ( -1.000000000000000000, 0.000000000000000000, 0.000000000000000000 ) ) ;
#2256 = EDGE_CURVE ( 'NONE', #837, #4396, #1225, .T. ) ;
#2257 = EDGE_CURVE ( 'NONE', #4858, #4156, #4102, .T. ) ;
#2258 = CIRCLE ( 'NONE', #3900, 2.000000000000000000 ) ;
#2259 = ORIENTED_EDGE ( 'NONE', *, *, #143, .T. ) ;
#2260 = DIRECTION ( 'NONE',  ( -1.297097214700455342E-32, -1.000000000000000000, -1.196361017915039486E-16 ) ) ;
#2261 = ORIENTED_EDGE ( 'NONE', *, *, #4778, .T. ) ;
#2262 = DIRECTION ( 'NONE',  ( 0.000000000000000000, 0.000000000000000000, -1.000000000000000000 ) ) ;
#2263 = CYLINDRICAL_SURFACE ( 'NONE', #3877, 1.000000000000001776 ) ;
#2264 = DIRECTION ( 'NONE',  ( 0.6426122619764709221, -0.7661915431257927400, 0.000000000000000000 ) ) ;
#2265 = AXIS2_PLACEMENT_3D ( 'NONE', #787, #3835, #3144 ) ;
#2266 = DIRECTION ( 'NONE',  ( -0.6426122619764711441, -0.7661915431257926290, -9.545926088607149470E-17 ) ) ;
#2267 = ORIENTED_EDGE ( 'NONE', *, *, #3510, .T. ) ;
#2268 = EDGE_CURVE ( 'NONE', #666, #4954, #454, .T. ) ;
#2269 = DIRECTION ( 'NONE',  ( -1.000000000000000000, 0.000000000000000000, 0.000000000000000000 ) ) ;
#2270 = ORIENTED_EDGE ( 'NONE', *, *, #3755, .F. ) ;
#2271 = DIRECTION ( 'NONE',  ( 0.6426122619764711441, -0.7661915431257925180, 0.000000000000000000 ) ) ;
#2272 = ORIENTED_EDGE ( 'NONE', *, *, #3704, .F. ) ;
#2273 =( NAMED_UNIT ( * ) SI_UNIT ( $, .STERADIAN. ) SOLID_ANGLE_UNIT ( ) );
#2274 = VERTEX_POINT ( 'NONE', #2033 ) ;
#2275 = EDGE_CURVE ( 'NONE', #85, #4674, #325, .T. ) ;
#2276 = CARTESIAN_POINT ( 'NONE',  ( 23.00000000000001066, -79.58326913195983821, -22.00000000000003553 ) ) ;
#2277 = FACE_OUTER_BOUND ( 'NONE', #2444, .T. ) ;
#2278 = AXIS2_PLACEMENT_3D ( 'NONE', #1251, #2835, #4401 ) ;
#2279 = ORIENTED_EDGE ( 'NONE', *, *, #4035, .T. ) ;
#2280 = DIRECTION ( 'NONE',  ( -1.000000000000000000, 0.000000000000000000, 0.000000000000000000 ) ) ;
#2281 = VERTEX_POINT ( 'NONE', #3613 ) ;
#2282 = DIRECTION ( 'NONE',  ( 0.000000000000000000, 0.000000000000000000, 1.000000000000000000 ) ) ;
#2283 = LINE ( 'NONE', #611, #4600 ) ;
#2284 = VERTEX_POINT ( 'NONE', #4840 ) ;
#2285 = EDGE_CURVE ( 'NONE', #2869, #4033, #1281, .T. ) ;
#2286 = CARTESIAN_POINT ( 'NONE',  ( 5.000000000000000000, 24.09999999999999787, -21.50000000000000000 ) ) ;
#2287 = VERTEX_POINT ( 'NONE', #2087 ) ;
#2288 = CARTESIAN_POINT ( 'NONE',  ( 31.98175873408076697, -9.214775476047064373, 29.00000000000000711 ) ) ;
#2289 = DIRECTION ( 'NONE',  ( -1.000000000000000000, 2.275031235839149406E-32, -1.826024711554533667E-16 ) ) ;
#2290 = DIRECTION ( 'NONE',  ( 1.000000000000000000, 0.000000000000000000, 0.000000000000000000 ) ) ;
#2291 = CARTESIAN_POINT ( 'NONE',  ( 20.00000000000000000, -25.50000000000000355, 11.89999999999999680 ) ) ;
#2292 = EDGE_CURVE ( 'NONE', #2755, #3108, #1806, .T. ) ;
#2293 = ORIENTED_EDGE ( 'NONE', *, *, #1539, .F. ) ;
#2294 = CARTESIAN_POINT ( 'NONE',  ( 24.99999999999999289, -4.002667496819048765, 29.00000000000000711 ) ) ;
#2295 = ORIENTED_EDGE ( 'NONE', *, *, #383, .T. ) ;
#2296 = EDGE_CURVE ( 'NONE', #1690, #2073, #2962, .T. ) ;
#2297 = CARTESIAN_POINT ( 'NONE',  ( 57.00000000000000711, -27.00000000000000711, 28.99999999999999645 ) ) ;
#2298 = EDGE_LOOP ( 'NONE', ( #2124, #1901, #1243, #3983, #1916, #772, #1937 ) ) ;
#2299 = FILL_AREA_STYLE ('',( #4113 ) ) ;
#2300 = VERTEX_POINT ( 'NONE', #2890 ) ;
#2301 = ADVANCED_FACE ( 'NONE', ( #3638 ), #1204, .F. ) ;
#2302 = DIRECTION ( 'NONE',  ( 1.000000000000000000, 0.000000000000000000, 0.000000000000000000 ) ) ;
#2303 = CIRCLE ( 'NONE', #3698, 2.000000000000000000 ) ;
#2304 = AXIS2_PLACEMENT_3D ( 'NONE', #922, #2513, #4072 ) ;
#2305 = ORIENTED_EDGE ( 'NONE', *, *, #5007, .F. ) ;
#2306 = LINE ( 'NONE', #336, #4603 ) ;
#2307 = ORIENTED_EDGE ( 'NONE', *, *, #3774, .F. ) ;
#2308 = CARTESIAN_POINT ( 'NONE',  ( 45.00000000000001421, 20.49999999999999289, 29.00000000000001066 ) ) ;
#2309 = VECTOR ( 'NONE', #3354, 999.9999999999998863 ) ;
#2310 = CIRCLE ( 'NONE', #4017, 1.500000000000001332 ) ;
#2311 = ORIENTED_EDGE ( 'NONE', *, *, #414, .T. ) ;
#2312 = CYLINDRICAL_SURFACE ( 'NONE', #728, 1.000000000000001776 ) ;
#2313 = VECTOR ( 'NONE', #4890, 1000.000000000000114 ) ;
#2314 = ORIENTED_EDGE ( 'NONE', *, *, #2595, .F. ) ;
#2315 = VECTOR ( 'NONE', #456, 1000.000000000000000 ) ;
#2316 = LINE ( 'NONE', #2380, #1704 ) ;
#2317 = DIRECTION ( 'NONE',  ( 0.000000000000000000, 0.000000000000000000, -1.000000000000000000 ) ) ;
#2318 = CARTESIAN_POINT ( 'NONE',  ( 46.00000000000001421, -14.50000000000000888, -24.09999999999999076 ) ) ;
#2319 = VECTOR ( 'NONE', #2619, 1000.000000000000114 ) ;
#2320 = DIRECTION ( 'NONE',  ( -1.297097214700455342E-32, -1.000000000000000000, -1.196361017915039486E-16 ) ) ;
#2321 = VERTEX_POINT ( 'NONE', #4456 ) ;
#2322 = ORIENTED_EDGE ( 'NONE', *, *, #4689, .F. ) ;
#2323 = LINE ( 'NONE', #3956, #642 ) ;
#2324 = EDGE_CURVE ( 'NONE', #1090, #1216, #4934, .T. ) ;
#2325 = EDGE_CURVE ( 'NONE', #2598, #4472, #2426, .T. ) ;
#2326 = ORIENTED_EDGE ( 'NONE', *, *, #3720, .T. ) ;
#2327 = CYLINDRICAL_SURFACE ( 'NONE', #25, 2.000000000000001776 ) ;
#2328 = ORIENTED_EDGE ( 'NONE', *, *, #2268, .F. ) ;
#2329 = LINE ( 'NONE', #1492, #1860 ) ;
#2330 = EDGE_CURVE ( 'NONE', #1986, #3637, #3550, .T. ) ;
#2331 = DIRECTION ( 'NONE',  ( 0.000000000000000000, 0.000000000000000000, -1.000000000000000000 ) ) ;
#2332 = VERTEX_POINT ( 'NONE', #4011 ) ;
#2333 = LINE ( 'NONE', #3076, #646 ) ;
#2334 = ORIENTED_EDGE ( 'NONE', *, *, #1774, .T. ) ;
#2335 = PLANE ( 'NONE',  #4693 ) ;
#2336 = EDGE_CURVE ( 'NONE', #4033, #3412, #4379, .T. ) ;
#2337 = CIRCLE ( 'NONE', #761, 0.6999999999999975131 ) ;
#2338 = ORIENTED_EDGE ( 'NONE', *, *, #2056, .T. ) ;
#2339 = VECTOR ( 'NONE', #3184, 1000.000000000000000 ) ;
#2340 = FACE_OUTER_BOUND ( 'NONE', #3386, .T. ) ;
#2341 = ORIENTED_EDGE ( 'NONE', *, *, #2324, .F. ) ;
#2342 = CARTESIAN_POINT ( 'NONE',  ( 46.00000000000001421, 20.49999999999999289, 29.00000000000001066 ) ) ;
#2343 = LINE ( 'NONE', #2795, #4759 ) ;
#2344 = DIRECTION ( 'NONE',  ( -0.000000000000000000, -0.000000000000000000, 1.000000000000000000 ) ) ;
#2345 = AXIS2_PLACEMENT_3D ( 'NONE', #3122, #3171, #1909 ) ;
#2346 = CARTESIAN_POINT ( 'NONE',  ( 34.46761691374840098, -4.397941642518516936, 24.10000000000000497 ) ) ;
#2347 = ORIENTED_EDGE ( 'NONE', *, *, #3523, .T. ) ;
#2348 = CIRCLE ( 'NONE', #105, 1.999999999999998224 ) ;
#2349 = LINE ( 'NONE', #9, #4765 ) ;
#2350 = DIRECTION ( 'NONE',  ( 1.000000000000000000, -1.297097214700455342E-32, 0.000000000000000000 ) ) ;
#2351 = ORIENTED_EDGE ( 'NONE', *, *, #5102, .F. ) ;
#2352 = EDGE_CURVE ( 'NONE', #4954, #1845, #2786, .T. ) ;
#2353 = CARTESIAN_POINT ( 'NONE',  ( 30.69783357939493484, 25.49999999999999645, 1.529822396234115978 ) ) ;
#2354 = ORIENTED_EDGE ( 'NONE', *, *, #4705, .F. ) ;
#2355 = DIRECTION ( 'NONE',  ( 2.238352872228138170E-16, -1.000000000000000000, -1.245892906839341945E-16 ) ) ;
#2356 = VERTEX_POINT ( 'NONE', #865 ) ;
#2357 = DIRECTION ( 'NONE',  ( 0.000000000000000000, 0.000000000000000000, -1.000000000000000000 ) ) ;
#2358 = EDGE_CURVE ( 'NONE', #3785, #2630, #1975, .T. ) ;
#2359 = CARTESIAN_POINT ( 'NONE',  ( 19.55062435217080363, -10.50000000000000533, 29.00000000000000711 ) ) ;
#2360 = ORIENTED_EDGE ( 'NONE', *, *, #3553, .F. ) ;
#2361 = CARTESIAN_POINT ( 'NONE',  ( 26.53238308625157771, -2.717442972866108253, 24.10000000000000497 ) ) ;
#2362 = LINE ( 'NONE', #3555, #4939 ) ;
#2363 = DIRECTION ( 'NONE',  ( 1.000000000000000000, 0.000000000000000000, -0.000000000000000000 ) ) ;
#2364 = FACE_OUTER_BOUND ( 'NONE', #1894, .T. ) ;
#2365 = VERTEX_POINT ( 'NONE', #527 ) ;
#2366 = DIRECTION ( 'NONE',  ( -0.000000000000000000, -0.000000000000000000, 1.000000000000000000 ) ) ;
#2367 = CARTESIAN_POINT ( 'NONE',  ( 23.89617525366054096, -2.206469567586254676, 24.10000000000000497 ) ) ;
#2368 = CARTESIAN_POINT ( 'NONE',  ( 44.00000000000001421, 20.49999999999999289, 24.10000000000000497 ) ) ;
#2369 = ORIENTED_EDGE ( 'NONE', *, *, #4042, .F. ) ;
#2370 = CARTESIAN_POINT ( 'NONE',  ( 44.00000000000000711, 24.09999999999999787, -8.432753624454297992 ) ) ;
#2371 = DIRECTION ( 'NONE',  ( 0.000000000000000000, 0.000000000000000000, -1.000000000000000000 ) ) ;
#2372 = VERTEX_POINT ( 'NONE', #3274 ) ;
#2373 = CARTESIAN_POINT ( 'NONE',  ( 56.99999999999999289, -27.00000000000000000, -29.00000000000000355 ) ) ;
#2374 = ORIENTED_EDGE ( 'NONE', *, *, #2453, .F. ) ;
#2375 = AXIS2_PLACEMENT_3D ( 'NONE', #567, #132, #1268 ) ;
#2376 = DIRECTION ( 'NONE',  ( -1.297097214700455342E-32, -1.000000000000000000, -1.196361017915039486E-16 ) ) ;
#2377 = EDGE_CURVE ( 'NONE', #3742, #1700, #2057, .T. ) ;
#2378 = DIRECTION ( 'NONE',  ( -0.000000000000000000, -0.000000000000000000, 1.000000000000000000 ) ) ;
#2379 = VERTEX_POINT ( 'NONE', #3989 ) ;
#2380 = CARTESIAN_POINT ( 'NONE',  ( 38.00000000000000000, -3.112717118565574648, -24.09999999999999787 ) ) ;
#2381 = CARTESIAN_POINT ( 'NONE',  ( 40.00000000000000711, -79.58326913195983821, 17.00000000000000000 ) ) ;
#2382 = AXIS2_PLACEMENT_3D ( 'NONE', #5036, #4292, #1116 ) ;
#2383 = AXIS2_PLACEMENT_3D ( 'NONE', #3142, #1951, #349 ) ;
#2384 = LINE ( 'NONE', #3953, #3361 ) ;
#2385 = EDGE_CURVE ( 'NONE', #3051, #1230, #1725, .T. ) ;
#2386 = VECTOR ( 'NONE', #1985, 1000.000000000000000 ) ;
#2387 = FILL_AREA_STYLE ('',( #4340 ) ) ;
#2388 = ORIENTED_EDGE ( 'NONE', *, *, #3176, .T. ) ;
#2389 = FACE_OUTER_BOUND ( 'NONE', #1972, .T. ) ;
#2390 = AXIS2_PLACEMENT_3D ( 'NONE', #4790, #503, #432 ) ;
#2391 = EDGE_CURVE ( 'NONE', #1827, #3083, #1643, .T. ) ;
#2392 = VECTOR ( 'NONE', #3137, 1000.000000000000000 ) ;
#2393 = ADVANCED_FACE ( 'NONE', ( #93, #1673 ), #145, .T. ) ;
#2394 = CARTESIAN_POINT ( 'NONE',  ( 30.00000000000000355, -17.00000000000000000, 11.19999999999999929 ) ) ;
#2395 = DIRECTION ( 'NONE',  ( 1.000000000000000000, 0.000000000000000000, 0.000000000000000000 ) ) ;
#2396 = ORIENTED_EDGE ( 'NONE', *, *, #1771, .F. ) ;
#2397 = DIRECTION ( 'NONE',  ( -1.000000000000000000, -0.000000000000000000, -0.000000000000000000 ) ) ;
#2398 = CARTESIAN_POINT ( 'NONE',  ( 5.000000000000000000, 23.99999999999999645, -19.99999999999999645 ) ) ;
#2399 = ORIENTED_EDGE ( 'NONE', *, *, #1868, .T. ) ;
#2400 = DIRECTION ( 'NONE',  ( -0.000000000000000000, 1.000000000000000000, -0.000000000000000000 ) ) ;
#2401 = ORIENTED_EDGE ( 'NONE', *, *, #2135, .F. ) ;
#2402 = DIRECTION ( 'NONE',  ( -1.000000000000000000, 0.000000000000000000, 0.000000000000000000 ) ) ;
#2403 = LINE ( 'NONE', #2038, #2553 ) ;
#2404 = ORIENTED_EDGE ( 'NONE', *, *, #2453, .T. ) ;
#2405 = VECTOR ( 'NONE', #1999, 1000.000000000000000 ) ;
#2406 = DIRECTION ( 'NONE',  ( 0.000000000000000000, 0.000000000000000000, -1.000000000000000000 ) ) ;
#2407 = EDGE_CURVE ( 'NONE', #4841, #144, #483, .T. ) ;
#2408 = EDGE_CURVE ( 'NONE', #4892, #2685, #3685, .T. ) ;
#2409 = DIRECTION ( 'NONE',  ( -1.000000000000000000, 0.000000000000000000, 0.000000000000000000 ) ) ;
#2410 = DIRECTION ( 'NONE',  ( 4.386365589337447199E-33, -1.000000000000000000, -1.360567432138672574E-16 ) ) ;
#2411 = PRESENTATION_LAYER_ASSIGNMENT (  '', '', ( #3968 ) ) ;
#2412 = DIRECTION ( 'NONE',  ( 0.000000000000000000, 1.000000000000000000, 1.360567432138672328E-16 ) ) ;
#2413 = ORIENTED_EDGE ( 'NONE', *, *, #4158, .F. ) ;
#2414 = ORIENTED_EDGE ( 'NONE', *, *, #2200, .F. ) ;
#2415 = CIRCLE ( 'NONE', #184, 1.999999999999998224 ) ;
#2416 = CARTESIAN_POINT ( 'NONE',  ( 50.00000000000000000, -12.50000000000000533, -24.09999999999999432 ) ) ;
#2417 = AXIS2_PLACEMENT_3D ( 'NONE', #4057, #4398, #521 ) ;
#2418 = DIRECTION ( 'NONE',  ( -0.000000000000000000, 1.000000000000000000, -0.000000000000000000 ) ) ;
#2419 = ADVANCED_FACE ( 'NONE', ( #2185 ), #3731, .T. ) ;
#2420 = EDGE_LOOP ( 'NONE', ( #545, #605, #107, #4863 ) ) ;
#2421 = FACE_OUTER_BOUND ( 'NONE', #140, .T. ) ;
#2422 = VERTEX_POINT ( 'NONE', #198 ) ;
#2423 = LINE ( 'NONE', #3987, #2753 ) ;
#2424 = EDGE_CURVE ( 'NONE', #2365, #2834, #2603, .T. ) ;
#2425 = ORIENTED_EDGE ( 'NONE', *, *, #3008, .T. ) ;
#2426 = LINE ( 'NONE', #911, #1312 ) ;
#2427 = EDGE_LOOP ( 'NONE', ( #4972, #2388, #3039, #151 ) ) ;
#2428 = LINE ( 'NONE', #4483, #739 ) ;
#2429 = LINE ( 'NONE', #3254, #3129 ) ;
#2430 = ORIENTED_EDGE ( 'NONE', *, *, #395, .F. ) ;
#2431 = CARTESIAN_POINT ( 'NONE',  ( 40.00000000000000711, -24.09999999999999787, -17.00000000000000000 ) ) ;
#2432 = DIRECTION ( 'NONE',  ( -3.578076866794139842E-48, 1.000000000000000000, 1.360567432138672574E-16 ) ) ;
#2433 = CYLINDRICAL_SURFACE ( 'NONE', #318, 0.7000000000000009548 ) ;
#2434 = EDGE_CURVE ( 'NONE', #661, #2470, #404, .T. ) ;
#2435 = DIRECTION ( 'NONE',  ( 0.000000000000000000, 1.000000000000000000, 1.360567432138672328E-16 ) ) ;
#2436 = ORIENTED_EDGE ( 'NONE', *, *, #1677, .T. ) ;
#2437 = DIRECTION ( 'NONE',  ( -1.297097214700455342E-32, -1.000000000000000000, -1.196361017915039486E-16 ) ) ;
#2438 = VECTOR ( 'NONE', #4569, 1000.000000000000000 ) ;
#2439 = ORIENTED_EDGE ( 'NONE', *, *, #4721, .T. ) ;
#2440 = EDGE_CURVE ( 'NONE', #2456, #3767, #4361, .T. ) ;
#2441 = ADVANCED_FACE ( 'NONE', ( #961 ), #3382, .F. ) ;
#2442 = DIRECTION ( 'NONE',  ( -0.6426122619764711441, -0.7661915431257925180, 0.000000000000000000 ) ) ;
#2443 = CARTESIAN_POINT ( 'NONE',  ( 11.99999999999999645, -24.09999999999999787, 24.10000000000000497 ) ) ;
#2444 = EDGE_LOOP ( 'NONE', ( #3189, #3583, #3392, #3185 ) ) ;
#2445 = FACE_BOUND ( 'NONE', #4191, .T. ) ;
#2446 = EDGE_CURVE ( 'NONE', #5026, #2284, #2472, .T. ) ;
#2447 = VERTEX_POINT ( 'NONE', #2914 ) ;
#2448 = DIRECTION ( 'NONE',  ( 1.000000000000000000, -1.677028837704906887E-48, 0.000000000000000000 ) ) ;
#2449 = ORIENTED_EDGE ( 'NONE', *, *, #4649, .F. ) ;
#2450 = CARTESIAN_POINT ( 'NONE',  ( 45.00000000000000000, 24.09999999999999787, 20.00000000000000711 ) ) ;
#2451 = EDGE_LOOP ( 'NONE', ( #2305, #281, #1360, #448 ) ) ;
#2452 = DIRECTION ( 'NONE',  ( 0.000000000000000000, 0.000000000000000000, -1.000000000000000000 ) ) ;
#2453 = EDGE_CURVE ( 'NONE', #2213, #2895, #3707, .T. ) ;
#2454 = EDGE_CURVE ( 'NONE', #2577, #1588, #4531, .T. ) ;
#2455 = LINE ( 'NONE', #459, #966 ) ;
#2456 = VERTEX_POINT ( 'NONE', #4137 ) ;
#2457 = DIRECTION ( 'NONE',  ( 0.000000000000000000, 0.000000000000000000, 1.000000000000000000 ) ) ;
#2458 = DIRECTION ( 'NONE',  ( 6.123233995736766036E-17, -1.000000000000000000, 0.000000000000000000 ) ) ;
#2459 = DIRECTION ( 'NONE',  ( 0.000000000000000000, 0.000000000000000000, -1.000000000000000000 ) ) ;
#2460 = CIRCLE ( 'NONE', #3693, 1.500000000000001332 ) ;
#2461 = DIRECTION ( 'NONE',  ( 1.000000000000000000, 0.000000000000000000, 0.000000000000000000 ) ) ;
#2462 = ORIENTED_EDGE ( 'NONE', *, *, #546, .F. ) ;
#2463 = CARTESIAN_POINT ( 'NONE',  ( 7.999999999999994671, 25.49999999999999645, 8.432753624454337071 ) ) ;
#2464 = AXIS2_PLACEMENT_3D ( 'NONE', #4871, #1729, #4846 ) ;
#2465 = VERTEX_POINT ( 'NONE', #4481 ) ;
#2466 = CIRCLE ( 'NONE', #3375, 2.000000000000001776 ) ;
#2467 = AXIS2_PLACEMENT_3D ( 'NONE', #4431, #867, #2508 ) ;
#2468 = DIRECTION ( 'NONE',  ( -1.297097214700455342E-32, -1.000000000000000000, -1.196361017915039486E-16 ) ) ;
#2469 = CARTESIAN_POINT ( 'NONE',  ( 36.00000000000000000, -3.112717118565575092, -24.09999999999999787 ) ) ;
#2470 = VERTEX_POINT ( 'NONE', #1415 ) ;
#2471 = CARTESIAN_POINT ( 'NONE',  ( 30.00000000000000355, -27.00000000000000355, 12.59999999999999964 ) ) ;
#2472 = CIRCLE ( 'NONE', #891, 2.000000000000000000 ) ;
#2473 = CIRCLE ( 'NONE', #160, 1.500000000000001332 ) ;
#2474 = ADVANCED_FACE ( 'NONE', ( #604 ), #4085, .F. ) ;
#2475 = EDGE_CURVE ( 'NONE', #3661, #2927, #2214, .T. ) ;
#2476 = CARTESIAN_POINT ( 'NONE',  ( 19.55062435217080363, -10.50000000000000533, 24.10000000000000497 ) ) ;
#2477 = ORIENTED_EDGE ( 'NONE', *, *, #2285, .T. ) ;
#2478 = DIRECTION ( 'NONE',  ( 0.000000000000000000, 1.360567432138672328E-16, -1.000000000000000000 ) ) ;
#2479 = VERTEX_POINT ( 'NONE', #4973 ) ;
#2480 = EDGE_CURVE ( 'NONE', #2627, #1537, #1067, .T. ) ;
#2481 = FACE_OUTER_BOUND ( 'NONE', #4978, .T. ) ;
#2482 = DIRECTION ( 'NONE',  ( -0.6426122619764711441, 0.7661915431257925180, 9.545926088607147005E-17 ) ) ;
#2483 = ORIENTED_EDGE ( 'NONE', *, *, #2484, .F. ) ;
#2484 = EDGE_CURVE ( 'NONE', #2287, #4674, #4196, .T. ) ;
#2485 = CARTESIAN_POINT ( 'NONE',  ( 24.99999999999998934, -25.50000000000000355, -12.60000000000000142 ) ) ;
#2486 = CARTESIAN_POINT ( 'NONE',  ( 50.00000000000000000, -25.50000000000000355, 25.49999999999999645 ) ) ;
#2487 = CARTESIAN_POINT ( 'NONE',  ( 5.000000000000000000, 23.99999999999999645, -18.49999999999999645 ) ) ;
#2488 = CYLINDRICAL_SURFACE ( 'NONE', #4545, 2.000000000000001776 ) ;
#2489 = ORIENTED_EDGE ( 'NONE', *, *, #540, .F. ) ;
#2490 = CARTESIAN_POINT ( 'NONE',  ( 8.762432110421499942, 25.49999999999999645, 10.40538813112553562 ) ) ;
#2491 = EDGE_CURVE ( 'NONE', #2191, #3462, #660, .T. ) ;
#2492 = VERTEX_POINT ( 'NONE', #1359 ) ;
#2493 = VECTOR ( 'NONE', #569, 1000.000000000000000 ) ;
#2494 = LINE ( 'NONE', #3398, #3314 ) ;
#2495 = LINE ( 'NONE', #2443, #1513 ) ;
#2496 = CIRCLE ( 'NONE', #915, 1.000000000000000888 ) ;
#2497 = MANIFOLD_SOLID_BREP ( 'Corte-extrusão3', #3616 ) ;
#2498 = VERTEX_POINT ( 'NONE', #4665 ) ;
#2499 = DIRECTION ( 'NONE',  ( 0.7661915431257927400, -0.6426122619764709221, 0.000000000000000000 ) ) ;
#2500 = AXIS2_PLACEMENT_3D ( 'NONE', #2398, #4402, #1278 ) ;
#2501 = CARTESIAN_POINT ( 'NONE',  ( 24.99999999999999289, 24.09999999999999787, -5.883035849229873548 ) ) ;
#2502 = EDGE_CURVE ( 'NONE', #1460, #2577, #1028, .T. ) ;
#2503 = ORIENTED_EDGE ( 'NONE', *, *, #110, .T. ) ;
#2504 = DIRECTION ( 'NONE',  ( -3.469446951953614189E-15, 0.000000000000000000, -1.000000000000000000 ) ) ;
#2505 = ORIENTED_EDGE ( 'NONE', *, *, #4471, .F. ) ;
#2506 = AXIS2_PLACEMENT_3D ( 'NONE', #2469, #1667, #2395 ) ;
#2507 = AXIS2_PLACEMENT_3D ( 'NONE', #84, #2518, #3239 ) ;
#2508 = DIRECTION ( 'NONE',  ( 0.000000000000000000, 0.000000000000000000, -1.000000000000000000 ) ) ;
#2509 = CARTESIAN_POINT ( 'NONE',  ( 23.71172850843443314, 23.99999999999998934, 4.353213452995805532 ) ) ;
#2510 = ORIENTED_EDGE ( 'NONE', *, *, #514, .F. ) ;
#2511 = DIRECTION ( 'NONE',  ( 0.7649111981170508834, 0.000000000000000000, -0.6441357457827796562 ) ) ;
#2512 = CYLINDRICAL_SURFACE ( 'NONE', #1219, 0.6999999999999975131 ) ;
#2513 = DIRECTION ( 'NONE',  ( 0.000000000000000000, 1.360567432138672328E-16, -1.000000000000000000 ) ) ;
#2514 = CIRCLE ( 'NONE', #3094, 2.000000000000000000 ) ;
#2515 = EDGE_CURVE ( 'NONE', #1760, #515, #1104, .T. ) ;
#2516 = DIRECTION ( 'NONE',  ( 0.000000000000000000, 0.000000000000000000, -1.000000000000000000 ) ) ;
#2517 = ORIENTED_EDGE ( 'NONE', *, *, #183, .F. ) ;
#2518 = DIRECTION ( 'NONE',  ( 1.000000000000000000, 6.123233995736766036E-17, -0.000000000000000000 ) ) ;
#2519 = ORIENTED_EDGE ( 'NONE', *, *, #3348, .F. ) ;
#2520 = EDGE_CURVE ( 'NONE', #4577, #3834, #1277, .T. ) ;
#2521 = DIRECTION ( 'NONE',  ( 2.168404344971008375E-16, 0.000000000000000000, -1.000000000000000000 ) ) ;
#2522 = CARTESIAN_POINT ( 'NONE',  ( 29.99999999999999289, -27.00000000000000355, -11.20000000000000107 ) ) ;
#2523 = ORIENTED_EDGE ( 'NONE', *, *, #767, .T. ) ;
#2524 = AXIS2_PLACEMENT_3D ( 'NONE', #3588, #40, #814 ) ;
#2525 = ORIENTED_EDGE ( 'NONE', *, *, #3615, .T. ) ;
#2526 = DIRECTION ( 'NONE',  ( 0.000000000000000000, 0.000000000000000000, -1.000000000000000000 ) ) ;
#2527 = ORIENTED_EDGE ( 'NONE', *, *, #707, .T. ) ;
#2528 = CARTESIAN_POINT ( 'NONE',  ( 28.00000000000001066, -79.58326913195983821, -22.00000000000000000 ) ) ;
#2529 = EDGE_LOOP ( 'NONE', ( #222, #4766 ) ) ;
#2530 = FACE_OUTER_BOUND ( 'NONE', #1697, .T. ) ;
#2531 = CYLINDRICAL_SURFACE ( 'NONE', #1561, 1.000000000000000888 ) ;
#2532 = ORIENTED_EDGE ( 'NONE', *, *, #2684, .T. ) ;
#2533 = CARTESIAN_POINT ( 'NONE',  ( 6.000000000000013323, -14.50000000000000888, -24.09999999999999076 ) ) ;
#2534 = CARTESIAN_POINT ( 'NONE',  ( 50.00000000000000000, -25.50000000000000000, -25.50000000000000355 ) ) ;
#2535 = DIRECTION ( 'NONE',  ( 1.000000000000000000, 0.000000000000000000, 0.000000000000000000 ) ) ;
#2536 = EDGE_CURVE ( 'NONE', #2248, #685, #766, .T. ) ;
#2537 = VECTOR ( 'NONE', #3736, 1000.000000000000000 ) ;
#2538 = CARTESIAN_POINT ( 'NONE',  ( 14.23785040302852245, 11.94142291866908145, 29.00000000000000711 ) ) ;
#2539 = EDGE_LOOP ( 'NONE', ( #3316, #2523, #2233, #869 ) ) ;
#2540 = PLANE ( 'NONE',  #2507 ) ;
#2541 = ADVANCED_FACE ( 'NONE', ( #714 ), #331, .F. ) ;
#2542 = AXIS2_PLACEMENT_3D ( 'NONE', #1482, #3853, #2363 ) ;
#2543 = CARTESIAN_POINT ( 'NONE',  ( 50.00000000000000000, 25.50000000000000000, -25.49999999999999645 ) ) ;
#2544 = VECTOR ( 'NONE', #2772, 1000.000000000000000 ) ;
#2545 = CARTESIAN_POINT ( 'NONE',  ( 44.00000000000000000, 25.49999999999999645, 8.432753624454335295 ) ) ;
#2546 = DIRECTION ( 'NONE',  ( 0.000000000000000000, 0.000000000000000000, -1.000000000000000000 ) ) ;
#2547 = EDGE_LOOP ( 'NONE', ( #2945, #1543, #1601, #323 ) ) ;
#2548 = EDGE_CURVE ( 'NONE', #4815, #1087, #450, .T. ) ;
#2549 = VECTOR ( 'NONE', #4460, 1000.000000000000000 ) ;
#2550 = AXIS2_PLACEMENT_3D ( 'NONE', #1818, #3013, #683 ) ;
#2551 = VERTEX_POINT ( 'NONE', #355 ) ;
#2552 = LINE ( 'NONE', #4192, #2164 ) ;
#2553 = VECTOR ( 'NONE', #1624, 1000.000000000000000 ) ;
#2554 = CIRCLE ( 'NONE', #4028, 1.500000000000001332 ) ;
#2555 = ORIENTED_EDGE ( 'NONE', *, *, #1020, .T. ) ;
#2556 = DIRECTION ( 'NONE',  ( 0.000000000000000000, -1.000000000000000000, -1.360567432138672328E-16 ) ) ;
#2557 = EDGE_LOOP ( 'NONE', ( #1082, #557, #2769, #4400 ) ) ;
#2558 = DIRECTION ( 'NONE',  ( 1.000000000000000000, 0.000000000000000000, 0.000000000000000000 ) ) ;
#2559 = PLANE ( 'NONE',  #5021 ) ;
#2560 = ORIENTED_EDGE ( 'NONE', *, *, #3348, .T. ) ;
#2561 = DIRECTION ( 'NONE',  ( -5.473822126268816683E-48, 1.000000000000000000, 1.360567432138672328E-16 ) ) ;
#2562 = FACE_OUTER_BOUND ( 'NONE', #497, .T. ) ;
#2563 = CARTESIAN_POINT ( 'NONE',  ( 5.000000000000011546, -14.50000000000000888, 29.00000000000000355 ) ) ;
#2564 = ORIENTED_EDGE ( 'NONE', *, *, #2192, .F. ) ;
#2565 = EDGE_CURVE ( 'NONE', #1148, #3240, #3435, .T. ) ;
#2566 = LINE ( 'NONE', #2198, #90 ) ;
#2567 = ORIENTED_EDGE ( 'NONE', *, *, #3961, .F. ) ;
#2568 = DIRECTION ( 'NONE',  ( 0.000000000000000000, 0.000000000000000000, -1.000000000000000000 ) ) ;
#2569 = DIRECTION ( 'NONE',  ( 0.000000000000000000, 0.000000000000000000, -1.000000000000000000 ) ) ;
#2570 = EDGE_CURVE ( 'NONE', #5018, #4698, #5100, .T. ) ;
#2571 = ORIENTED_EDGE ( 'NONE', *, *, #5055, .T. ) ;
#2572 = DIRECTION ( 'NONE',  ( 0.000000000000000000, 0.000000000000000000, -1.000000000000000000 ) ) ;
#2573 = CIRCLE ( 'NONE', #3717, 2.000000000000000000 ) ;
#2574 = ORIENTED_EDGE ( 'NONE', *, *, #3228, .T. ) ;
#2575 = MECHANICAL_DESIGN_GEOMETRIC_PRESENTATION_REPRESENTATION (  '', ( #3968 ), #2824 ) ;
#2576 = LINE ( 'NONE', #2628, #1253 ) ;
#2577 = VERTEX_POINT ( 'NONE', #3146 ) ;
#2578 = DIRECTION ( 'NONE',  ( -0.6426122619764711441, 0.7661915431257925180, 1.042455260357026414E-16 ) ) ;
#2579 = ORIENTED_EDGE ( 'NONE', *, *, #854, .T. ) ;
#2580 = CARTESIAN_POINT ( 'NONE',  ( 4.999999999999994671, 25.49999999999999289, 18.50000000000000355 ) ) ;
#2581 = VECTOR ( 'NONE', #1598, 1000.000000000000000 ) ;
#2582 = AXIS2_PLACEMENT_3D ( 'NONE', #3168, #4784, #470 ) ;
#2583 = DIRECTION ( 'NONE',  ( 1.000000000000000000, 0.000000000000000000, -0.000000000000000000 ) ) ;
#2584 = ORIENTED_EDGE ( 'NONE', *, *, #3227, .F. ) ;
#2585 = DIRECTION ( 'NONE',  ( -0.6426122619764709221, -0.7661915431257927400, -1.042455260357026660E-16 ) ) ;
#2586 = FACE_OUTER_BOUND ( 'NONE', #847, .T. ) ;
#2587 = PLANE ( 'NONE',  #3457 ) ;
#2588 = UNCERTAINTY_MEASURE_WITH_UNIT (LENGTH_MEASURE( 1.000000000000000082E-05 ), #158, 'distance_accuracy_value', 'NONE');
#2589 = ORIENTED_EDGE ( 'NONE', *, *, #36, .F. ) ;
#2590 = CARTESIAN_POINT ( 'NONE',  ( 5.999999999999993783, 24.09999999999999787, 8.432753624454333519 ) ) ;
#2591 = VERTEX_POINT ( 'NONE', #4691 ) ;
#2592 = CARTESIAN_POINT ( 'NONE',  ( 9.999999999999998224, -25.50000000000000355, -22.49999999999999289 ) ) ;
#2593 = CARTESIAN_POINT ( 'NONE',  ( 20.65917808891947871, 4.285224523952935627, 29.00000000000000711 ) ) ;
#2594 = ORIENTED_EDGE ( 'NONE', *, *, #259, .T. ) ;
#2595 = EDGE_CURVE ( 'NONE', #1781, #2093, #1121, .T. ) ;
#2596 = FACE_OUTER_BOUND ( 'NONE', #1792, .T. ) ;
#2597 = DIRECTION ( 'NONE',  ( 0.000000000000000000, 0.000000000000000000, 1.000000000000000000 ) ) ;
#2598 = VERTEX_POINT ( 'NONE', #3515 ) ;
#2599 = CARTESIAN_POINT ( 'NONE',  ( 50.00000000000000000, 18.49999999999998934, 24.10000000000000497 ) ) ;
#2600 = ORIENTED_EDGE ( 'NONE', *, *, #1398, .T. ) ;
#2601 = CARTESIAN_POINT ( 'NONE',  ( 29.99999999999999289, -17.00000000000000000, -12.60000000000000142 ) ) ;
#2602 = ORIENTED_EDGE ( 'NONE', *, *, #712, .F. ) ;
#2603 = LINE ( 'NONE', #577, #1152 ) ;
#2604 = ORIENTED_EDGE ( 'NONE', *, *, #176, .F. ) ;
#2605 = VECTOR ( 'NONE', #2082, 1000.000000000000000 ) ;
#2606 = CARTESIAN_POINT ( 'NONE',  ( 45.00000000000001421, 20.49999999999999289, 29.00000000000001066 ) ) ;
#2607 = EDGE_CURVE ( 'NONE', #4187, #3988, #2021, .T. ) ;
#2608 = ORIENTED_EDGE ( 'NONE', *, *, #3516, .F. ) ;
#2609 = DIRECTION ( 'NONE',  ( -1.000000000000000000, 0.000000000000000000, 0.000000000000000000 ) ) ;
#2610 = ORIENTED_EDGE ( 'NONE', *, *, #4126, .F. ) ;
#2611 = CARTESIAN_POINT ( 'NONE',  ( 11.99999999999999645, 3.177026912440321922E-15, 29.00000000000000711 ) ) ;
#2612 = CARTESIAN_POINT ( 'NONE',  ( 46.00000000000001421, -14.50000000000000888, 24.10000000000000497 ) ) ;
#2613 = EDGE_CURVE ( 'NONE', #4423, #1488, #3100, .T. ) ;
#2614 = CARTESIAN_POINT ( 'NONE',  ( 30.00000000000000355, -25.50000000000000355, 11.19999999999999751 ) ) ;
#2615 = ORIENTED_EDGE ( 'NONE', *, *, #3589, .F. ) ;
#2616 = LINE ( 'NONE', #4176, #1826 ) ;
#2617 = ORIENTED_EDGE ( 'NONE', *, *, #4342, .F. ) ;
#2618 = DIRECTION ( 'NONE',  ( 0.000000000000000000, -1.000000000000000000, -1.360567432138672574E-16 ) ) ;
#2619 = DIRECTION ( 'NONE',  ( 0.6426122619764711441, -0.7661915431257925180, 0.000000000000000000 ) ) ;
#2620 = DIRECTION ( 'NONE',  ( -0.000000000000000000, -0.000000000000000000, 1.000000000000000000 ) ) ;
#2621 = DIRECTION ( 'NONE',  ( 0.000000000000000000, 0.000000000000000000, -1.000000000000000000 ) ) ;
#2622 = APPLICATION_PROTOCOL_DEFINITION ( 'draft international standard', 'automotive_design', 1998, #4628 ) ;
#2623 = VECTOR ( 'NONE', #293, 1000.000000000000000 ) ;
#2624 = ORIENTED_EDGE ( 'NONE', *, *, #1100, .T. ) ;
#2625 = CARTESIAN_POINT ( 'NONE',  ( 50.58230842409425065, -23.61161228946933477, 24.10000000000000497 ) ) ;
#2626 = VECTOR ( 'NONE', #3283, 1000.000000000000000 ) ;
#2627 = VERTEX_POINT ( 'NONE', #3042 ) ;
#2628 = CARTESIAN_POINT ( 'NONE',  ( -6.999999999999997335, -27.00000000000000711, 27.00000000000000355 ) ) ;
#2629 = EDGE_CURVE ( 'NONE', #119, #4791, #2660, .T. ) ;
#2630 = VERTEX_POINT ( 'NONE', #743 ) ;
#2631 = DIRECTION ( 'NONE',  ( -2.238352872228138663E-16, 1.000000000000000000, 0.000000000000000000 ) ) ;
#2632 = EDGE_CURVE ( 'NONE', #247, #3788, #2329, .T. ) ;
#2633 = CIRCLE ( 'NONE', #4924, 2.000000000000000000 ) ;
#2634 = ORIENTED_EDGE ( 'NONE', *, *, #3856, .T. ) ;
#2635 = AXIS2_PLACEMENT_3D ( 'NONE', #34, #2777, #3358 ) ;
#2636 = FACE_OUTER_BOUND ( 'NONE', #881, .T. ) ;
#2637 = VECTOR ( 'NONE', #5107, 1000.000000000000000 ) ;
#2638 = VECTOR ( 'NONE', #697, 1000.000000000000000 ) ;
#2639 = ORIENTED_EDGE ( 'NONE', *, *, #2932, .F. ) ;
#2640 = DIRECTION ( 'NONE',  ( 0.000000000000000000, 0.000000000000000000, -1.000000000000000000 ) ) ;
#2641 = ORIENTED_EDGE ( 'NONE', *, *, #2629, .F. ) ;
#2642 = FACE_OUTER_BOUND ( 'NONE', #218, .T. ) ;
#2643 = DIRECTION ( 'NONE',  ( -0.6426122619764711441, -0.7661915431257925180, -9.545926088607148237E-17 ) ) ;
#2644 = AXIS2_PLACEMENT_3D ( 'NONE', #3350, #4580, #4866 ) ;
#2645 = DIRECTION ( 'NONE',  ( -0.6441357457827796562, 1.040713264636231050E-16, -0.7649111981170508834 ) ) ;
#2646 = VERTEX_POINT ( 'NONE', #1300 ) ;
#2647 = ADVANCED_FACE ( 'NONE', ( #1200 ), #3269, .F. ) ;
#2648 = CARTESIAN_POINT ( 'NONE',  ( 19.37590782514213572, 0.1847224692356069786, 25.50000000000000000 ) ) ;
#2649 = ORIENTED_EDGE ( 'NONE', *, *, #803, .T. ) ;
#2650 = CARTESIAN_POINT ( 'NONE',  ( 11.28366591921667883, -9.463719803213981763, 29.00000000000000711 ) ) ;
#2651 = CARTESIAN_POINT ( 'NONE',  ( -2.921639538487255050E-15, 25.49999999999999289, 16.00000000000001066 ) ) ;
#2652 = CARTESIAN_POINT ( 'NONE',  ( 17.55062435217080008, -10.50000000000000533, 29.00000000000000711 ) ) ;
#2653 = DIRECTION ( 'NONE',  ( -1.297097214700455342E-32, -1.000000000000000000, -1.196361017915039486E-16 ) ) ;
#2654 = VERTEX_POINT ( 'NONE', #4758 ) ;
#2655 = DIRECTION ( 'NONE',  ( 0.7661915431257927400, -0.6426122619764709221, 0.000000000000000000 ) ) ;
#2656 = ORIENTED_EDGE ( 'NONE', *, *, #1707, .T. ) ;
#2657 = LINE ( 'NONE', #1073, #3975 ) ;
#2658 = AXIS2_PLACEMENT_3D ( 'NONE', #3795, #2174, #979 ) ;
#2659 = EDGE_LOOP ( 'NONE', ( #2108, #2003, #2149, #3682, #3453, #1021, #888, #3694, #234, #844 ) ) ;
#2660 = LINE ( 'NONE', #3892, #4076 ) ;
#2661 = ORIENTED_EDGE ( 'NONE', *, *, #1100, .F. ) ;
#2662 = CARTESIAN_POINT ( 'NONE',  ( 5.999999999999995559, 25.49999999999999645, 8.432753624454337071 ) ) ;
#2663 = COLOUR_RGB ( '',0.7921568627450980005, 0.8196078431372548767, 0.9333333333333333481 ) ;
#2664 = EDGE_CURVE ( 'NONE', #2281, #224, #3564, .T. ) ;
#2665 = CARTESIAN_POINT ( 'NONE',  ( 19.55062435217080363, -10.50000000000000533, 29.00000000000000711 ) ) ;
#2666 = ORIENTED_EDGE ( 'NONE', *, *, #1313, .F. ) ;
#2667 = LINE ( 'NONE', #1960, #1720 ) ;
#2668 = VERTEX_POINT ( 'NONE', #861 ) ;
#2669 = AXIS2_PLACEMENT_3D ( 'NONE', #2501, #2031, #3611 ) ;
#2670 = CARTESIAN_POINT ( 'NONE',  ( 15.53238308625157238, 10.39794164251852493, 24.10000000000000497 ) ) ;
#2671 = DIRECTION ( 'NONE',  ( -1.297097214700455342E-32, -1.000000000000000000, -1.196361017915039486E-16 ) ) ;
#2672 = AXIS2_PLACEMENT_3D ( 'NONE', #3486, #2737, #13 ) ;
#2673 = ORIENTED_EDGE ( 'NONE', *, *, #3830, .T. ) ;
#2674 = CARTESIAN_POINT ( 'NONE',  ( 19.30216642060506160, 25.49999999999999645, -1.529822396234080450 ) ) ;
#2675 = ORIENTED_EDGE ( 'NONE', *, *, #916, .T. ) ;
#2676 = DIRECTION ( 'NONE',  ( 0.000000000000000000, 0.000000000000000000, -1.000000000000000000 ) ) ;
#2677 = DIRECTION ( 'NONE',  ( 0.000000000000000000, 0.000000000000000000, -1.000000000000000000 ) ) ;
#2678 = DIRECTION ( 'NONE',  ( -1.000000000000000000, 0.000000000000000000, 0.000000000000000000 ) ) ;
#2679 = VECTOR ( 'NONE', #4079, 1000.000000000000000 ) ;
#2680 = ADVANCED_FACE ( 'NONE', ( #1615 ), #2781, .T. ) ;
#2681 = CARTESIAN_POINT ( 'NONE',  ( 5.000000000000011546, -14.50000000000000888, 25.49999999999999645 ) ) ;
#2682 = ORIENTED_EDGE ( 'NONE', *, *, #3581, .F. ) ;
#2683 = CARTESIAN_POINT ( 'NONE',  ( -6.999999999999997335, -27.00000000000000711, 27.00000000000000355 ) ) ;
#2684 = EDGE_CURVE ( 'NONE', #27, #3526, #1224, .T. ) ;
#2685 = VERTEX_POINT ( 'NONE', #4834 ) ;
#2686 = FACE_OUTER_BOUND ( 'NONE', #1850, .T. ) ;
#2687 = VERTEX_POINT ( 'NONE', #4348 ) ;
#2688 = CARTESIAN_POINT ( 'NONE',  ( 3.143117669239968036E-31, 18.49999999999999289, -25.49999999999999645 ) ) ;
#2689 = VERTEX_POINT ( 'NONE', #2471 ) ;
#2690 = DIRECTION ( 'NONE',  ( -0.6441357457827796562, 1.040713264636231050E-16, -0.7649111981170508834 ) ) ;
#2691 = AXIS2_PLACEMENT_3D ( 'NONE', #838, #3634, #401 ) ;
#2692 = ORIENTED_EDGE ( 'NONE', *, *, #663, .F. ) ;
#2693 = CARTESIAN_POINT ( 'NONE',  ( 30.87320499733209900, 3.000000000000000888, 29.00000000000000711 ) ) ;
#2694 = VERTEX_POINT ( 'NONE', #882 ) ;
#2695 = FACE_BOUND ( 'NONE', #3422, .T. ) ;
#2696 = FACE_BOUND ( 'NONE', #1636, .T. ) ;
#2697 = ORIENTED_EDGE ( 'NONE', *, *, #926, .F. ) ;
#2698 = FACE_OUTER_BOUND ( 'NONE', #287, .T. ) ;
#2699 = ORIENTED_EDGE ( 'NONE', *, *, #4066, .F. ) ;
#2700 = DIRECTION ( 'NONE',  ( 3.578076866794139842E-48, 1.000000000000000000, 1.360567432138672328E-16 ) ) ;
#2701 = CARTESIAN_POINT ( 'NONE',  ( 9.999999999999998224, -24.09999999999999787, 22.50000000000000000 ) ) ;
#2702 = DIRECTION ( 'NONE',  ( 0.000000000000000000, -1.000000000000000000, 0.000000000000000000 ) ) ;
#2703 = CARTESIAN_POINT ( 'NONE',  ( 19.55062435217080363, -10.50000000000000533, 24.10000000000000497 ) ) ;
#2704 = ORIENTED_EDGE ( 'NONE', *, *, #4721, .F. ) ;
#2705 = EDGE_CURVE ( 'NONE', #2551, #4943, #4424, .T. ) ;
#2706 = ORIENTED_EDGE ( 'NONE', *, *, #1369, .F. ) ;
#2707 = CARTESIAN_POINT ( 'NONE',  ( 3.143117669239968036E-31, -12.50000000000000533, 29.00000000000000711 ) ) ;
#2708 = ORIENTED_EDGE ( 'NONE', *, *, #5082, .F. ) ;
#2709 = AXIS2_PLACEMENT_3D ( 'NONE', #5066, #4239, #2290 ) ;
#2710 = DIRECTION ( 'NONE',  ( -0.000000000000000000, -0.000000000000000000, 1.000000000000000000 ) ) ;
#2711 = ADVANCED_FACE ( 'NONE', ( #2421 ), #427, .F. ) ;
#2712 = VERTEX_POINT ( 'NONE', #61 ) ;
#2713 = DIRECTION ( 'NONE',  ( 0.000000000000000000, 0.000000000000000000, -1.000000000000000000 ) ) ;
#2714 = CIRCLE ( 'NONE', #806, 2.000000000000000000 ) ;
#2715 = CARTESIAN_POINT ( 'NONE',  ( 11.99999999999999645, -3.112717118565578645, 25.50000000000000000 ) ) ;
#2716 = VECTOR ( 'NONE', #4021, 1000.000000000000000 ) ;
#2717 = AXIS2_PLACEMENT_3D ( 'NONE', #3669, #850, #440 ) ;
#2718 = ORIENTED_EDGE ( 'NONE', *, *, #2898, .F. ) ;
#2719 = LINE ( 'NONE', #4287, #2386 ) ;
#2720 = ORIENTED_EDGE ( 'NONE', *, *, #547, .F. ) ;
#2721 = CARTESIAN_POINT ( 'NONE',  ( 30.00000000000000355, -17.00000000000000000, 12.60000000000000142 ) ) ;
#2722 = CIRCLE ( 'NONE', #4929, 2.000000000000000000 ) ;
#2723 = VECTOR ( 'NONE', #4245, 1000.000000000000000 ) ;
#2724 = ORIENTED_EDGE ( 'NONE', *, *, #4576, .T. ) ;
#2725 = CARTESIAN_POINT ( 'NONE',  ( 35.92716642060504739, 25.49999999999999289, 12.47017760376591688 ) ) ;
#2726 = VECTOR ( 'NONE', #44, 1000.000000000000000 ) ;
#2727 = ORIENTED_EDGE ( 'NONE', *, *, #3360, .F. ) ;
#2728 = AXIS2_PLACEMENT_3D ( 'NONE', #1501, #410, #1914 ) ;
#2729 = DIRECTION ( 'NONE',  ( 0.7661915431257925180, -0.6426122619764711441, 0.000000000000000000 ) ) ;
#2730 = FACE_OUTER_BOUND ( 'NONE', #4528, .T. ) ;
#2731 = DIRECTION ( 'NONE',  ( 0.000000000000000000, 0.000000000000000000, -1.000000000000000000 ) ) ;
#2732 = AXIS2_PLACEMENT_3D ( 'NONE', #3908, #727, #2317 ) ;
#2733 = EDGE_CURVE ( 'NONE', #113, #3742, #89, .T. ) ;
#2734 = CARTESIAN_POINT ( 'NONE',  ( 24.99999999999999289, 23.99999999999999645, -3.883035849229873993 ) ) ;
#2735 = ORIENTED_EDGE ( 'NONE', *, *, #3037, .F. ) ;
#2736 = DIRECTION ( 'NONE',  ( -0.000000000000000000, -0.000000000000000000, -1.000000000000000000 ) ) ;
#2737 = DIRECTION ( 'NONE',  ( 0.000000000000000000, 1.360567432138672328E-16, -1.000000000000000000 ) ) ;
#2738 = ORIENTED_EDGE ( 'NONE', *, *, #2066, .T. ) ;
#2739 = EDGE_CURVE ( 'NONE', #4865, #2061, #3170, .T. ) ;
#2740 = FACE_OUTER_BOUND ( 'NONE', #3925, .T. ) ;
#2741 = ORIENTED_EDGE ( 'NONE', *, *, #4558, .T. ) ;
#2742 = CARTESIAN_POINT ( 'NONE',  ( 8.762432110421492837, 25.49999999999999645, -10.40538813112551253 ) ) ;
#2743 = ORIENTED_EDGE ( 'NONE', *, *, #3227, .T. ) ;
#2744 = DIRECTION ( 'NONE',  ( 0.000000000000000000, 1.000000000000000000, 0.000000000000000000 ) ) ;
#2745 = AXIS2_PLACEMENT_3D ( 'NONE', #3421, #4567, #3393 ) ;
#2746 = ADVANCED_FACE ( 'NONE', ( #4007 ), #4734, .F. ) ;
#2747 = VECTOR ( 'NONE', #3064, 1000.000000000000114 ) ;
#2748 = CARTESIAN_POINT ( 'NONE',  ( 24.99999999999999289, 23.99999999999999645, -5.883035849229873548 ) ) ;
#2749 = EDGE_LOOP ( 'NONE', ( #236, #2414, #2307, #693 ) ) ;
#2750 = CYLINDRICAL_SURFACE ( 'NONE', #1374, 2.000000000000000000 ) ;
#2751 = CARTESIAN_POINT ( 'NONE',  ( 5.999999999999996447, 25.49999999999999645, 3.990178541804449854E-15 ) ) ;
#2752 = CARTESIAN_POINT ( 'NONE',  ( 20.65917808891947516, 1.714775476047052383, 29.00000000000000711 ) ) ;
#2753 = VECTOR ( 'NONE', #4478, 1000.000000000000000 ) ;
#2754 = CARTESIAN_POINT ( 'NONE',  ( 45.00000000000000000, 25.50000000000000000, -18.49999999999998579 ) ) ;
#2755 = VERTEX_POINT ( 'NONE', #2370 ) ;
#2756 = CIRCLE ( 'NONE', #1842, 4.999999999999997335 ) ;
#2757 = DIRECTION ( 'NONE',  ( -0.000000000000000000, -1.000000000000000000, -1.245892906839342191E-16 ) ) ;
#2758 = CARTESIAN_POINT ( 'NONE',  ( 19.55062435217081074, 16.49999999999999289, -25.49999999999999645 ) ) ;
#2759 = ORIENTED_EDGE ( 'NONE', *, *, #1913, .F. ) ;
#2760 = CARTESIAN_POINT ( 'NONE',  ( 5.000000000000011546, 20.49999999999999289, 24.10000000000000497 ) ) ;
#2761 = PRODUCT_DEFINITION ( 'UNKNOWN', '', #4643, #1029 ) ;
#2762 = CARTESIAN_POINT ( 'NONE',  ( 5.000000000000000000, 25.50000000000000000, -19.99999999999999645 ) ) ;
#2763 = ORIENTED_EDGE ( 'NONE', *, *, #899, .F. ) ;
#2764 = CARTESIAN_POINT ( 'NONE',  ( 30.87320499733209900, 3.000000000000000888, -24.09999999999999432 ) ) ;
#2765 = ORIENTED_EDGE ( 'NONE', *, *, #3530, .T. ) ;
#2766 = ADVANCED_FACE ( 'NONE', ( #1670 ), #3221, .F. ) ;
#2767 = LINE ( 'NONE', #1940, #1895 ) ;
#2768 = CARTESIAN_POINT ( 'NONE',  ( 26.28827149156555620, 24.09999999999999787, 4.353213452995802868 ) ) ;
#2769 = ORIENTED_EDGE ( 'NONE', *, *, #3114, .F. ) ;
#2770 = EDGE_CURVE ( 'NONE', #2121, #2422, #3960, .T. ) ;
#2771 = PLANE ( 'NONE',  #384 ) ;
#2772 = DIRECTION ( 'NONE',  ( -0.000000000000000000, 0.000000000000000000, -1.000000000000000000 ) ) ;
#2773 = FACE_OUTER_BOUND ( 'NONE', #960, .T. ) ;
#2774 = AXIS2_PLACEMENT_3D ( 'NONE', #2028, #3609, #2884 ) ;
#2775 = DIRECTION ( 'NONE',  ( 0.000000000000000000, 0.000000000000000000, 1.000000000000000000 ) ) ;
#2776 = ORIENTED_EDGE ( 'NONE', *, *, #2928, .T. ) ;
#2777 = DIRECTION ( 'NONE',  ( 0.000000000000000000, -1.360567432138672328E-16, 1.000000000000000000 ) ) ;
#2778 = LINE ( 'NONE', #2367, #3153 ) ;
#2779 = CARTESIAN_POINT ( 'NONE',  ( 38.00000000000000711, -24.10000000000000142, -24.09999999999999432 ) ) ;
#2780 = EDGE_LOOP ( 'NONE', ( #825, #1308, #1250, #4976, #2252, #5000, #4341 ) ) ;
#2781 = PLANE ( 'NONE',  #2691 ) ;
#2782 = ADVANCED_FACE ( 'NONE', ( #4786 ), #472, .F. ) ;
#2783 = CARTESIAN_POINT ( 'NONE',  ( 45.00000000000001421, -14.50000000000000888, 25.49999999999999645 ) ) ;
#2784 = ADVANCED_FACE ( 'NONE', ( #2445, #2055, #3247, #4811, #1276, #789, #3938, #3680, #1714 ), #1838, .T. ) ;
#2785 = EDGE_LOOP ( 'NONE', ( #1721, #4419, #4789, #1051 ) ) ;
#2786 = LINE ( 'NONE', #843, #2227 ) ;
#2787 = ORIENTED_EDGE ( 'NONE', *, *, #3037, .T. ) ;
#2788 = AXIS2_PLACEMENT_3D ( 'NONE', #2930, #4494, #3425 ) ;
#2789 = CARTESIAN_POINT ( 'NONE',  ( 19.55062435217080363, -10.50000000000000533, 25.50000000000000000 ) ) ;
#2790 = CIRCLE ( 'NONE', #1297, 2.000000000000000000 ) ;
#2791 = EDGE_CURVE ( 'NONE', #3125, #2022, #705, .T. ) ;
#2792 = CYLINDRICAL_SURFACE ( 'NONE', #2130, 0.6999999999999975131 ) ;
#2793 = ORIENTED_EDGE ( 'NONE', *, *, #1556, .T. ) ;
#2794 = CARTESIAN_POINT ( 'NONE',  ( 38.00000000000000000, -3.112717118565575092, 24.10000000000000497 ) ) ;
#2795 = CARTESIAN_POINT ( 'NONE',  ( 46.75135070846528151, -26.82467359935169426, -24.09999999999999432 ) ) ;
#2796 = VECTOR ( 'NONE', #2482, 1000.000000000000114 ) ;
#2797 = CARTESIAN_POINT ( 'NONE',  ( 34.46761691374841519, 10.39794164251851427, 24.10000000000000497 ) ) ;
#2798 = ADVANCED_FACE ( 'NONE', ( #1865 ), #3364, .F. ) ;
#2799 = AXIS2_PLACEMENT_3D ( 'NONE', #2373, #3102, #4668 ) ;
#2800 = FACE_OUTER_BOUND ( 'NONE', #3730, .T. ) ;
#2801 = ORIENTED_EDGE ( 'NONE', *, *, #4432, .F. ) ;
#2802 = VECTOR ( 'NONE', #722, 1000.000000000000000 ) ;
#2803 = CARTESIAN_POINT ( 'NONE',  ( 34.63889492903951606, 23.99999999999999645, -15.99999999999998934 ) ) ;
#2804 = VECTOR ( 'NONE', #3757, 1000.000000000000000 ) ;
#2805 = EDGE_CURVE ( 'NONE', #3092, #2281, #1506, .T. ) ;
#2806 = DIRECTION ( 'NONE',  ( 2.238352872228138663E-16, -1.000000000000000000, 0.000000000000000000 ) ) ;
#2807 = CARTESIAN_POINT ( 'NONE',  ( 26.28827149156555265, 24.09999999999999787, -4.353213452995777999 ) ) ;
#2808 = VERTEX_POINT ( 'NONE', #1811 ) ;
#2809 = CARTESIAN_POINT ( 'NONE',  ( 11.99999999999999645, 3.177026912440321922E-15, -25.50000000000000000 ) ) ;
#2810 = EDGE_LOOP ( 'NONE', ( #3252, #1232 ) ) ;
#2811 = CARTESIAN_POINT ( 'NONE',  ( 36.00000000000000000, -3.112717118565575092, 24.10000000000000497 ) ) ;
#2812 = ORIENTED_EDGE ( 'NONE', *, *, #3670, .F. ) ;
#2813 = DIRECTION ( 'NONE',  ( -0.000000000000000000, -0.000000000000000000, 1.000000000000000000 ) ) ;
#2814 = EDGE_LOOP ( 'NONE', ( #753, #532, #4044, #471 ) ) ;
#2815 = CARTESIAN_POINT ( 'NONE',  ( 30.44937564782917150, 16.49999999999999289, 29.00000000000000711 ) ) ;
#2816 = ADVANCED_FACE ( 'NONE', ( #4986 ), #4931, .F. ) ;
#2817 = DIRECTION ( 'NONE',  ( 0.000000000000000000, 0.000000000000000000, -1.000000000000000000 ) ) ;
#2818 = ORIENTED_EDGE ( 'NONE', *, *, #2978, .T. ) ;
#2819 = VECTOR ( 'NONE', #3746, 1000.000000000000114 ) ;
#2820 = CARTESIAN_POINT ( 'NONE',  ( 44.00000000000000000, 23.99999999999999289, 1.251392091549195758E-14 ) ) ;
#2821 = DIRECTION ( 'NONE',  ( 0.000000000000000000, 1.000000000000000000, 1.360567432138672328E-16 ) ) ;
#2822 = CARTESIAN_POINT ( 'NONE',  ( 29.99999999999999289, -17.00000000000000000, -11.90000000000000036 ) ) ;
#2823 = EDGE_CURVE ( 'NONE', #3273, #1090, #1403, .T. ) ;
#2824 =( GEOMETRIC_REPRESENTATION_CONTEXT ( 3 ) GLOBAL_UNCERTAINTY_ASSIGNED_CONTEXT ( ( #2588 ) ) GLOBAL_UNIT_ASSIGNED_CONTEXT ( ( #158, #4926, #2874 ) ) REPRESENTATION_CONTEXT ( 'NONE', 'WORKASPACE' ) );
#2825 = DIRECTION ( 'NONE',  ( 0.6426122619764711441, -0.7661915431257925180, 0.000000000000000000 ) ) ;
#2826 = VERTEX_POINT ( 'NONE', #4625 ) ;
#2827 = CARTESIAN_POINT ( 'NONE',  ( 18.06880811865748271, 15.15448422855144095, 29.00000000000001066 ) ) ;
#2828 = EDGE_CURVE ( 'NONE', #3091, #2465, #4329, .T. ) ;
#2829 = EDGE_LOOP ( 'NONE', ( #4737, #5037 ) ) ;
#2830 = AXIS2_PLACEMENT_3D ( 'NONE', #2538, #3715, #185 ) ;
#2831 = CARTESIAN_POINT ( 'NONE',  ( 23.00000000000001066, -24.09999999999999787, -22.00000000000003553 ) ) ;
#2832 = VECTOR ( 'NONE', #4606, 1000.000000000000000 ) ;
#2833 = CARTESIAN_POINT ( 'NONE',  ( 11.28366591921667883, -9.463719803213981763, 29.00000000000000711 ) ) ;
#2834 = VERTEX_POINT ( 'NONE', #3030 ) ;
#2835 = DIRECTION ( 'NONE',  ( -0.7661915431257925180, -0.6426122619764711441, 0.000000000000000000 ) ) ;
#2836 = ADVANCED_FACE ( 'NONE', ( #5011 ), #1480, .F. ) ;
#2837 = AXIS2_PLACEMENT_3D ( 'NONE', #1435, #1787, #4522 ) ;
#2838 = DIRECTION ( 'NONE',  ( -5.473822126268816683E-48, 1.000000000000000000, 1.360567432138672328E-16 ) ) ;
#2839 = ORIENTED_EDGE ( 'NONE', *, *, #4300, .T. ) ;
#2840 = DIRECTION ( 'NONE',  ( 0.000000000000000000, 0.000000000000000000, 1.000000000000000000 ) ) ;
#2841 = VERTEX_POINT ( 'NONE', #523 ) ;
#2842 = CARTESIAN_POINT ( 'NONE',  ( 38.00000000000000000, 1.168276782690724786E-14, 29.00000000000000711 ) ) ;
#2843 = DIRECTION ( 'NONE',  ( -1.297097214700455342E-32, -1.000000000000000000, -1.196361017915039486E-16 ) ) ;
#2844 = ORIENTED_EDGE ( 'NONE', *, *, #790, .F. ) ;
#2845 = DIRECTION ( 'NONE',  ( -0.000000000000000000, -0.000000000000000000, 1.000000000000000000 ) ) ;
#2846 = DIRECTION ( 'NONE',  ( 0.000000000000000000, 0.000000000000000000, -1.000000000000000000 ) ) ;
#2847 = LINE ( 'NONE', #4748, #63 ) ;
#2848 = CARTESIAN_POINT ( 'NONE',  ( 38.00000000000000000, 9.112717118565569763, 24.10000000000000497 ) ) ;
#2849 = ORIENTED_EDGE ( 'NONE', *, *, #4403, .T. ) ;
#2850 = EDGE_CURVE ( 'NONE', #1717, #2248, #937, .T. ) ;
#2851 = ADVANCED_FACE ( 'NONE', ( #1005 ), #1896, .F. ) ;
#2852 = CARTESIAN_POINT ( 'NONE',  ( 11.28366591921667883, -9.463719803213981763, -25.50000000000000000 ) ) ;
#2853 = CIRCLE ( 'NONE', #3518, 2.000000000000000000 ) ;
#2854 = VERTEX_POINT ( 'NONE', #2201 ) ;
#2855 = FACE_BOUND ( 'NONE', #4298, .T. ) ;
#2856 = FACE_BOUND ( 'NONE', #2659, .T. ) ;
#2857 = ORIENTED_EDGE ( 'NONE', *, *, #3202, .T. ) ;
#2858 = DIRECTION ( 'NONE',  ( 1.000000000000000000, -1.297097214700455342E-32, 0.000000000000000000 ) ) ;
#2859 = ORIENTED_EDGE ( 'NONE', *, *, #2238, .F. ) ;
#2860 = EDGE_CURVE ( 'NONE', #1605, #2668, #1063, .T. ) ;
#2861 = CARTESIAN_POINT ( 'NONE',  ( 54.99999999999999289, -27.00000000000000000, -29.00000000000000355 ) ) ;
#2862 = EDGE_LOOP ( 'NONE', ( #5045, #3650, #1165, #3944, #2436, #5061, #4833 ) ) ;
#2863 = DIRECTION ( 'NONE',  ( 0.000000000000000000, 0.000000000000000000, -1.000000000000000000 ) ) ;
#2864 = ORIENTED_EDGE ( 'NONE', *, *, #2919, .T. ) ;
#2865 = CARTESIAN_POINT ( 'NONE',  ( 38.00000000000000000, 9.112717118565569763, 29.00000000000000711 ) ) ;
#2866 = CIRCLE ( 'NONE', #3854, 1.000000000000000888 ) ;
#2867 = AXIS2_PLACEMENT_3D ( 'NONE', #4571, #3449, #1867 ) ;
#2868 = CARTESIAN_POINT ( 'NONE',  ( 19.55062435217081074, 16.49999999999999289, 29.00000000000001066 ) ) ;
#2869 = VERTEX_POINT ( 'NONE', #701 ) ;
#2870 = DIRECTION ( 'NONE',  ( 0.6426122619764711441, -0.7661915431257925180, 0.000000000000000000 ) ) ;
#2871 = CARTESIAN_POINT ( 'NONE',  ( 0.000000000000000000, -25.50000000000000000, -25.50000000000000355 ) ) ;
#2872 = DIRECTION ( 'NONE',  ( 0.000000000000000000, 0.000000000000000000, -1.000000000000000000 ) ) ;
#2873 = VECTOR ( 'NONE', #2410, 1000.000000000000000 ) ;
#2874 =( NAMED_UNIT ( * ) SI_UNIT ( $, .STERADIAN. ) SOLID_ANGLE_UNIT ( ) );
#2875 = ORIENTED_EDGE ( 'NONE', *, *, #2454, .F. ) ;
#2876 = DIRECTION ( 'NONE',  ( -0.7661915431257925180, -0.6426122619764711441, 0.000000000000000000 ) ) ;
#2877 = AXIS2_PLACEMENT_3D ( 'NONE', #1532, #4726, #29 ) ;
#2878 = AXIS2_PLACEMENT_3D ( 'NONE', #3803, #2655, #273 ) ;
#2879 = EDGE_LOOP ( 'NONE', ( #664, #437, #2776, #3519 ) ) ;
#2880 = ADVANCED_FACE ( 'NONE', ( #238 ), #3851, .F. ) ;
#2881 = DIRECTION ( 'NONE',  ( 0.000000000000000000, 1.000000000000000000, 1.360567432138672328E-16 ) ) ;
#2882 = CARTESIAN_POINT ( 'NONE',  ( 14.07283357939493662, 25.49999999999999289, 12.47017760376591156 ) ) ;
#2883 = ORIENTED_EDGE ( 'NONE', *, *, #4761, .F. ) ;
#2884 = DIRECTION ( 'NONE',  ( 0.000000000000000000, 0.000000000000000000, 1.000000000000000000 ) ) ;
#2885 = VECTOR ( 'NONE', #3017, 1000.000000000000000 ) ;
#2886 = AXIS2_PLACEMENT_3D ( 'NONE', #1404, #3448, #1866 ) ;
#2887 = EDGE_LOOP ( 'NONE', ( #2341, #3809, #468, #1553 ) ) ;
#2888 = DIRECTION ( 'NONE',  ( -1.000000000000000000, -8.673617379884043361E-16, 0.000000000000000000 ) ) ;
#2889 = ORIENTED_EDGE ( 'NONE', *, *, #1158, .T. ) ;
#2890 = CARTESIAN_POINT ( 'NONE',  ( 18.01824126591922948, 15.21477547604705016, -25.49999999999999645 ) ) ;
#2891 = VERTEX_POINT ( 'NONE', #5039 ) ;
#2892 = CYLINDRICAL_SURFACE ( 'NONE', #4024, 2.000000000000001776 ) ;
#2893 = ADVANCED_FACE ( 'NONE', ( #3478 ), #3005, .F. ) ;
#2894 = CARTESIAN_POINT ( 'NONE',  ( 13.99999999999999645, -3.112717118565576868, -25.50000000000000000 ) ) ;
#2895 = VERTEX_POINT ( 'NONE', #3797 ) ;
#2896 = DIRECTION ( 'NONE',  ( -1.000000000000000000, 2.950260331475544592E-32, -2.168404344971008375E-16 ) ) ;
#2897 = PLANE ( 'NONE',  #808 ) ;
#2898 = EDGE_CURVE ( 'NONE', #1841, #4499, #2853, .T. ) ;
#2899 = DIRECTION ( 'NONE',  ( 0.000000000000000000, 1.000000000000000000, 1.360567432138672328E-16 ) ) ;
#2900 = EDGE_CURVE ( 'NONE', #2668, #2498, #374, .T. ) ;
#2901 = CARTESIAN_POINT ( 'NONE',  ( 36.00000000000000000, -3.112717118565575092, 25.50000000000000000 ) ) ;
#2902 = EDGE_LOOP ( 'NONE', ( #1443, #2360, #517, #4687, #2354, #1625, #125, #1835, #2374, #4353 ) ) ;
#2903 = VECTOR ( 'NONE', #4207, 1000.000000000000114 ) ;
#2904 = DIRECTION ( 'NONE',  ( -0.000000000000000000, -1.360567432138672328E-16, 1.000000000000000000 ) ) ;
#2905 = ORIENTED_EDGE ( 'NONE', *, *, #3568, .F. ) ;
#2906 = CARTESIAN_POINT ( 'NONE',  ( 29.99999999999999289, -25.50000000000000355, -12.60000000000000320 ) ) ;
#2907 = CARTESIAN_POINT ( 'NONE',  ( 26.53238308625158126, 8.717442972866106032, -24.09999999999999432 ) ) ;
#2908 = VECTOR ( 'NONE', #2302, 1000.000000000000000 ) ;
#2909 = ORIENTED_EDGE ( 'NONE', *, *, #1020, .F. ) ;
#2910 = ORIENTED_EDGE ( 'NONE', *, *, #4495, .F. ) ;
#2911 = VECTOR ( 'NONE', #711, 1000.000000000000114 ) ;
#2912 = CARTESIAN_POINT ( 'NONE',  ( 30.44937564782918216, -12.50000000000000533, -24.09999999999999432 ) ) ;
#2913 = VERTEX_POINT ( 'NONE', #3179 ) ;
#2914 = CARTESIAN_POINT ( 'NONE',  ( 20.65917808891947516, 1.714775476047052383, 25.50000000000000000 ) ) ;
#2915 = ADVANCED_FACE ( 'NONE', ( #4725 ), #1190, .F. ) ;
#2916 = VERTEX_POINT ( 'NONE', #1921 ) ;
#2917 = CIRCLE ( 'NONE', #4640, 2.000000000000000000 ) ;
#2918 = CYLINDRICAL_SURFACE ( 'NONE', #4774, 2.000000000000001776 ) ;
#2919 = EDGE_CURVE ( 'NONE', #191, #1230, #4653, .T. ) ;
#2920 = FACE_OUTER_BOUND ( 'NONE', #572, .T. ) ;
#2921 = EDGE_LOOP ( 'NONE', ( #3735, #2404, #1323, #746 ) ) ;
#2922 = DIRECTION ( 'NONE',  ( -0.000000000000000000, 1.000000000000000000, -0.000000000000000000 ) ) ;
#2923 = CARTESIAN_POINT ( 'NONE',  ( 50.00000000000000000, -25.50000000000000355, 25.49999999999999645 ) ) ;
#2924 = DIRECTION ( 'NONE',  ( 0.000000000000000000, 0.000000000000000000, -1.000000000000000000 ) ) ;
#2925 = AXIS2_PLACEMENT_3D ( 'NONE', #4619, #2282, #2946 ) ;
#2926 = FACE_OUTER_BOUND ( 'NONE', #4090, .T. ) ;
#2927 = VERTEX_POINT ( 'NONE', #726 ) ;
#2928 = EDGE_CURVE ( 'NONE', #504, #2712, #1954, .T. ) ;
#2929 = CARTESIAN_POINT ( 'NONE',  ( 30.44937564782917150, 16.49999999999999289, -25.49999999999999289 ) ) ;
#2930 = CARTESIAN_POINT ( 'NONE',  ( 30.87320499733209900, 3.000000000000000888, 25.50000000000000000 ) ) ;
#2931 = CARTESIAN_POINT ( 'NONE',  ( 18.06880811865748271, 15.15448422855144095, -25.49999999999999645 ) ) ;
#2932 = EDGE_CURVE ( 'NONE', #4711, #2551, #3607, .T. ) ;
#2933 = VECTOR ( 'NONE', #3658, 1000.000000000000000 ) ;
#2934 = PRODUCT_CONTEXT ( 'NONE', #4628, 'mechanical' ) ;
#2935 = ORIENTED_EDGE ( 'NONE', *, *, #4300, .F. ) ;
#2936 = VERTEX_POINT ( 'NONE', #2794 ) ;
#2937 = CARTESIAN_POINT ( 'NONE',  ( 30.87320499733209900, 3.000000000000000888, 29.00000000000000711 ) ) ;
#2938 = VERTEX_POINT ( 'NONE', #49 ) ;
#2939 = CARTESIAN_POINT ( 'NONE',  ( 30.87320499733209900, 3.000000000000000888, -24.09999999999999432 ) ) ;
#2940 = EDGE_LOOP ( 'NONE', ( #3296, #2199 ) ) ;
#2941 = DIRECTION ( 'NONE',  ( -1.000000000000000000, 0.000000000000000000, 0.000000000000000000 ) ) ;
#2942 = EDGE_CURVE ( 'NONE', #4551, #4278, #800, .T. ) ;
#2943 = ADVANCED_FACE ( 'NONE', ( #3157 ), #2771, .T. ) ;
#2944 = FACE_BOUND ( 'NONE', #3845, .T. ) ;
#2945 = ORIENTED_EDGE ( 'NONE', *, *, #1263, .F. ) ;
#2946 = DIRECTION ( 'NONE',  ( 1.000000000000000000, 0.000000000000000000, 0.000000000000000000 ) ) ;
#2947 = DIRECTION ( 'NONE',  ( 0.000000000000000000, 0.000000000000000000, -1.000000000000000000 ) ) ;
#2948 = LINE ( 'NONE', #4511, #1791 ) ;
#2949 = CARTESIAN_POINT ( 'NONE',  ( 29.34082191108051418, 4.285224523952944509, 29.00000000000000711 ) ) ;
#2950 = VERTEX_POINT ( 'NONE', #3109 ) ;
#2951 = CARTESIAN_POINT ( 'NONE',  ( 28.00000000000000711, -25.50000000000000355, -22.00000000000000000 ) ) ;
#2952 = CARTESIAN_POINT ( 'NONE',  ( 14.23785040302852245, 11.94142291866908145, 29.00000000000000711 ) ) ;
#2953 = ADVANCED_FACE ( 'NONE', ( #3881 ), #1142, .F. ) ;
#2954 = CIRCLE ( 'NONE', #2382, 2.000000000000000000 ) ;
#2955 = CARTESIAN_POINT ( 'NONE',  ( 44.00000000000001421, 20.49999999999999289, 29.00000000000001066 ) ) ;
#2956 = ORIENTED_EDGE ( 'NONE', *, *, #1586, .T. ) ;
#2957 = DIRECTION ( 'NONE',  ( -1.000000000000000000, 0.000000000000000000, 1.084202172485504434E-16 ) ) ;
#2958 = CIRCLE ( 'NONE', #732, 2.000000000000000000 ) ;
#2959 = VECTOR ( 'NONE', #2957, 1000.000000000000000 ) ;
#2960 = EDGE_LOOP ( 'NONE', ( #1926, #1748, #2034, #1571 ) ) ;
#2961 = FACE_OUTER_BOUND ( 'NONE', #5106, .T. ) ;
#2962 = CIRCLE ( 'NONE', #2141, 2.000000000000000000 ) ;
#2963 = VECTOR ( 'NONE', #2011, 1000.000000000000000 ) ;
#2964 = VERTEX_POINT ( 'NONE', #4364 ) ;
#2965 = DIRECTION ( 'NONE',  ( -6.123233995736766036E-17, 1.000000000000000000, 0.000000000000000000 ) ) ;
#2966 = ORIENTED_EDGE ( 'NONE', *, *, #183, .T. ) ;
#2967 = FACE_OUTER_BOUND ( 'NONE', #3351, .T. ) ;
#2968 = VECTOR ( 'NONE', #5012, 1000.000000000000000 ) ;
#2969 = CARTESIAN_POINT ( 'NONE',  ( -5.000000000000004441, -27.00000000000000000, -26.99999999999999645 ) ) ;
#2970 = ORIENTED_EDGE ( 'NONE', *, *, #1727, .T. ) ;
#2971 = DIRECTION ( 'NONE',  ( -0.7661915431257927400, -0.6426122619764709221, 0.000000000000000000 ) ) ;
#2972 = ADVANCED_FACE ( 'NONE', ( #3527 ), #4263, .T. ) ;
#2973 = LINE ( 'NONE', #1778, #1890 ) ;
#2974 = DIRECTION ( 'NONE',  ( 1.000000000000000000, 0.000000000000000000, 0.000000000000000000 ) ) ;
#2975 = ORIENTED_EDGE ( 'NONE', *, *, #233, .T. ) ;
#2976 = LINE ( 'NONE', #1809, #757 ) ;
#2977 = DIRECTION ( 'NONE',  ( 0.000000000000000000, 0.000000000000000000, -1.000000000000000000 ) ) ;
#2978 = EDGE_CURVE ( 'NONE', #2916, #3903, #2316, .T. ) ;
#2979 = DIRECTION ( 'NONE',  ( 6.123233995736766036E-17, -1.000000000000000000, 0.000000000000000000 ) ) ;
#2980 = VERTEX_POINT ( 'NONE', #1606 ) ;
#2981 = CARTESIAN_POINT ( 'NONE',  ( -5.000000000000004441, -27.00000000000000000, -28.99999999999999645 ) ) ;
#2982 = CYLINDRICAL_SURFACE ( 'NONE', #4969, 1.999999999999998224 ) ;
#2983 = EDGE_CURVE ( 'NONE', #15, #3604, #4315, .T. ) ;
#2984 = ORIENTED_EDGE ( 'NONE', *, *, #1095, .F. ) ;
#2985 = CARTESIAN_POINT ( 'NONE',  ( 36.00000000000000000, -3.112717118565575092, 29.00000000000001066 ) ) ;
#2986 = CIRCLE ( 'NONE', #2658, 2.000000000000000000 ) ;
#2987 = ORIENTED_EDGE ( 'NONE', *, *, #4035, .F. ) ;
#2988 = AXIS2_PLACEMENT_3D ( 'NONE', #130, #1705, #900 ) ;
#2989 = DIRECTION ( 'NONE',  ( 1.000000000000000000, -1.677028837704906887E-48, 0.000000000000000000 ) ) ;
#2990 = EDGE_CURVE ( 'NONE', #1032, #146, #754, .T. ) ;
#2991 = VERTEX_POINT ( 'NONE', #387 ) ;
#2992 = DIRECTION ( 'NONE',  ( 0.6426122619764709221, 0.7661915431257927400, -0.000000000000000000 ) ) ;
#2993 = ORIENTED_EDGE ( 'NONE', *, *, #4751, .F. ) ;
#2994 = CYLINDRICAL_SURFACE ( 'NONE', #1484, 0.6999999999999975131 ) ;
#2995 = VECTOR ( 'NONE', #3917, 1000.000000000000000 ) ;
#2996 = VECTOR ( 'NONE', #2569, 1000.000000000000000 ) ;
#2997 = CARTESIAN_POINT ( 'NONE',  ( 30.69783357939493484, 24.09999999999999787, 1.529822396234114201 ) ) ;
#2998 = VERTEX_POINT ( 'NONE', #1554 ) ;
#2999 = CARTESIAN_POINT ( 'NONE',  ( 20.65917808891947871, 4.285224523952936515, -25.50000000000000000 ) ) ;
#3000 = CARTESIAN_POINT ( 'NONE',  ( 57.00000000000000711, -27.00000000000000711, 28.99999999999999645 ) ) ;
#3001 = LINE ( 'NONE', #975, #1559 ) ;
#3002 = EDGE_LOOP ( 'NONE', ( #852, #4568 ) ) ;
#3003 = DIRECTION ( 'NONE',  ( 0.000000000000000000, 0.000000000000000000, 1.000000000000000000 ) ) ;
#3004 = EDGE_LOOP ( 'NONE', ( #4621, #2246, #3822, #3204 ) ) ;
#3005 = CYLINDRICAL_SURFACE ( 'NONE', #615, 2.000000000000000000 ) ;
#3006 = CARTESIAN_POINT ( 'NONE',  ( 11.99999999999999645, 9.112717118565566210, 24.10000000000000497 ) ) ;
#3007 = LINE ( 'NONE', #2652, #2623 ) ;
#3008 = EDGE_CURVE ( 'NONE', #4760, #314, #1166, .T. ) ;
#3009 = ADVANCED_FACE ( 'NONE', ( #3951 ), #2750, .F. ) ;
#3010 = DIRECTION ( 'NONE',  ( -1.297097214700455342E-32, -1.000000000000000000, -1.196361017915039486E-16 ) ) ;
#3011 = CARTESIAN_POINT ( 'NONE',  ( 30.44937564782918216, -10.50000000000000533, 24.10000000000000497 ) ) ;
#3012 = ORIENTED_EDGE ( 'NONE', *, *, #2006, .F. ) ;
#3013 = DIRECTION ( 'NONE',  ( 0.000000000000000000, 0.000000000000000000, 1.000000000000000000 ) ) ;
#3014 = ORIENTED_EDGE ( 'NONE', *, *, #629, .F. ) ;
#3015 = CARTESIAN_POINT ( 'NONE',  ( 23.46761691374840808, -2.717442972866107809, -24.09999999999999432 ) ) ;
#3016 = EDGE_LOOP ( 'NONE', ( #1765, #1412, #3672, #3394 ) ) ;
#3017 = DIRECTION ( 'NONE',  ( 0.000000000000000000, 0.000000000000000000, -1.000000000000000000 ) ) ;
#3018 = ORIENTED_EDGE ( 'NONE', *, *, #3183, .T. ) ;
#3019 = DIRECTION ( 'NONE',  ( -0.000000000000000000, -0.000000000000000000, 1.000000000000000000 ) ) ;
#3020 = EDGE_CURVE ( 'NONE', #1316, #876, #3033, .T. ) ;
#3021 = ORIENTED_EDGE ( 'NONE', *, *, #2440, .F. ) ;
#3022 = CARTESIAN_POINT ( 'NONE',  ( 24.99999999999998934, -25.50000000000000355, -11.20000000000000639 ) ) ;
#3023 = ORIENTED_EDGE ( 'NONE', *, *, #2850, .T. ) ;
#3024 = FACE_OUTER_BOUND ( 'NONE', #5014, .T. ) ;
#3025 = DIRECTION ( 'NONE',  ( 0.000000000000000000, 0.000000000000000000, 1.000000000000000000 ) ) ;
#3026 = CARTESIAN_POINT ( 'NONE',  ( 19.55062435217081074, 18.49999999999998934, -24.09999999999999432 ) ) ;
#3027 = ORIENTED_EDGE ( 'NONE', *, *, #3488, .T. ) ;
#3028 = CARTESIAN_POINT ( 'NONE',  ( 23.00000000000001421, -79.58326913195983821, -22.00000000000003553 ) ) ;
#3029 = EDGE_LOOP ( 'NONE', ( #1695, #3922, #2743, #1105 ) ) ;
#3030 = CARTESIAN_POINT ( 'NONE',  ( 20.65917808891947516, 1.714775476047051717, -24.09999999999999432 ) ) ;
#3031 = CARTESIAN_POINT ( 'NONE',  ( 54.99999999999999289, -27.00000000000000000, -27.00000000000000355 ) ) ;
#3032 = ORIENTED_EDGE ( 'NONE', *, *, #4641, .T. ) ;
#3033 = CIRCLE ( 'NONE', #4672, 1.000000000000000888 ) ;
#3034 = LINE ( 'NONE', #2734, #1173 ) ;
#3035 = ORIENTED_EDGE ( 'NONE', *, *, #98, .T. ) ;
#3036 = CARTESIAN_POINT ( 'NONE',  ( 14.23785040302852245, 11.94142291866908145, 29.00000000000000711 ) ) ;
#3037 = EDGE_CURVE ( 'NONE', #3810, #919, #2866, .T. ) ;
#3038 = VECTOR ( 'NONE', #4466, 1000.000000000000000 ) ;
#3039 = ORIENTED_EDGE ( 'NONE', *, *, #899, .T. ) ;
#3040 = DIRECTION ( 'NONE',  ( -0.000000000000000000, -1.000000000000000000, -1.245892906839342191E-16 ) ) ;
#3041 = ORIENTED_EDGE ( 'NONE', *, *, #1062, .T. ) ;
#3042 = CARTESIAN_POINT ( 'NONE',  ( 26.28827149156555976, 25.50000000000000000, -4.353213452995777999 ) ) ;
#3043 = AXIS2_PLACEMENT_3D ( 'NONE', #4747, #827, #2409 ) ;
#3044 = VERTEX_POINT ( 'NONE', #1656 ) ;
#3045 = AXIS2_PLACEMENT_3D ( 'NONE', #2229, #286, #2255 ) ;
#3046 = CARTESIAN_POINT ( 'NONE',  ( 45.00000000000000000, 23.99999999999998934, 18.50000000000000711 ) ) ;
#3047 = CIRCLE ( 'NONE', #66, 2.000000000000001776 ) ;
#3048 = CARTESIAN_POINT ( 'NONE',  ( 19.99999999999998224, -17.00000000000000000, -12.59999999999999964 ) ) ;
#3049 = VERTEX_POINT ( 'NONE', #3205 ) ;
#3050 = DIRECTION ( 'NONE',  ( 0.000000000000000000, 1.000000000000000000, 0.000000000000000000 ) ) ;
#3051 = VERTEX_POINT ( 'NONE', #4848 ) ;
#3052 = EDGE_CURVE ( 'NONE', #1205, #4896, #4422, .T. ) ;
#3053 = CYLINDRICAL_SURFACE ( 'NONE', #2925, 2.000000000000000000 ) ;
#3054 = CARTESIAN_POINT ( 'NONE',  ( 8.762432110421492837, 23.99999999999999289, -10.40538813112551253 ) ) ;
#3055 = AXIS2_PLACEMENT_3D ( 'NONE', #1650, #3224, #2840 ) ;
#3056 = AXIS2_PLACEMENT_3D ( 'NONE', #3852, #676, #212 ) ;
#3057 = ORIENTED_EDGE ( 'NONE', *, *, #4612, .T. ) ;
#3058 = CARTESIAN_POINT ( 'NONE',  ( 15.53238308625158126, -4.397941642518519600, 25.50000000000000000 ) ) ;
#3059 = ORIENTED_EDGE ( 'NONE', *, *, #4066, .T. ) ;
#3060 = EDGE_CURVE ( 'NONE', #3834, #4577, #3192, .T. ) ;
#3061 = DIRECTION ( 'NONE',  ( 1.000000000000000000, 0.000000000000000000, 0.000000000000000000 ) ) ;
#3062 = DIRECTION ( 'NONE',  ( -1.094764425253763337E-47, 1.000000000000000000, 1.360567432138672328E-16 ) ) ;
#3063 = DIRECTION ( 'NONE',  ( 0.000000000000000000, 0.000000000000000000, -1.000000000000000000 ) ) ;
#3064 = DIRECTION ( 'NONE',  ( -0.6426122619764709221, 0.7661915431257927400, 0.000000000000000000 ) ) ;
#3065 = ORIENTED_EDGE ( 'NONE', *, *, #2632, .T. ) ;
#3066 = DIRECTION ( 'NONE',  ( 0.000000000000000000, 0.000000000000000000, -1.000000000000000000 ) ) ;
#3067 = ORIENTED_EDGE ( 'NONE', *, *, #2613, .F. ) ;
#3068 = DIRECTION ( 'NONE',  ( 0.000000000000000000, 0.000000000000000000, -1.000000000000000000 ) ) ;
#3069 = AXIS2_PLACEMENT_3D ( 'NONE', #4905, #1351, #596 ) ;
#3070 = ORIENTED_EDGE ( 'NONE', *, *, #1973, .F. ) ;
#3071 = DIRECTION ( 'NONE',  ( -1.000000000000000000, -0.000000000000000000, -0.000000000000000000 ) ) ;
#3072 = ORIENTED_EDGE ( 'NONE', *, *, #2128, .F. ) ;
#3073 = AXIS2_PLACEMENT_3D ( 'NONE', #3557, #804, #31 ) ;
#3074 = LINE ( 'NONE', #4715, #2908 ) ;
#3075 = EDGE_LOOP ( 'NONE', ( #1257, #1684, #4912, #5035 ) ) ;
#3076 = CARTESIAN_POINT ( 'NONE',  ( 44.00000000000001421, -14.50000000000000888, 29.00000000000000355 ) ) ;
#3077 = ORIENTED_EDGE ( 'NONE', *, *, #3191, .T. ) ;
#3078 = VECTOR ( 'NONE', #141, 1000.000000000000000 ) ;
#3079 = FACE_BOUND ( 'NONE', #1772, .T. ) ;
#3080 = CARTESIAN_POINT ( 'NONE',  ( 36.00000000000000000, 9.112717118565569763, -25.49999999999999289 ) ) ;
#3081 = ADVANCED_FACE ( 'NONE', ( #4775 ), #4020, .F. ) ;
#3082 = VECTOR ( 'NONE', #1249, 1000.000000000000000 ) ;
#3083 = VERTEX_POINT ( 'NONE', #1317 ) ;
#3084 = DIRECTION ( 'NONE',  ( 0.000000000000000000, 0.000000000000000000, -1.000000000000000000 ) ) ;
#3085 = VERTEX_POINT ( 'NONE', #3667 ) ;
#3086 = DIRECTION ( 'NONE',  ( 0.000000000000000000, -1.000000000000000000, 0.000000000000000000 ) ) ;
#3087 = DIRECTION ( 'NONE',  ( -0.000000000000000000, -0.000000000000000000, 1.000000000000000000 ) ) ;
#3088 = FACE_BOUND ( 'NONE', #1885, .T. ) ;
#3089 = ADVANCED_FACE ( 'NONE', ( #3256 ), #2116, .F. ) ;
#3090 = LINE ( 'NONE', #3857, #1830 ) ;
#3091 = VERTEX_POINT ( 'NONE', #920 ) ;
#3092 = VERTEX_POINT ( 'NONE', #3621 ) ;
#3093 = DIRECTION ( 'NONE',  ( 0.000000000000000000, 0.000000000000000000, -1.000000000000000000 ) ) ;
#3094 = AXIS2_PLACEMENT_3D ( 'NONE', #2929, #4805, #902 ) ;
#3095 = VERTEX_POINT ( 'NONE', #4822 ) ;
#3096 = DIRECTION ( 'NONE',  ( 0.000000000000000000, -1.000000000000000000, -1.360567432138672328E-16 ) ) ;
#3097 = ORIENTED_EDGE ( 'NONE', *, *, #4801, .T. ) ;
#3098 = DIRECTION ( 'NONE',  ( 0.7649111981170506613, 0.000000000000000000, 0.6441357457827797672 ) ) ;
#3099 = CARTESIAN_POINT ( 'NONE',  ( 26.28827149156555620, 25.49999999999999289, 4.353213452995814414 ) ) ;
#3100 = CIRCLE ( 'NONE', #4900, 1.000000000000001776 ) ;
#3101 = ORIENTED_EDGE ( 'NONE', *, *, #547, .T. ) ;
#3102 = DIRECTION ( 'NONE',  ( -1.084202172485504434E-16, 1.360567432138672328E-16, -1.000000000000000000 ) ) ;
#3103 = EDGE_LOOP ( 'NONE', ( #4019, #3032 ) ) ;
#3104 = DIRECTION ( 'NONE',  ( 0.7649111981170506613, -8.025241567124351326E-17, 0.6441357457827798783 ) ) ;
#3105 = EDGE_CURVE ( 'NONE', #3495, #1841, #3610, .T. ) ;
#3106 = ORIENTED_EDGE ( 'NONE', *, *, #1948, .F. ) ;
#3107 = DIRECTION ( 'NONE',  ( -1.677028837704906887E-48, -1.000000000000000000, 0.000000000000000000 ) ) ;
#3108 = VERTEX_POINT ( 'NONE', #1701 ) ;
#3109 = CARTESIAN_POINT ( 'NONE',  ( 19.30216642060506516, 25.49999999999999645, 1.529822396234115089 ) ) ;
#3110 = CARTESIAN_POINT ( 'NONE',  ( 18.01389492903950185, 25.49999999999999645, 1.755131987458887234E-14 ) ) ;
#3111 = CYLINDRICAL_SURFACE ( 'NONE', #311, 2.000000000000000000 ) ;
#3112 = DIRECTION ( 'NONE',  ( 0.000000000000000000, 1.000000000000000000, 0.000000000000000000 ) ) ;
#3113 = ORIENTED_EDGE ( 'NONE', *, *, #1246, .T. ) ;
#3114 = EDGE_CURVE ( 'NONE', #4966, #3381, #4798, .T. ) ;
#3115 = AXIS2_PLACEMENT_3D ( 'NONE', #2820, #2896, #4386 ) ;
#3116 = CARTESIAN_POINT ( 'NONE',  ( 20.06521753803157537, 1.006591742296090386, 24.10000000000000497 ) ) ;
#3117 = ORIENTED_EDGE ( 'NONE', *, *, #600, .T. ) ;
#3118 = FACE_OUTER_BOUND ( 'NONE', #2814, .T. ) ;
#3119 = VERTEX_POINT ( 'NONE', #2533 ) ;
#3120 = DIRECTION ( 'NONE',  ( -1.000000000000000000, 0.000000000000000000, 0.000000000000000000 ) ) ;
#3121 = ADVANCED_FACE ( 'NONE', ( #4437 ), #152, .F. ) ;
#3122 = CARTESIAN_POINT ( 'NONE',  ( 24.99999999999998934, -25.50000000000000355, -11.90000000000000391 ) ) ;
#3123 = AXIS2_PLACEMENT_3D ( 'NONE', #534, #2432, #2118 ) ;
#3124 = AXIS2_PLACEMENT_3D ( 'NONE', #4708, #4659, #4299 ) ;
#3125 = VERTEX_POINT ( 'NONE', #2485 ) ;
#3126 = LINE ( 'NONE', #3570, #154 ) ;
#3127 = EDGE_LOOP ( 'NONE', ( #1741, #4539, #4307, #4605 ) ) ;
#3128 = CARTESIAN_POINT ( 'NONE',  ( -7.000000000000004441, -27.00000000000000000, -26.99999999999998224 ) ) ;
#3129 = VECTOR ( 'NONE', #918, 1000.000000000000000 ) ;
#3130 = VECTOR ( 'NONE', #1311, 1000.000000000000000 ) ;
#3131 = ADVANCED_FACE ( 'NONE', ( #461 ), #4046, .F. ) ;
#3132 = CYLINDRICAL_SURFACE ( 'NONE', #3369, 2.000000000000000000 ) ;
#3133 = AXIS2_PLACEMENT_3D ( 'NONE', #3406, #1795, #935 ) ;
#3134 = EDGE_LOOP ( 'NONE', ( #1503, #4938, #2875, #4288 ) ) ;
#3135 = CIRCLE ( 'NONE', #3474, 0.6999999999999975131 ) ;
#3136 = DIRECTION ( 'NONE',  ( 0.000000000000000000, 0.000000000000000000, -1.000000000000000000 ) ) ;
#3137 = DIRECTION ( 'NONE',  ( -6.123233995736766036E-17, 1.000000000000000000, 0.000000000000000000 ) ) ;
#3138 = DIRECTION ( 'NONE',  ( 0.000000000000000000, -1.000000000000000000, 0.000000000000000000 ) ) ;
#3139 = DIRECTION ( 'NONE',  ( 0.000000000000000000, 0.000000000000000000, 1.000000000000000000 ) ) ;
#3140 = EDGE_LOOP ( 'NONE', ( #2462, #199, #1138, #4782 ) ) ;
#3141 = EDGE_CURVE ( 'NONE', #2891, #1941, #2069, .T. ) ;
#3142 = CARTESIAN_POINT ( 'NONE',  ( 5.000000000000011546, 20.49999999999999289, 29.00000000000001066 ) ) ;
#3143 = EDGE_CURVE ( 'NONE', #4069, #3865, #3644, .T. ) ;
#3144 = DIRECTION ( 'NONE',  ( -1.000000000000000000, 0.000000000000000000, 0.000000000000000000 ) ) ;
#3145 = VERTEX_POINT ( 'NONE', #2094 ) ;
#3146 = CARTESIAN_POINT ( 'NONE',  ( 29.34082191108051774, 4.285224523952944509, -24.09999999999999432 ) ) ;
#3147 = ADVANCED_FACE ( 'NONE', ( #3712 ), #1238, .T. ) ;
#3148 = DIRECTION ( 'NONE',  ( 3.494215690228651131E-48, 1.000000000000000000, 1.360567432138672328E-16 ) ) ;
#3149 = ORIENTED_EDGE ( 'NONE', *, *, #3906, .F. ) ;
#3150 = CARTESIAN_POINT ( 'NONE',  ( 45.00000000000001421, -14.50000000000000888, 29.00000000000000355 ) ) ;
#3151 = VERTEX_POINT ( 'NONE', #2431 ) ;
#3152 = FACE_BOUND ( 'NONE', #659, .T. ) ;
#3153 = VECTOR ( 'NONE', #2442, 1000.000000000000114 ) ;
#3154 = CIRCLE ( 'NONE', #1088, 0.9999999999999974465 ) ;
#3155 = CARTESIAN_POINT ( 'NONE',  ( 7.999999999999994671, 24.09999999999999787, 10.43275362445433707 ) ) ;
#3156 = ORIENTED_EDGE ( 'NONE', *, *, #260, .T. ) ;
#3157 = FACE_OUTER_BOUND ( 'NONE', #842, .T. ) ;
#3158 = CARTESIAN_POINT ( 'NONE',  ( 24.99999999999999289, 25.49999999999999645, -3.883035849229873993 ) ) ;
#3159 = PLANE ( 'NONE',  #4591 ) ;
#3160 = CIRCLE ( 'NONE', #2669, 2.000000000000000000 ) ;
#3161 = CYLINDRICAL_SURFACE ( 'NONE', #998, 1.500000000000001332 ) ;
#3162 = ORIENTED_EDGE ( 'NONE', *, *, #1139, .F. ) ;
#3163 = AXIS2_PLACEMENT_3D ( 'NONE', #3347, #169, #2989 ) ;
#3164 = CARTESIAN_POINT ( 'NONE',  ( 45.00000000000001421, -14.50000000000000888, -24.09999999999999076 ) ) ;
#3165 = EDGE_CURVE ( 'NONE', #4914, #856, #3995, .T. ) ;
#3166 = EDGE_CURVE ( 'NONE', #2379, #2591, #180, .T. ) ;
#3167 = FACE_BOUND ( 'NONE', #3711, .T. ) ;
#3168 = CARTESIAN_POINT ( 'NONE',  ( 55.00000000000000711, -27.00000000000000711, 26.99999999999999645 ) ) ;
#3169 = ORIENTED_EDGE ( 'NONE', *, *, #4589, .F. ) ;
#3170 = LINE ( 'NONE', #3984, #295 ) ;
#3171 = DIRECTION ( 'NONE',  ( -1.297097214700455342E-32, -1.000000000000000000, -1.196361017915039486E-16 ) ) ;
#3172 = ORIENTED_EDGE ( 'NONE', *, *, #1964, .T. ) ;
#3173 = DIRECTION ( 'NONE',  ( 0.000000000000000000, 0.000000000000000000, 1.000000000000000000 ) ) ;
#3174 = ORIENTED_EDGE ( 'NONE', *, *, #333, .T. ) ;
#3175 = FACE_OUTER_BOUND ( 'NONE', #3863, .T. ) ;
#3176 = EDGE_CURVE ( 'NONE', #1605, #5078, #229, .T. ) ;
#3177 = CARTESIAN_POINT ( 'NONE',  ( 30.44937564782917150, 18.49999999999999289, -25.49999999999999645 ) ) ;
#3178 = ORIENTED_EDGE ( 'NONE', *, *, #4146, .T. ) ;
#3179 = CARTESIAN_POINT ( 'NONE',  ( 50.00000000000000000, -24.09999999999999787, 24.10000000000000497 ) ) ;
#3180 = DIRECTION ( 'NONE',  ( 1.826024711554533667E-16, 1.360567432138672328E-16, -1.000000000000000000 ) ) ;
#3181 = DIRECTION ( 'NONE',  ( 0.000000000000000000, 0.000000000000000000, -1.000000000000000000 ) ) ;
#3182 = AXIS2_PLACEMENT_3D ( 'NONE', #265, #3823, #1430 ) ;
#3183 = EDGE_CURVE ( 'NONE', #3412, #2372, #4897, .T. ) ;
#3184 = DIRECTION ( 'NONE',  ( 1.000000000000000000, -1.677028837704906887E-48, 0.000000000000000000 ) ) ;
#3185 = ORIENTED_EDGE ( 'NONE', *, *, #4371, .F. ) ;
#3186 = CARTESIAN_POINT ( 'NONE',  ( 0.000000000000000000, -24.09999999999999787, -24.09999999999999432 ) ) ;
#3187 = LINE ( 'NONE', #1688, #3231 ) ;
#3188 = DIRECTION ( 'NONE',  ( 0.6426122619764711441, 0.7661915431257925180, 0.000000000000000000 ) ) ;
#3189 = ORIENTED_EDGE ( 'NONE', *, *, #259, .F. ) ;
#3190 = DIRECTION ( 'NONE',  ( -8.210733189403225025E-48, 1.000000000000000000, 1.360567432138672821E-16 ) ) ;
#3191 = EDGE_CURVE ( 'NONE', #1847, #433, #1024, .T. ) ;
#3192 = CIRCLE ( 'NONE', #56, 0.7000000000000009548 ) ;
#3193 = ORIENTED_EDGE ( 'NONE', *, *, #2983, .T. ) ;
#3194 = LINE ( 'NONE', #4762, #3969 ) ;
#3195 = VERTEX_POINT ( 'NONE', #2670 ) ;
#3196 = CARTESIAN_POINT ( 'NONE',  ( 31.98610507096049460, 24.09999999999999787, 1.389139348213584373E-14 ) ) ;
#3197 = ORIENTED_EDGE ( 'NONE', *, *, #363, .T. ) ;
#3198 = CIRCLE ( 'NONE', #1047, 0.7000000000000009548 ) ;
#3199 = CARTESIAN_POINT ( 'NONE',  ( 15.11462363484563554, -12.67678111309633593, 29.00000000000000711 ) ) ;
#3200 = AXIS2_PLACEMENT_3D ( 'NONE', #3310, #4823, #4465 ) ;
#3201 = CIRCLE ( 'NONE', #729, 2.000000000000000000 ) ;
#3202 = EDGE_CURVE ( 'NONE', #278, #4966, #1208, .T. ) ;
#3203 = DIRECTION ( 'NONE',  ( 0.000000000000000000, 0.000000000000000000, -1.000000000000000000 ) ) ;
#3204 = ORIENTED_EDGE ( 'NONE', *, *, #2770, .T. ) ;
#3205 = CARTESIAN_POINT ( 'NONE',  ( -5.000000000000004441, -25.50000000000000000, -28.99999999999999645 ) ) ;
#3206 = FACE_BOUND ( 'NONE', #1737, .T. ) ;
#3207 = VECTOR ( 'NONE', #47, 1000.000000000000000 ) ;
#3208 = AXIS2_PLACEMENT_3D ( 'NONE', #4922, #3737, #3025 ) ;
#3209 = CARTESIAN_POINT ( 'NONE',  ( 10.00000000000000178, -79.58326913195983821, -22.50000000000000000 ) ) ;
#3210 = AXIS2_PLACEMENT_3D ( 'NONE', #1339, #2843, #2817 ) ;
#3211 = CARTESIAN_POINT ( 'NONE',  ( 11.99999999999999645, 9.112717118565569763, 25.50000000000000000 ) ) ;
#3212 = EDGE_LOOP ( 'NONE', ( #4060, #3994 ) ) ;
#3213 = ADVANCED_FACE ( 'NONE', ( #2169 ), #4921, .T. ) ;
#3214 = VECTOR ( 'NONE', #774, 1000.000000000000000 ) ;
#3215 = DIRECTION ( 'NONE',  ( 0.6426122619764711441, -0.7661915431257925180, 0.000000000000000000 ) ) ;
#3216 = ORIENTED_EDGE ( 'NONE', *, *, #2434, .T. ) ;
#3217 = AXIS2_PLACEMENT_3D ( 'NONE', #3479, #4596, #1034 ) ;
#3218 = DIRECTION ( 'NONE',  ( -1.000000000000000000, 0.000000000000000000, 0.000000000000000000 ) ) ;
#3219 = PLANE ( 'NONE',  #1338 ) ;
#3220 = EDGE_LOOP ( 'NONE', ( #2759, #4804, #2015, #864 ) ) ;
#3221 = CYLINDRICAL_SURFACE ( 'NONE', #2524, 0.6999999999999975131 ) ;
#3222 = CARTESIAN_POINT ( 'NONE',  ( 50.58230842409425065, -23.61161228946933477, 24.10000000000000497 ) ) ;
#3223 = ORIENTED_EDGE ( 'NONE', *, *, #4971, .T. ) ;
#3224 = DIRECTION ( 'NONE',  ( -0.000000000000000000, -1.000000000000000000, -1.245892906839342191E-16 ) ) ;
#3225 = ORIENTED_EDGE ( 'NONE', *, *, #4170, .F. ) ;
#3226 = DIRECTION ( 'NONE',  ( 1.000000000000000000, 0.000000000000000000, 0.000000000000000000 ) ) ;
#3227 = EDGE_CURVE ( 'NONE', #4169, #2694, #205, .T. ) ;
#3228 = EDGE_CURVE ( 'NONE', #4411, #4450, #1053, .T. ) ;
#3229 = FACE_OUTER_BOUND ( 'NONE', #3663, .T. ) ;
#3230 = VERTEX_POINT ( 'NONE', #2999 ) ;
#3231 = VECTOR ( 'NONE', #2806, 1000.000000000000000 ) ;
#3232 = CARTESIAN_POINT ( 'NONE',  ( 49.89111930653170646, 24.09999999999999787, -24.22929582349359023 ) ) ;
#3233 = LINE ( 'NONE', #2486, #554 ) ;
#3234 = CARTESIAN_POINT ( 'NONE',  ( 26.53238308625158126, 8.717442972866106032, 25.50000000000000000 ) ) ;
#3235 = EDGE_CURVE ( 'NONE', #3501, #1271, #4172, .T. ) ;
#3236 = VECTOR ( 'NONE', #2825, 1000.000000000000114 ) ;
#3237 = LINE ( 'NONE', #3626, #14 ) ;
#3238 = ORIENTED_EDGE ( 'NONE', *, *, #4081, .F. ) ;
#3239 = DIRECTION ( 'NONE',  ( -6.123233995736766036E-17, 1.000000000000000000, 0.000000000000000000 ) ) ;
#3240 = VERTEX_POINT ( 'NONE', #284 ) ;
#3241 = CIRCLE ( 'NONE', #1002, 1.500000000000001332 ) ;
#3242 = EDGE_CURVE ( 'NONE', #2379, #1205, #1857, .T. ) ;
#3243 = FACE_OUTER_BOUND ( 'NONE', #3999, .T. ) ;
#3244 = VECTOR ( 'NONE', #2350, 1000.000000000000000 ) ;
#3245 = FACE_OUTER_BOUND ( 'NONE', #4514, .T. ) ;
#3246 = ORIENTED_EDGE ( 'NONE', *, *, #390, .F. ) ;
#3247 = FACE_BOUND ( 'NONE', #4882, .T. ) ;
#3248 = ORIENTED_EDGE ( 'NONE', *, *, #2066, .F. ) ;
#3249 = FACE_BOUND ( 'NONE', #526, .T. ) ;
#3250 = EDGE_LOOP ( 'NONE', ( #2987, #4117, #2594, #1182 ) ) ;
#3251 = DIRECTION ( 'NONE',  ( -1.232595164407830672E-32, -1.245892906839341945E-16, 1.000000000000000000 ) ) ;
#3252 = ORIENTED_EDGE ( 'NONE', *, *, #1653, .T. ) ;
#3253 = LINE ( 'NONE', #2865, #1564 ) ;
#3254 = CARTESIAN_POINT ( 'NONE',  ( 55.00000000000000711, -27.00000000000000711, 28.99999999999999645 ) ) ;
#3255 = ORIENTED_EDGE ( 'NONE', *, *, #4677, .F. ) ;
#3256 = FACE_OUTER_BOUND ( 'NONE', #3676, .T. ) ;
#3257 = EDGE_CURVE ( 'NONE', #906, #328, #4143, .T. ) ;
#3258 = CARTESIAN_POINT ( 'NONE',  ( 23.00000000000001066, -79.58326913195983821, 22.50000000000000000 ) ) ;
#3259 = CYLINDRICAL_SURFACE ( 'NONE', #1048, 1.000000000000000888 ) ;
#3260 = ORIENTED_EDGE ( 'NONE', *, *, #980, .F. ) ;
#3261 = DIRECTION ( 'NONE',  ( -1.297097214700455342E-32, -1.000000000000000000, -1.196361017915039486E-16 ) ) ;
#3262 = AXIS2_PLACEMENT_3D ( 'NONE', #2004, #1595, #1642 ) ;
#3263 = ORIENTED_EDGE ( 'NONE', *, *, #1010, .T. ) ;
#3264 = CIRCLE ( 'NONE', #163, 0.9999999999999974465 ) ;
#3265 = FACE_BOUND ( 'NONE', #2529, .T. ) ;
#3266 = CARTESIAN_POINT ( 'NONE',  ( 30.44937564782917150, 18.49999999999999289, 29.00000000000001066 ) ) ;
#3267 = EDGE_CURVE ( 'NONE', #2076, #2422, #1777, .T. ) ;
#3268 = ORIENTED_EDGE ( 'NONE', *, *, #4612, .F. ) ;
#3269 = CYLINDRICAL_SURFACE ( 'NONE', #3919, 2.000000000000000000 ) ;
#3270 = ORIENTED_EDGE ( 'NONE', *, *, #1498, .F. ) ;
#3271 = DIRECTION ( 'NONE',  ( -0.6426122619764709221, 0.7661915431257927400, 1.042455260357026660E-16 ) ) ;
#3272 = ADVANCED_FACE ( 'NONE', ( #3357 ), #1083, .T. ) ;
#3273 = VERTEX_POINT ( 'NONE', #1422 ) ;
#3274 = CARTESIAN_POINT ( 'NONE',  ( 0.000000000000000000, -24.09999999999999787, 24.10000000000000497 ) ) ;
#3275 = ORIENTED_EDGE ( 'NONE', *, *, #3491, .T. ) ;
#3276 = CARTESIAN_POINT ( 'NONE',  ( 24.99999999999999289, 23.99999999999999645, -5.883035849229873548 ) ) ;
#3277 = VECTOR ( 'NONE', #2406, 1000.000000000000000 ) ;
#3278 = VECTOR ( 'NONE', #4317, 1000.000000000000000 ) ;
#3279 = LINE ( 'NONE', #2014, #2549 ) ;
#3280 = ORIENTED_EDGE ( 'NONE', *, *, #4260, .T. ) ;
#3281 = DIRECTION ( 'NONE',  ( -1.000000000000000000, 0.000000000000000000, 0.000000000000000000 ) ) ;
#3282 = DIRECTION ( 'NONE',  ( 0.000000000000000000, 0.000000000000000000, -1.000000000000000000 ) ) ;
#3283 = DIRECTION ( 'NONE',  ( 0.000000000000000000, 0.000000000000000000, -1.000000000000000000 ) ) ;
#3284 = AXIS2_PLACEMENT_3D ( 'NONE', #3311, #2195, #2974 ) ;
#3285 = DIRECTION ( 'NONE',  ( -0.000000000000000000, 1.000000000000000000, -0.000000000000000000 ) ) ;
#3286 = ORIENTED_EDGE ( 'NONE', *, *, #1279, .F. ) ;
#3287 = LINE ( 'NONE', #2075, #3831 ) ;
#3288 = VECTOR ( 'NONE', #4261, 1000.000000000000000 ) ;
#3289 = CIRCLE ( 'NONE', #476, 2.000000000000000000 ) ;
#3290 = ORIENTED_EDGE ( 'NONE', *, *, #1586, .F. ) ;
#3291 = VECTOR ( 'NONE', #2640, 1000.000000000000000 ) ;
#3292 = CIRCLE ( 'NONE', #2058, 2.000000000000001776 ) ;
#3293 = ADVANCED_FACE ( 'NONE', ( #2642 ), #2225, .F. ) ;
#3294 = CARTESIAN_POINT ( 'NONE',  ( 24.99999999999999645, -27.00000000000000355, 11.19999999999999574 ) ) ;
#3295 = CARTESIAN_POINT ( 'NONE',  ( 4.000000000000009770, 20.49999999999999289, -24.09999999999999787 ) ) ;
#3296 = ORIENTED_EDGE ( 'NONE', *, *, #712, .T. ) ;
#3297 = AXIS2_PLACEMENT_3D ( 'NONE', #1722, #1334, #2138 ) ;
#3298 = AXIS2_PLACEMENT_3D ( 'NONE', #1077, #4224, #691 ) ;
#3299 = EDGE_CURVE ( 'NONE', #3091, #2646, #256, .T. ) ;
#3300 = ORIENTED_EDGE ( 'NONE', *, *, #862, .F. ) ;
#3301 = LINE ( 'NONE', #3683, #3078 ) ;
#3302 = ORIENTED_EDGE ( 'NONE', *, *, #2536, .F. ) ;
#3303 = CARTESIAN_POINT ( 'NONE',  ( 45.00000000000001421, 20.49999999999999289, -24.09999999999999787 ) ) ;
#3304 = ORIENTED_EDGE ( 'NONE', *, *, #3961, .T. ) ;
#3305 = CARTESIAN_POINT ( 'NONE',  ( -7.000000000000004441, -25.50000000000000000, -26.99999999999998224 ) ) ;
#3306 = ADVANCED_FACE ( 'NONE', ( #3024 ), #3053, .F. ) ;
#3307 = LINE ( 'NONE', #531, #2134 ) ;
#3308 = ORIENTED_EDGE ( 'NONE', *, *, #2919, .F. ) ;
#3309 = DIRECTION ( 'NONE',  ( -0.000000000000000000, -1.360567432138672328E-16, 1.000000000000000000 ) ) ;
#3310 = CARTESIAN_POINT ( 'NONE',  ( 30.44937564782918216, -10.50000000000000533, -25.50000000000000000 ) ) ;
#3311 = CARTESIAN_POINT ( 'NONE',  ( 5.000000000000011546, -14.50000000000000888, -24.09999999999999076 ) ) ;
#3312 = LINE ( 'NONE', #4879, #17 ) ;
#3313 = ORIENTED_EDGE ( 'NONE', *, *, #1844, .T. ) ;
#3314 = VECTOR ( 'NONE', #2521, 1000.000000000000000 ) ;
#3315 = LINE ( 'NONE', #2852, #2097 ) ;
#3316 = ORIENTED_EDGE ( 'NONE', *, *, #445, .F. ) ;
#3317 = DIRECTION ( 'NONE',  ( 1.000000000000000000, 0.000000000000000000, 0.000000000000000000 ) ) ;
#3318 = CARTESIAN_POINT ( 'NONE',  ( 20.65917808891947516, 1.714775476047050606, -25.50000000000000000 ) ) ;
#3319 = VECTOR ( 'NONE', #2371, 1000.000000000000000 ) ;
#3320 = ORIENTED_EDGE ( 'NONE', *, *, #4527, .T. ) ;
#3321 = ADVANCED_FACE ( 'NONE', ( #4509 ), #970, .T. ) ;
#3322 = EDGE_CURVE ( 'NONE', #2854, #777, #4647, .T. ) ;
#3323 = ORIENTED_EDGE ( 'NONE', *, *, #1692, .T. ) ;
#3324 = VECTOR ( 'NONE', #880, 1000.000000000000000 ) ;
#3325 = DIRECTION ( 'NONE',  ( -1.000000000000000000, 0.000000000000000000, 0.000000000000000000 ) ) ;
#3326 = VERTEX_POINT ( 'NONE', #3846 ) ;
#3327 = CARTESIAN_POINT ( 'NONE',  ( 15.11462363484563554, -12.67678111309633593, -25.50000000000000000 ) ) ;
#3328 = ORIENTED_EDGE ( 'NONE', *, *, #1154, .F. ) ;
#3329 = ADVANCED_FACE ( 'NONE', ( #309, #5033, #4256, #3079, #2695, #1886, #1500 ), #108, .T. ) ;
#3330 = DIRECTION ( 'NONE',  ( 0.000000000000000000, 0.000000000000000000, 1.000000000000000000 ) ) ;
#3331 = DIRECTION ( 'NONE',  ( 0.6426122619764711441, 0.7661915431257925180, 0.000000000000000000 ) ) ;
#3332 = ORIENTED_EDGE ( 'NONE', *, *, #35, .T. ) ;
#3333 = EDGE_CURVE ( 'NONE', #22, #985, #949, .T. ) ;
#3334 = CARTESIAN_POINT ( 'NONE',  ( 0.000000000000000000, -24.09999999999999787, 24.10000000000000497 ) ) ;
#3335 = DIRECTION ( 'NONE',  ( -0.000000000000000000, -0.000000000000000000, 1.000000000000000000 ) ) ;
#3336 = DIRECTION ( 'NONE',  ( -0.000000000000000000, -0.000000000000000000, 1.000000000000000000 ) ) ;
#3337 = CARTESIAN_POINT ( 'NONE',  ( 18.01824126591921882, -9.214775476047062597, -25.50000000000000000 ) ) ;
#3338 = ORIENTED_EDGE ( 'NONE', *, *, #831, .T. ) ;
#3339 = DIRECTION ( 'NONE',  ( -1.381462402934221592E-32, -1.000000000000000000, -1.360567432138672328E-16 ) ) ;
#3340 = EDGE_CURVE ( 'NONE', #3756, #1023, #3419, .T. ) ;
#3341 = ORIENTED_EDGE ( 'NONE', *, *, #1555, .F. ) ;
#3342 = LINE ( 'NONE', #1711, #1085 ) ;
#3343 = AXIS2_PLACEMENT_3D ( 'NONE', #3538, #3461, #3120 ) ;
#3344 = ORIENTED_EDGE ( 'NONE', *, *, #1472, .F. ) ;
#3345 = LINE ( 'NONE', #4526, #3376 ) ;
#3346 = ORIENTED_EDGE ( 'NONE', *, *, #3390, .T. ) ;
#3347 = CARTESIAN_POINT ( 'NONE',  ( 3.143117669239968036E-31, -12.50000000000000533, 29.00000000000000711 ) ) ;
#3348 = EDGE_CURVE ( 'NONE', #609, #919, #1662, .T. ) ;
#3349 = ORIENTED_EDGE ( 'NONE', *, *, #200, .T. ) ;
#3350 = CARTESIAN_POINT ( 'NONE',  ( 45.00000000000000000, 25.49999999999999289, 20.00000000000000711 ) ) ;
#3351 = EDGE_LOOP ( 'NONE', ( #4325, #3458, #3280, #3172 ) ) ;
#3352 = CYLINDRICAL_SURFACE ( 'NONE', #4363, 2.000000000000001776 ) ;
#3353 = ADVANCED_FACE ( 'NONE', ( #1293 ), #55, .F. ) ;
#3354 = DIRECTION ( 'NONE',  ( -0.6426122619764711441, 0.7661915431257926290, 9.545926088607148237E-17 ) ) ;
#3355 = ORIENTED_EDGE ( 'NONE', *, *, #1686, .F. ) ;
#3356 = AXIS2_PLACEMENT_3D ( 'NONE', #4486, #2922, #1342 ) ;
#3357 = FACE_OUTER_BOUND ( 'NONE', #2039, .T. ) ;
#3358 = DIRECTION ( 'NONE',  ( 0.000000000000000000, -1.000000000000000000, 0.000000000000000000 ) ) ;
#3359 = DIRECTION ( 'NONE',  ( 1.196361017915039486E-16, -1.196361017915039486E-16, 1.000000000000000000 ) ) ;
#3360 = EDGE_CURVE ( 'NONE', #2808, #3085, #3315, .T. ) ;
#3361 = VECTOR ( 'NONE', #1560, 1000.000000000000000 ) ;
#3362 = ORIENTED_EDGE ( 'NONE', *, *, #4395, .F. ) ;
#3363 = DIRECTION ( 'NONE',  ( -2.316323090289270973E-32, 1.000000000000000000, 1.360567432138672574E-16 ) ) ;
#3364 = PLANE ( 'NONE',  #4573 ) ;
#3365 = CARTESIAN_POINT ( 'NONE',  ( 50.00000000000000000, -25.50000000000000000, -25.50000000000000355 ) ) ;
#3366 = VECTOR ( 'NONE', #3359, 1000.000000000000000 ) ;
#3367 = LINE ( 'NONE', #2543, #4345 ) ;
#3368 = EDGE_CURVE ( 'NONE', #2950, #2998, #1347, .T. ) ;
#3369 = AXIS2_PLACEMENT_3D ( 'NONE', #2748, #776, #3549 ) ;
#3370 = CARTESIAN_POINT ( 'NONE',  ( 36.00000000000000000, -3.112717118565575092, -25.50000000000000355 ) ) ;
#3371 = AXIS2_PLACEMENT_3D ( 'NONE', #2985, #2180, #1013 ) ;
#3372 = CARTESIAN_POINT ( 'NONE',  ( 23.00000000000001066, -79.58326913195983821, 22.50000000000000000 ) ) ;
#3373 = ORIENTED_EDGE ( 'NONE', *, *, #3836, .F. ) ;
#3374 = DIRECTION ( 'NONE',  ( -1.297097214700455342E-32, -1.000000000000000000, -1.196361017915039486E-16 ) ) ;
#3375 = AXIS2_PLACEMENT_3D ( 'NONE', #2969, #1753, #2190 ) ;
#3376 = VECTOR ( 'NONE', #217, 1000.000000000000000 ) ;
#3377 = ORIENTED_EDGE ( 'NONE', *, *, #5007, .T. ) ;
#3378 = FACE_OUTER_BOUND ( 'NONE', #4523, .T. ) ;
#3379 = VECTOR ( 'NONE', #2578, 1000.000000000000114 ) ;
#3380 = CIRCLE ( 'NONE', #1801, 2.000000000000001776 ) ;
#3381 = VERTEX_POINT ( 'NONE', #4029 ) ;
#3382 = CYLINDRICAL_SURFACE ( 'NONE', #3297, 0.7000000000000009548 ) ;
#3383 = ORIENTED_EDGE ( 'NONE', *, *, #1913, .T. ) ;
#3384 = DIRECTION ( 'NONE',  ( 0.000000000000000000, 1.000000000000000000, 1.360567432138672574E-16 ) ) ;
#3385 = DIRECTION ( 'NONE',  ( 0.000000000000000000, 0.000000000000000000, -1.000000000000000000 ) ) ;
#3386 = EDGE_LOOP ( 'NONE', ( #3149, #3779, #3837, #4839 ) ) ;
#3387 = DIRECTION ( 'NONE',  ( 0.6426122619764709221, -0.7661915431257927400, 0.000000000000000000 ) ) ;
#3388 = DIRECTION ( 'NONE',  ( -0.6441357457827798783, -1.040713264636231050E-16, 0.7649111981170507724 ) ) ;
#3389 = CARTESIAN_POINT ( 'NONE',  ( 5.000000000000011546, 20.49999999999999289, -24.09999999999999787 ) ) ;
#3390 = EDGE_CURVE ( 'NONE', #3850, #2826, #161, .T. ) ;
#3391 = ADVANCED_FACE ( 'NONE', ( #875 ), #2540, .T. ) ;
#3392 = ORIENTED_EDGE ( 'NONE', *, *, #4432, .T. ) ;
#3393 = DIRECTION ( 'NONE',  ( 0.000000000000000000, 0.000000000000000000, -1.000000000000000000 ) ) ;
#3394 = ORIENTED_EDGE ( 'NONE', *, *, #430, .F. ) ;
#3395 = CARTESIAN_POINT ( 'NONE',  ( 41.99999999999999289, 24.09999999999999787, 8.432753624454335295 ) ) ;
#3396 = CARTESIAN_POINT ( 'NONE',  ( 15.53238308625158304, 10.39794164251850717, 24.10000000000000497 ) ) ;
#3397 = DIRECTION ( 'NONE',  ( 1.000000000000000000, 0.000000000000000000, 0.000000000000000000 ) ) ;
#3398 = CARTESIAN_POINT ( 'NONE',  ( 44.00000000000000711, 24.09999999999999787, -24.09999999999999432 ) ) ;
#3399 = EDGE_LOOP ( 'NONE', ( #1743, #3286, #3260, #3328 ) ) ;
#3400 = ADVANCED_FACE ( 'NONE', ( #4829 ), #4781, .F. ) ;
#3401 = FACE_OUTER_BOUND ( 'NONE', #1817, .T. ) ;
#3402 = VECTOR ( 'NONE', #3821, 1000.000000000000000 ) ;
#3403 = ORIENTED_EDGE ( 'NONE', *, *, #390, .T. ) ;
#3404 = CARTESIAN_POINT ( 'NONE',  ( 15.53238308625158304, 10.39794164251850717, -25.50000000000000000 ) ) ;
#3405 = ORIENTED_EDGE ( 'NONE', *, *, #4067, .F. ) ;
#3406 = CARTESIAN_POINT ( 'NONE',  ( 0.000000000000000000, 0.000000000000000000, 0.000000000000000000 ) ) ;
#3407 = ORIENTED_EDGE ( 'NONE', *, *, #4660, .F. ) ;
#3408 = EDGE_CURVE ( 'NONE', #2808, #1760, #2514, .T. ) ;
#3409 = LINE ( 'NONE', #4998, #1228 ) ;
#3410 = AXIS2_PLACEMENT_3D ( 'NONE', #4285, #2690, #1573 ) ;
#3411 = CIRCLE ( 'NONE', #1258, 2.000000000000000000 ) ;
#3412 = VERTEX_POINT ( 'NONE', #4000 ) ;
#3413 = PLANE ( 'NONE',  #3623 ) ;
#3414 = EDGE_LOOP ( 'NONE', ( #783, #4579, #1713, #4082, #228, #1462, #1237 ) ) ;
#3415 = DIRECTION ( 'NONE',  ( 0.7649111981170507724, -8.025241567124351326E-17, 0.6441357457827797672 ) ) ;
#3416 = PLANE ( 'NONE',  #2220 ) ;
#3417 = CARTESIAN_POINT ( 'NONE',  ( 24.99999999999999645, -17.00000000000000000, 11.19999999999999751 ) ) ;
#3418 = EDGE_LOOP ( 'NONE', ( #3475, #2910, #1912, #2517 ) ) ;
#3419 = CIRCLE ( 'NONE', #775, 0.6999999999999975131 ) ;
#3420 = EDGE_CURVE ( 'NONE', #4369, #1074, #1269, .T. ) ;
#3421 = CARTESIAN_POINT ( 'NONE',  ( 7.999999999999998224, 25.49999999999999645, -8.432753624454301544 ) ) ;
#3422 = EDGE_LOOP ( 'NONE', ( #4229, #1285 ) ) ;
#3423 = DIRECTION ( 'NONE',  ( 0.6426122619764709221, 0.7661915431257927400, 0.000000000000000000 ) ) ;
#3424 = FACE_OUTER_BOUND ( 'NONE', #3418, .T. ) ;
#3425 = DIRECTION ( 'NONE',  ( 0.000000000000000000, 1.000000000000000000, 0.000000000000000000 ) ) ;
#3426 = DIRECTION ( 'NONE',  ( -0.000000000000000000, -1.360567432138672328E-16, 1.000000000000000000 ) ) ;
#3427 = EDGE_LOOP ( 'NONE', ( #1292, #618, #4077, #3620 ) ) ;
#3428 = CARTESIAN_POINT ( 'NONE',  ( 29.34082191108051418, 4.285224523952944509, 29.00000000000000711 ) ) ;
#3429 = ORIENTED_EDGE ( 'NONE', *, *, #574, .T. ) ;
#3430 = EDGE_CURVE ( 'NONE', #4069, #2755, #1709, .T. ) ;
#3431 = LINE ( 'NONE', #2601, #840 ) ;
#3432 = ORIENTED_EDGE ( 'NONE', *, *, #371, .F. ) ;
#3433 = SURFACE_STYLE_USAGE ( .BOTH. , #1933 ) ;
#3434 = ORIENTED_EDGE ( 'NONE', *, *, #2434, .F. ) ;
#3435 = CIRCLE ( 'NONE', #1534, 1.999999999999998224 ) ;
#3436 = DIRECTION ( 'NONE',  ( -1.000000000000000000, 0.000000000000000000, 0.000000000000000000 ) ) ;
#3437 = EDGE_CURVE ( 'NONE', #2081, #1299, #4407, .T. ) ;
#3438 = EDGE_LOOP ( 'NONE', ( #2115, #2525, #3537, #3911 ) ) ;
#3439 = DIRECTION ( 'NONE',  ( -1.000000000000000000, 0.000000000000000000, 0.000000000000000000 ) ) ;
#3440 = ORIENTED_EDGE ( 'NONE', *, *, #4425, .F. ) ;
#3441 = CARTESIAN_POINT ( 'NONE',  ( 14.23785040302852245, 11.94142291866908145, 29.00000000000000711 ) ) ;
#3442 = FACE_OUTER_BOUND ( 'NONE', #538, .T. ) ;
#3443 = LINE ( 'NONE', #5006, #2959 ) ;
#3444 = ORIENTED_EDGE ( 'NONE', *, *, #3420, .F. ) ;
#3445 = DIRECTION ( 'NONE',  ( -0.7649111981170507724, -8.025241567124348861E-17, 0.6441357457827796562 ) ) ;
#3446 = ORIENTED_EDGE ( 'NONE', *, *, #3696, .F. ) ;
#3447 = DIRECTION ( 'NONE',  ( -0.000000000000000000, 1.000000000000000000, -0.000000000000000000 ) ) ;
#3448 = DIRECTION ( 'NONE',  ( 0.000000000000000000, 1.360567432138672328E-16, -1.000000000000000000 ) ) ;
#3449 = DIRECTION ( 'NONE',  ( -0.000000000000000000, -1.360567432138672328E-16, 1.000000000000000000 ) ) ;
#3450 = VECTOR ( 'NONE', #2253, 1000.000000000000000 ) ;
#3451 = DIRECTION ( 'NONE',  ( -1.297097214700455342E-32, -1.000000000000000000, -1.196361017915039486E-16 ) ) ;
#3452 = CLOSED_SHELL ( 'NONE', ( #1819, #3293, #304, #4989, #1603, #4334, #2237, #2943, #2102, #3787, #3329, #1027, #4906, #2711, #1217, #2441, #3986, #2766, #1241, #3321, #1341, #823 ) ) ;
#3453 = ORIENTED_EDGE ( 'NONE', *, *, #570, .T. ) ;
#3454 = LINE ( 'NONE', #4575, #4434 ) ;
#3455 = EDGE_CURVE ( 'NONE', #4396, #2162, #4099, .T. ) ;
#3456 = AXIS2_PLACEMENT_3D ( 'NONE', #2218, #1444, #4139 ) ;
#3457 = AXIS2_PLACEMENT_3D ( 'NONE', #1424, #2645, #4205 ) ;
#3458 = ORIENTED_EDGE ( 'NONE', *, *, #1246, .F. ) ;
#3459 = CARTESIAN_POINT ( 'NONE',  ( 40.00000000000000711, -25.50000000000000355, -17.00000000000000000 ) ) ;
#3460 = ORIENTED_EDGE ( 'NONE', *, *, #4002, .F. ) ;
#3461 = DIRECTION ( 'NONE',  ( -0.000000000000000000, -0.000000000000000000, 1.000000000000000000 ) ) ;
#3462 = VERTEX_POINT ( 'NONE', #4394 ) ;
#3463 = VECTOR ( 'NONE', #1974, 1000.000000000000114 ) ;
#3464 = EDGE_CURVE ( 'NONE', #1023, #3756, #4742, .T. ) ;
#3465 = AXIS2_PLACEMENT_3D ( 'NONE', #2693, #4254, #2280 ) ;
#3466 = VECTOR ( 'NONE', #3104, 1000.000000000000114 ) ;
#3467 = LINE ( 'NONE', #2353, #2581 ) ;
#3468 = ORIENTED_EDGE ( 'NONE', *, *, #1295, .T. ) ;
#3469 = LINE ( 'NONE', #408, #2219 ) ;
#3470 = EDGE_LOOP ( 'NONE', ( #3593, #2399, #5086, #3023, #4650, #1594 ) ) ;
#3471 = CARTESIAN_POINT ( 'NONE',  ( 17.55062435217080008, -10.50000000000000533, 29.00000000000000711 ) ) ;
#3472 = CARTESIAN_POINT ( 'NONE',  ( 19.99999999999998224, -25.50000000000000355, -11.20000000000000639 ) ) ;
#3473 = EDGE_CURVE ( 'NONE', #2447, #4914, #3287, .T. ) ;
#3474 = AXIS2_PLACEMENT_3D ( 'NONE', #994, #2140, #4198 ) ;
#3475 = ORIENTED_EDGE ( 'NONE', *, *, #3830, .F. ) ;
#3476 = DIRECTION ( 'NONE',  ( 0.000000000000000000, -1.000000000000000000, -1.360567432138672328E-16 ) ) ;
#3477 = ORIENTED_EDGE ( 'NONE', *, *, #2385, .F. ) ;
#3478 = FACE_OUTER_BOUND ( 'NONE', #426, .T. ) ;
#3479 = CARTESIAN_POINT ( 'NONE',  ( 4.999999999999994671, 23.99999999999998934, 20.00000000000000355 ) ) ;
#3480 = LINE ( 'NONE', #319, #3278 ) ;
#3481 = FACE_OUTER_BOUND ( 'NONE', #969, .T. ) ;
#3482 = ORIENTED_EDGE ( 'NONE', *, *, #2117, .F. ) ;
#3483 = EDGE_LOOP ( 'NONE', ( #2567, #2505, #4291, #4813 ) ) ;
#3484 = FACE_OUTER_BOUND ( 'NONE', #3666, .T. ) ;
#3485 = EDGE_LOOP ( 'NONE', ( #2519, #2849, #409, #4375 ) ) ;
#3486 = CARTESIAN_POINT ( 'NONE',  ( 19.55062435217081074, 16.49999999999999289, 25.50000000000000355 ) ) ;
#3487 = VECTOR ( 'NONE', #1786, 1000.000000000000000 ) ;
#3488 = EDGE_CURVE ( 'NONE', #3095, #609, #3264, .T. ) ;
#3489 = ORIENTED_EDGE ( 'NONE', *, *, #1535, .F. ) ;
#3490 =( LENGTH_UNIT ( ) NAMED_UNIT ( * ) SI_UNIT ( .MILLI., .METRE. ) );
#3491 = EDGE_CURVE ( 'NONE', #708, #4896, #3743, .T. ) ;
#3492 = AXIS2_PLACEMENT_3D ( 'NONE', #4728, #3285, #2516 ) ;
#3493 = CARTESIAN_POINT ( 'NONE',  ( 23.00000000000000711, -24.09999999999999787, 22.00000000000003553 ) ) ;
#3494 = EDGE_CURVE ( 'NONE', #2646, #3326, #2986, .T. ) ;
#3495 = VERTEX_POINT ( 'NONE', #2590 ) ;
#3496 = CARTESIAN_POINT ( 'NONE',  ( 50.00000000000000000, 25.49999999999999289, 25.50000000000000355 ) ) ;
#3497 = EDGE_LOOP ( 'NONE', ( #3642, #3077, #3885, #1494 ) ) ;
#3498 = CIRCLE ( 'NONE', #763, 2.000000000000001776 ) ;
#3499 = DIRECTION ( 'NONE',  ( 0.000000000000000000, 1.000000000000000000, 0.000000000000000000 ) ) ;
#3500 = CIRCLE ( 'NONE', #2265, 2.000000000000001776 ) ;
#3501 = VERTEX_POINT ( 'NONE', #4541 ) ;
#3502 = EDGE_CURVE ( 'NONE', #2936, #2274, #2566, .T. ) ;
#3503 = CARTESIAN_POINT ( 'NONE',  ( 31.98610507096049460, 25.49999999999999645, 1.408187292263525657E-14 ) ) ;
#3504 = ORIENTED_EDGE ( 'NONE', *, *, #279, .T. ) ;
#3505 = DIRECTION ( 'NONE',  ( 0.000000000000000000, 0.000000000000000000, -1.000000000000000000 ) ) ;
#3506 = PLANE ( 'NONE',  #4433 ) ;
#3507 = CARTESIAN_POINT ( 'NONE',  ( 19.55062435217081074, 16.49999999999999289, -25.49999999999999645 ) ) ;
#3508 = DIRECTION ( 'NONE',  ( 0.000000000000000000, 1.000000000000000000, 1.360567432138672574E-16 ) ) ;
#3509 = EDGE_LOOP ( 'NONE', ( #3197, #819 ) ) ;
#3510 = EDGE_CURVE ( 'NONE', #4577, #5051, #1031, .T. ) ;
#3511 = CARTESIAN_POINT ( 'NONE',  ( 19.55062435217080363, -12.50000000000000533, 24.10000000000000497 ) ) ;
#3512 = ORIENTED_EDGE ( 'NONE', *, *, #1410, .T. ) ;
#3513 = DIRECTION ( 'NONE',  ( -1.000000000000000000, 0.000000000000000000, 0.000000000000000000 ) ) ;
#3514 = ORIENTED_EDGE ( 'NONE', *, *, #2063, .F. ) ;
#3515 = CARTESIAN_POINT ( 'NONE',  ( 23.46761691374840453, 8.717442972866106032, 25.50000000000000000 ) ) ;
#3516 = EDGE_CURVE ( 'NONE', #3526, #1383, #833, .T. ) ;
#3517 = DIRECTION ( 'NONE',  ( 0.7649111981170508834, 0.000000000000000000, -0.6441357457827796562 ) ) ;
#3518 = AXIS2_PLACEMENT_3D ( 'NONE', #4209, #907, #3136 ) ;
#3519 = ORIENTED_EDGE ( 'NONE', *, *, #984, .F. ) ;
#3520 = DIRECTION ( 'NONE',  ( 0.7649111981170508834, 0.000000000000000000, -0.6441357457827796562 ) ) ;
#3521 = VERTEX_POINT ( 'NONE', #4984 ) ;
#3522 = CARTESIAN_POINT ( 'NONE',  ( 11.99999999999999645, -3.112717118565576868, 29.00000000000000711 ) ) ;
#3523 = EDGE_CURVE ( 'NONE', #2027, #22, #1418, .T. ) ;
#3524 = ORIENTED_EDGE ( 'NONE', *, *, #3946, .F. ) ;
#3525 = DIRECTION ( 'NONE',  ( 0.000000000000000000, 1.000000000000000000, 1.360567432138672328E-16 ) ) ;
#3526 = VERTEX_POINT ( 'NONE', #4623 ) ;
#3527 = FACE_OUTER_BOUND ( 'NONE', #1929, .T. ) ;
#3528 = LINE ( 'NONE', #1607, #2059 ) ;
#3529 = DIRECTION ( 'NONE',  ( -0.000000000000000000, -0.000000000000000000, 1.000000000000000000 ) ) ;
#3530 = EDGE_CURVE ( 'NONE', #4499, #2998, #4928, .T. ) ;
#3531 = LINE ( 'NONE', #1485, #2158 ) ;
#3532 = ORIENTED_EDGE ( 'NONE', *, *, #2990, .T. ) ;
#3533 = AXIS2_PLACEMENT_3D ( 'NONE', #4874, #488, #2870 ) ;
#3534 = CARTESIAN_POINT ( 'NONE',  ( 46.00000000000001421, 20.49999999999999289, 29.00000000000001066 ) ) ;
#3535 = EDGE_CURVE ( 'NONE', #2179, #1829, #4459, .T. ) ;
#3536 = LINE ( 'NONE', #3459, #3244 ) ;
#3537 = ORIENTED_EDGE ( 'NONE', *, *, #97, .T. ) ;
#3538 = CARTESIAN_POINT ( 'NONE',  ( 5.000000000000011546, -14.50000000000000888, 24.10000000000000497 ) ) ;
#3539 = VECTOR ( 'NONE', #156, 1000.000000000000000 ) ;
#3540 = DIRECTION ( 'NONE',  ( 0.000000000000000000, 0.000000000000000000, -1.000000000000000000 ) ) ;
#3541 = AXIS2_PLACEMENT_3D ( 'NONE', #79, #489, #103 ) ;
#3542 = VECTOR ( 'NONE', #3724, 1000.000000000000114 ) ;
#3543 = ORIENTED_EDGE ( 'NONE', *, *, #3166, .T. ) ;
#3544 = FACE_OUTER_BOUND ( 'NONE', #4586, .T. ) ;
#3545 = ORIENTED_EDGE ( 'NONE', *, *, #5094, .T. ) ;
#3546 = LINE ( 'NONE', #4670, #326 ) ;
#3547 = AXIS2_PLACEMENT_3D ( 'NONE', #2894, #868, #75 ) ;
#3548 = AXIS2_PLACEMENT_3D ( 'NONE', #1652, #3226, #2452 ) ;
#3549 = DIRECTION ( 'NONE',  ( 0.000000000000000000, 0.000000000000000000, 1.000000000000000000 ) ) ;
#3550 = CIRCLE ( 'NONE', #157, 2.000000000000001776 ) ;
#3551 = ORIENTED_EDGE ( 'NONE', *, *, #2117, .T. ) ;
#3552 = CARTESIAN_POINT ( 'NONE',  ( 4.999999999999994671, 23.99999999999998934, 18.50000000000000355 ) ) ;
#3553 = EDGE_CURVE ( 'NONE', #4202, #1847, #2976, .T. ) ;
#3554 = ADVANCED_FACE ( 'NONE', ( #3718 ), #4148, .F. ) ;
#3555 = CARTESIAN_POINT ( 'NONE',  ( 0.000000000000000000, -24.09999999999999787, -24.09999999999999432 ) ) ;
#3556 = CARTESIAN_POINT ( 'NONE',  ( 24.99999999999998934, -27.00000000000000355, -11.90000000000000391 ) ) ;
#3557 = CARTESIAN_POINT ( 'NONE',  ( 19.55062435217080363, -10.50000000000000533, 29.00000000000000711 ) ) ;
#3558 = VERTEX_POINT ( 'NONE', #3058 ) ;
#3559 = CARTESIAN_POINT ( 'NONE',  ( 23.71172850843443669, 25.49999999999999289, 4.353213452995803756 ) ) ;
#3560 = CARTESIAN_POINT ( 'NONE',  ( 35.92716642060507581, 23.99999999999999645, -12.47017760376589379 ) ) ;
#3561 = CARTESIAN_POINT ( 'NONE',  ( 4.000000000000009770, -14.50000000000000888, 24.10000000000000497 ) ) ;
#3562 = EDGE_CURVE ( 'NONE', #4469, #666, #2150, .T. ) ;
#3563 = ORIENTED_EDGE ( 'NONE', *, *, #3647, .T. ) ;
#3564 = LINE ( 'NONE', #4034, #3674 ) ;
#3565 = VECTOR ( 'NONE', #1272, 1000.000000000000000 ) ;
#3566 = FACE_OUTER_BOUND ( 'NONE', #342, .T. ) ;
#3567 = EDGE_CURVE ( 'NONE', #1032, #4175, #4045, .T. ) ;
#3568 = EDGE_CURVE ( 'NONE', #4966, #2627, #2616, .T. ) ;
#3569 = ORIENTED_EDGE ( 'NONE', *, *, #1376, .T. ) ;
#3570 = CARTESIAN_POINT ( 'NONE',  ( 0.000000000000000000, -25.50000000000000355, 25.49999999999999645 ) ) ;
#3571 = ORIENTED_EDGE ( 'NONE', *, *, #4425, .T. ) ;
#3572 = CARTESIAN_POINT ( 'NONE',  ( 24.99999999999998934, -17.00000000000000000, -12.59999999999999964 ) ) ;
#3573 = AXIS2_PLACEMENT_3D ( 'NONE', #2239, #1069, #294 ) ;
#3574 = AXIS2_PLACEMENT_3D ( 'NONE', #2762, #716, #3895 ) ;
#3575 = CARTESIAN_POINT ( 'NONE',  ( 29.36333774371139782, 24.09999999999999787, 0.4060364293427126681 ) ) ;
#3576 = EDGE_LOOP ( 'NONE', ( #4662, #45, #4236, #1813 ) ) ;
#3577 = CARTESIAN_POINT ( 'NONE',  ( 13.99999999999999645, 9.112717118565566210, -25.49999999999999289 ) ) ;
#3578 = CARTESIAN_POINT ( 'NONE',  ( 46.75135070846528151, -26.82467359935169426, 24.10000000000000497 ) ) ;
#3579 = FACE_OUTER_BOUND ( 'NONE', #1522, .T. ) ;
#3580 = CIRCLE ( 'NONE', #681, 2.000000000000000000 ) ;
#3581 = EDGE_CURVE ( 'NONE', #2321, #3742, #673, .T. ) ;
#3582 = CYLINDRICAL_SURFACE ( 'NONE', #3073, 2.000000000000001776 ) ;
#3583 = ORIENTED_EDGE ( 'NONE', *, *, #2664, .T. ) ;
#3584 = FACE_OUTER_BOUND ( 'NONE', #1070, .T. ) ;
#3585 = FACE_OUTER_BOUND ( 'NONE', #3708, .T. ) ;
#3586 = DIRECTION ( 'NONE',  ( 0.000000000000000000, 0.000000000000000000, -1.000000000000000000 ) ) ;
#3587 = ORIENTED_EDGE ( 'NONE', *, *, #2000, .F. ) ;
#3588 = CARTESIAN_POINT ( 'NONE',  ( 20.00000000000000000, -17.00000000000000000, 11.89999999999999858 ) ) ;
#3589 = EDGE_CURVE ( 'NONE', #2447, #3558, #1059, .T. ) ;
#3590 = CARTESIAN_POINT ( 'NONE',  ( 19.12679500266789390, 2.999999999999993783, 24.10000000000000497 ) ) ;
#3591 = ORIENTED_EDGE ( 'NONE', *, *, #3408, .T. ) ;
#3592 = DIRECTION ( 'NONE',  ( -0.000000000000000000, 1.000000000000000000, -0.000000000000000000 ) ) ;
#3593 = ORIENTED_EDGE ( 'NONE', *, *, #2424, .F. ) ;
#3594 = CARTESIAN_POINT ( 'NONE',  ( 26.14265901479750198, 24.09999999999999787, 4.230592419927965864 ) ) ;
#3595 = EDGE_CURVE ( 'NONE', #1365, #2964, #1862, .T. ) ;
#3596 = DIRECTION ( 'NONE',  ( -1.000000000000000000, 0.000000000000000000, 0.000000000000000000 ) ) ;
#3597 = VERTEX_POINT ( 'NONE', #1089 ) ;
#3598 = DIRECTION ( 'NONE',  ( 1.297097214700455342E-32, 1.000000000000000000, 1.196361017915039486E-16 ) ) ;
#3599 = FACE_BOUND ( 'NONE', #3750, .T. ) ;
#3600 = PLANE ( 'NONE',  #2717 ) ;
#3601 = LINE ( 'NONE', #4416, #3236 ) ;
#3602 = ORIENTED_EDGE ( 'NONE', *, *, #457, .F. ) ;
#3603 = CARTESIAN_POINT ( 'NONE',  ( 5.000000000000011546, -14.50000000000000888, -25.50000000000000355 ) ) ;
#3604 = VERTEX_POINT ( 'NONE', #2674 ) ;
#3605 = DIRECTION ( 'NONE',  ( -0.6426122619764709221, 0.7661915431257927400, 1.042455260357026660E-16 ) ) ;
#3606 = CYLINDRICAL_SURFACE ( 'NONE', #1675, 0.6999999999999975131 ) ;
#3607 = CIRCLE ( 'NONE', #464, 2.000000000000000000 ) ;
#3608 = VERTEX_POINT ( 'NONE', #4235 ) ;
#3609 = DIRECTION ( 'NONE',  ( 0.000000000000000000, 1.000000000000000000, 1.360567432138672328E-16 ) ) ;
#3610 = CIRCLE ( 'NONE', #3356, 2.000000000000000000 ) ;
#3611 = DIRECTION ( 'NONE',  ( -1.734723475976807094E-15, 0.000000000000000000, -1.000000000000000000 ) ) ;
#3612 = ORIENTED_EDGE ( 'NONE', *, *, #2900, .T. ) ;
#3613 = CARTESIAN_POINT ( 'NONE',  ( 9.999999999999998224, -25.50000000000000355, -22.50000000000000000 ) ) ;
#3614 = EDGE_LOOP ( 'NONE', ( #393, #4482, #2724, #2099, #1674, #2584, #1420 ) ) ;
#3615 = EDGE_CURVE ( 'NONE', #3326, #1467, #187, .T. ) ;
#3616 = CLOSED_SHELL ( 'NONE', ( #4661, #1274, #4233, #912, #4111, #2836, #3681, #3131, #1150, #3675, #2156, #1616, #1405, #2042, #1201, #3899, #3089, #4462, #1363, #2746, #3725, #1683, #4859, #1597, #4452, #3654, #2023, #4622, #2784, #127, #2393, #441, #2541, #1626, #2301, #1782, #4140, #877, #1520, #4372, #3981, #3147, #3855, #897, #2680, #267, #4164, #2953, #3009, #858, #1665, #4763, #2893, #2647, #2851, #2880, #1839, #3554, #4367, #4676, #2012, #8, #939, #744, #458, #3081, #1814, #632, #2798, #1175, #3272, #2474, #2782, #4925, #299, #566, #2972, #762, #1270, #4387, #1757, #518, #4524, #3353, #4301, #3213, #4894, #1114, #4740, #1186, #1290, #142, #3306, #581, #4415, #1174, #1889, #136, #2816, #1234, #717, #1908, #2915, #5060, #4240, #1718, #684, #4794, #1064, #2091, #3121, #702, #2221, #3400, #612, #1490, #2090, #1659, #5020, #3391, #4283, #1329, #2419, #116, #4132 ) ) ;
#3617 = DIRECTION ( 'NONE',  ( -1.000000000000000000, 0.000000000000000000, 0.000000000000000000 ) ) ;
#3618 = CIRCLE ( 'NONE', #3043, 1.000000000000000888 ) ;
#3619 = DIRECTION ( 'NONE',  ( 0.000000000000000000, 0.000000000000000000, -1.000000000000000000 ) ) ;
#3620 = ORIENTED_EDGE ( 'NONE', *, *, #2181, .T. ) ;
#3621 = CARTESIAN_POINT ( 'NONE',  ( 9.999999999999998224, -25.50000000000000711, 22.50000000000000000 ) ) ;
#3622 = CARTESIAN_POINT ( 'NONE',  ( 24.99999999999998934, -17.00000000000000000, -11.90000000000000213 ) ) ;
#3623 = AXIS2_PLACEMENT_3D ( 'NONE', #636, #4168, #3331 ) ;
#3624 = CARTESIAN_POINT ( 'NONE',  ( 23.00000000000000711, -25.50000000000000355, -22.50000000000000000 ) ) ;
#3625 = AXIS2_PLACEMENT_3D ( 'NONE', #887, #3592, #2504 ) ;
#3626 = CARTESIAN_POINT ( 'NONE',  ( 50.00000000000000000, 24.09999999999999787, -24.09999999999999432 ) ) ;
#3627 = VERTEX_POINT ( 'NONE', #1372 ) ;
#3628 = CARTESIAN_POINT ( 'NONE',  ( 19.12679500266789390, 2.999999999999993783, 29.00000000000000711 ) ) ;
#3629 = ORIENTED_EDGE ( 'NONE', *, *, #2932, .T. ) ;
#3630 = AXIS2_PLACEMENT_3D ( 'NONE', #2381, #4264, #50 ) ;
#3631 = DIRECTION ( 'NONE',  ( -1.000000000000000000, 0.000000000000000000, 0.000000000000000000 ) ) ;
#3632 = DIRECTION ( 'NONE',  ( 0.6426122619764709221, 0.7661915431257927400, 0.000000000000000000 ) ) ;
#3633 = ORIENTED_EDGE ( 'NONE', *, *, #1903, .F. ) ;
#3634 = DIRECTION ( 'NONE',  ( -0.6441357457827796562, 1.040713264636231050E-16, -0.7649111981170508834 ) ) ;
#3635 = CARTESIAN_POINT ( 'NONE',  ( 8.762432110421499942, 25.49999999999999645, 10.40538813112553562 ) ) ;
#3636 = EDGE_CURVE ( 'NONE', #2321, #2243, #1502, .T. ) ;
#3637 = VERTEX_POINT ( 'NONE', #1197 ) ;
#3638 = FACE_OUTER_BOUND ( 'NONE', #5075, .T. ) ;
#3639 = ORIENTED_EDGE ( 'NONE', *, *, #990, .F. ) ;
#3640 = DIRECTION ( 'NONE',  ( 3.259148934289748255E-32, -1.000000000000000000, -1.360567432138672574E-16 ) ) ;
#3641 = DIRECTION ( 'NONE',  ( 0.000000000000000000, 0.000000000000000000, -1.000000000000000000 ) ) ;
#3642 = ORIENTED_EDGE ( 'NONE', *, *, #3720, .F. ) ;
#3643 = AXIS2_PLACEMENT_3D ( 'NONE', #1004, #617, #3003 ) ;
#3644 = LINE ( 'NONE', #102, #2037 ) ;
#3645 = PLANE ( 'NONE',  #317 ) ;
#3646 = DIRECTION ( 'NONE',  ( -6.123233995736766036E-17, 1.000000000000000000, 0.000000000000000000 ) ) ;
#3647 = EDGE_CURVE ( 'NONE', #381, #1989, #2778, .T. ) ;
#3648 = CIRCLE ( 'NONE', #1993, 2.000000000000001776 ) ;
#3649 = CARTESIAN_POINT ( 'NONE',  ( 44.00000000000000000, 25.49999999999999645, -8.432753624454297992 ) ) ;
#3650 = ORIENTED_EDGE ( 'NONE', *, *, #2200, .T. ) ;
#3651 = DIRECTION ( 'NONE',  ( 0.000000000000000000, 0.000000000000000000, -1.000000000000000000 ) ) ;
#3652 = ORIENTED_EDGE ( 'NONE', *, *, #956, .F. ) ;
#3653 = CIRCLE ( 'NONE', #1509, 2.000000000000000000 ) ;
#3654 = ADVANCED_FACE ( 'NONE', ( #2855, #37, #3167, #834, #3243, #2078, #3265, #3655, #811 ), #4344, .T. ) ;
#3655 = FACE_BOUND ( 'NONE', #4639, .T. ) ;
#3656 = CARTESIAN_POINT ( 'NONE',  ( 20.65917808891947516, 1.714775476047051717, 24.10000000000000497 ) ) ;
#3657 = ORIENTED_EDGE ( 'NONE', *, *, #2006, .T. ) ;
#3658 = DIRECTION ( 'NONE',  ( 0.000000000000000000, -1.000000000000000000, -1.245892906839341945E-16 ) ) ;
#3659 = EDGE_LOOP ( 'NONE', ( #2231, #1162, #170, #671 ) ) ;
#3660 = FACE_BOUND ( 'NONE', #5028, .T. ) ;
#3661 = VERTEX_POINT ( 'NONE', #1666 ) ;
#3662 = DIRECTION ( 'NONE',  ( 0.000000000000000000, 0.000000000000000000, 1.000000000000000000 ) ) ;
#3663 = EDGE_LOOP ( 'NONE', ( #925, #1134, #4920, #1380 ) ) ;
#3664 = PLANE ( 'NONE',  #237 ) ;
#3665 = CARTESIAN_POINT ( 'NONE',  ( 18.06880811865748271, 15.15448422855144095, -25.49999999999999645 ) ) ;
#3666 = EDGE_LOOP ( 'NONE', ( #3338, #4729, #479, #2571 ) ) ;
#3667 = CARTESIAN_POINT ( 'NONE',  ( 26.53238308625158126, 8.717442972866097151, -25.49999999999999645 ) ) ;
#3668 = CARTESIAN_POINT ( 'NONE',  ( -4.999999999999997335, -25.50000000000000355, 29.00000000000000355 ) ) ;
#3669 = CARTESIAN_POINT ( 'NONE',  ( 5.999999999999996447, 23.99999999999999289, 3.786093426983649251E-15 ) ) ;
#3670 = EDGE_CURVE ( 'NONE', #444, #997, #1639, .T. ) ;
#3671 = CYLINDRICAL_SURFACE ( 'NONE', #2988, 2.000000000000001776 ) ;
#3672 = ORIENTED_EDGE ( 'NONE', *, *, #2352, .F. ) ;
#3673 = DIRECTION ( 'NONE',  ( 0.000000000000000000, 1.196361017915039486E-16, -1.000000000000000000 ) ) ;
#3674 = VECTOR ( 'NONE', #2858, 1000.000000000000000 ) ;
#3675 = ADVANCED_FACE ( 'NONE', ( #4754 ), #4783, .F. ) ;
#3676 = EDGE_LOOP ( 'NONE', ( #690, #255, #3012, #2935 ) ) ;
#3677 = CARTESIAN_POINT ( 'NONE',  ( 46.00000000000001421, 20.49999999999999289, -25.49999999999999645 ) ) ;
#3678 = DIRECTION ( 'NONE',  ( -2.238352872228138663E-16, 1.000000000000000000, 0.000000000000000000 ) ) ;
#3679 = ORIENTED_EDGE ( 'NONE', *, *, #1936, .F. ) ;
#3680 = FACE_BOUND ( 'NONE', #1854, .T. ) ;
#3681 = ADVANCED_FACE ( 'NONE', ( #4003 ), #469, .F. ) ;
#3682 = ORIENTED_EDGE ( 'NONE', *, *, #3455, .T. ) ;
#3683 = CARTESIAN_POINT ( 'NONE',  ( 23.71172850843443314, 23.99999999999999645, -4.353213452995777999 ) ) ;
#3684 = ORIENTED_EDGE ( 'NONE', *, *, #1399, .F. ) ;
#3685 = LINE ( 'NONE', #250, #3379 ) ;
#3686 = ORIENTED_EDGE ( 'NONE', *, *, #167, .F. ) ;
#3687 = CARTESIAN_POINT ( 'NONE',  ( 18.01824126591921527, 15.21477547604705549, -24.09999999999999432 ) ) ;
#3688 = CARTESIAN_POINT ( 'NONE',  ( 20.00000000000000000, -17.00000000000000000, 11.20000000000000107 ) ) ;
#3689 = ORIENTED_EDGE ( 'NONE', *, *, #3929, .T. ) ;
#3690 = DIRECTION ( 'NONE',  ( 0.000000000000000000, 0.000000000000000000, -1.000000000000000000 ) ) ;
#3691 = FACE_OUTER_BOUND ( 'NONE', #2879, .T. ) ;
#3692 = CARTESIAN_POINT ( 'NONE',  ( -6.999999999999997335, -27.00000000000000711, 29.00000000000000355 ) ) ;
#3693 = AXIS2_PLACEMENT_3D ( 'NONE', #2018, #1265, #463 ) ;
#3694 = ORIENTED_EDGE ( 'NONE', *, *, #2733, .T. ) ;
#3695 = EDGE_CURVE ( 'NONE', #2284, #3381, #422, .T. ) ;
#3696 = EDGE_CURVE ( 'NONE', #1632, #2076, #4031, .T. ) ;
#3697 = CARTESIAN_POINT ( 'NONE',  ( 44.00000000000000000, 23.99999999999999289, -8.432753624454297992 ) ) ;
#3698 = AXIS2_PLACEMENT_3D ( 'NONE', #3503, #3476, #1504 ) ;
#3699 = ORIENTED_EDGE ( 'NONE', *, *, #3842, .T. ) ;
#3700 = AXIS2_PLACEMENT_3D ( 'NONE', #2092, #3203, #3596 ) ;
#3701 = DIRECTION ( 'NONE',  ( -0.6441357457827798783, -1.040713264636231050E-16, 0.7649111981170507724 ) ) ;
#3702 = ORIENTED_EDGE ( 'NONE', *, *, #4260, .F. ) ;
#3703 = VECTOR ( 'NONE', #662, 1000.000000000000000 ) ;
#3704 = EDGE_CURVE ( 'NONE', #1845, #4469, #495, .T. ) ;
#3705 = FACE_OUTER_BOUND ( 'NONE', #117, .T. ) ;
#3706 = EDGE_LOOP ( 'NONE', ( #601, #290, #2439, #2477 ) ) ;
#3707 = LINE ( 'NONE', #4503, #4519 ) ;
#3708 = EDGE_LOOP ( 'NONE', ( #4268, #3802, #1852, #460 ) ) ;
#3709 = CYLINDRICAL_SURFACE ( 'NONE', #892, 1.000000000000000888 ) ;
#3710 = CARTESIAN_POINT ( 'NONE',  ( 13.99999999999999645, 9.112717118565566210, 29.00000000000000711 ) ) ;
#3711 = EDGE_LOOP ( 'NONE', ( #1789, #4417 ) ) ;
#3712 = FACE_OUTER_BOUND ( 'NONE', #379, .T. ) ;
#3713 = FACE_OUTER_BOUND ( 'NONE', #1223, .T. ) ;
#3714 = LINE ( 'NONE', #3692, #3366 ) ;
#3715 = DIRECTION ( 'NONE',  ( -0.7661915431257927400, -0.6426122619764709221, 0.000000000000000000 ) ) ;
#3716 = ORIENTED_EDGE ( 'NONE', *, *, #4869, .T. ) ;
#3717 = AXIS2_PLACEMENT_3D ( 'NONE', #1011, #134, #4448 ) ;
#3718 = FACE_OUTER_BOUND ( 'NONE', #4830, .T. ) ;
#3719 = DIRECTION ( 'NONE',  ( -0.000000000000000000, -0.000000000000000000, 1.000000000000000000 ) ) ;
#3720 = EDGE_CURVE ( 'NONE', #1847, #2332, #446, .T. ) ;
#3721 = CARTESIAN_POINT ( 'NONE',  ( -6.999999999999997335, -27.00000000000000711, 29.00000000000000355 ) ) ;
#3722 = FACE_OUTER_BOUND ( 'NONE', #2029, .T. ) ;
#3723 = ORIENTED_EDGE ( 'NONE', *, *, #4950, .F. ) ;
#3724 = DIRECTION ( 'NONE',  ( -0.6426122619764711441, 0.7661915431257925180, 0.000000000000000000 ) ) ;
#3725 = ADVANCED_FACE ( 'NONE', ( #3585 ), #1612, .F. ) ;
#3726 = EDGE_CURVE ( 'NONE', #4098, #2936, #3187, .T. ) ;
#3727 = ORIENTED_EDGE ( 'NONE', *, *, #1427, .T. ) ;
#3728 = CIRCLE ( 'NONE', #4134, 1.500000000000001332 ) ;
#3729 = FACE_BOUND ( 'NONE', #3614, .T. ) ;
#3730 = EDGE_LOOP ( 'NONE', ( #4455, #4867, #866, #4084 ) ) ;
#3731 = CYLINDRICAL_SURFACE ( 'NONE', #5104, 4.999999999999997335 ) ;
#3732 = ORIENTED_EDGE ( 'NONE', *, *, #1982, .F. ) ;
#3733 = CYLINDRICAL_SURFACE ( 'NONE', #3456, 1.000000000000000888 ) ;
#3734 = DIRECTION ( 'NONE',  ( 0.000000000000000000, 0.000000000000000000, -1.000000000000000000 ) ) ;
#3735 = ORIENTED_EDGE ( 'NONE', *, *, #1540, .F. ) ;
#3736 = DIRECTION ( 'NONE',  ( 5.473822126268816683E-48, 1.000000000000000000, 1.360567432138672328E-16 ) ) ;
#3737 = DIRECTION ( 'NONE',  ( -1.094764425253763337E-47, 1.000000000000000000, 1.360567432138672328E-16 ) ) ;
#3738 = EDGE_CURVE ( 'NONE', #4669, #4187, #4831, .T. ) ;
#3739 = DIRECTION ( 'NONE',  ( -0.000000000000000000, 1.360567432138672328E-16, -1.000000000000000000 ) ) ;
#3740 = EDGE_CURVE ( 'NONE', #1090, #4551, #3935, .T. ) ;
#3741 = LINE ( 'NONE', #4226, #96 ) ;
#3742 = VERTEX_POINT ( 'NONE', #2831 ) ;
#3743 = LINE ( 'NONE', #211, #1327 ) ;
#3744 = LINE ( 'NONE', #2651, #1899 ) ;
#3745 = ORIENTED_EDGE ( 'NONE', *, *, #3916, .T. ) ;
#3746 = DIRECTION ( 'NONE',  ( -0.6426122619764711441, 0.7661915431257925180, 9.545926088607147005E-17 ) ) ;
#3747 = DIRECTION ( 'NONE',  ( 1.297097214700455342E-32, 1.000000000000000000, 1.196361017915039486E-16 ) ) ;
#3748 = ORIENTED_EDGE ( 'NONE', *, *, #3562, .T. ) ;
#3749 = CARTESIAN_POINT ( 'NONE',  ( 56.99999999999999289, -27.00000000000000000, -29.00000000000000355 ) ) ;
#3750 = EDGE_LOOP ( 'NONE', ( #4907, #3545, #4880, #1463, #1730, #2970 ) ) ;
#3751 = FACE_BOUND ( 'NONE', #1373, .T. ) ;
#3752 = EDGE_CURVE ( 'NONE', #4362, #4444, #4397, .T. ) ;
#3753 = VERTEX_POINT ( 'NONE', #857 ) ;
#3754 = DIRECTION ( 'NONE',  ( -0.000000000000000000, -0.000000000000000000, -1.000000000000000000 ) ) ;
#3755 = EDGE_CURVE ( 'NONE', #5072, #3850, #499, .T. ) ;
#3756 = VERTEX_POINT ( 'NONE', #3294 ) ;
#3757 = DIRECTION ( 'NONE',  ( 0.000000000000000000, 0.000000000000000000, -1.000000000000000000 ) ) ;
#3758 = FACE_BOUND ( 'NONE', #1599, .T. ) ;
#3759 = ORIENTED_EDGE ( 'NONE', *, *, #582, .T. ) ;
#3760 = VECTOR ( 'NONE', #5064, 1000.000000000000000 ) ;
#3761 = DIRECTION ( 'NONE',  ( 0.000000000000000000, 0.000000000000000000, -1.000000000000000000 ) ) ;
#3762 = LINE ( 'NONE', #4981, #2136 ) ;
#3763 = DIRECTION ( 'NONE',  ( 0.000000000000000000, -1.000000000000000000, 0.000000000000000000 ) ) ;
#3764 = VERTEX_POINT ( 'NONE', #2981 ) ;
#3765 = EDGE_CURVE ( 'NONE', #3597, #2916, #4787, .T. ) ;
#3766 = DIRECTION ( 'NONE',  ( 0.000000000000000000, 0.000000000000000000, -1.000000000000000000 ) ) ;
#3767 = VERTEX_POINT ( 'NONE', #520 ) ;
#3768 = CARTESIAN_POINT ( 'NONE',  ( 57.00000000000000711, -25.50000000000000355, 28.99999999999999645 ) ) ;
#3769 = CARTESIAN_POINT ( 'NONE',  ( 19.99999999999998224, -27.00000000000000355, -11.20000000000000639 ) ) ;
#3770 = DIRECTION ( 'NONE',  ( -1.297097214700455342E-32, -1.000000000000000000, -1.196361017915039486E-16 ) ) ;
#3771 = CIRCLE ( 'NONE', #641, 2.000000000000000000 ) ;
#3772 = DIRECTION ( 'NONE',  ( -3.578076866794139842E-48, 1.000000000000000000, 1.360567432138672574E-16 ) ) ;
#3773 = CIRCLE ( 'NONE', #2217, 1.500000000000001332 ) ;
#3774 = EDGE_CURVE ( 'NONE', #4616, #1822, #4546, .T. ) ;
#3775 = ORIENTED_EDGE ( 'NONE', *, *, #4844, .F. ) ;
#3776 = DIRECTION ( 'NONE',  ( -0.000000000000000000, 1.000000000000000000, -0.000000000000000000 ) ) ;
#3777 = AXIS2_PLACEMENT_3D ( 'NONE', #359, #380, #4228 ) ;
#3778 = VECTOR ( 'NONE', #3640, 1000.000000000000000 ) ;
#3779 = ORIENTED_EDGE ( 'NONE', *, *, #3333, .T. ) ;
#3780 = CARTESIAN_POINT ( 'NONE',  ( 6.000000000000013323, 20.49999999999999289, -25.49999999999999645 ) ) ;
#3781 = AXIS2_PLACEMENT_3D ( 'NONE', #1044, #223, #2631 ) ;
#3782 = AXIS2_PLACEMENT_3D ( 'NONE', #3031, #3062, #1784 ) ;
#3783 = ORIENTED_EDGE ( 'NONE', *, *, #678, .T. ) ;
#3784 = CARTESIAN_POINT ( 'NONE',  ( 5.000000000000011546, 20.49999999999999289, 25.50000000000000355 ) ) ;
#3785 = VERTEX_POINT ( 'NONE', #3677 ) ;
#3786 = CARTESIAN_POINT ( 'NONE',  ( 23.46761691374840808, -2.717442972866107809, 24.10000000000000497 ) ) ;
#3787 = ADVANCED_FACE ( 'NONE', ( #4497 ), #4078, .T. ) ;
#3788 = VERTEX_POINT ( 'NONE', #952 ) ;
#3789 = CARTESIAN_POINT ( 'NONE',  ( 26.53238308625157771, -2.717442972866108253, -25.50000000000000000 ) ) ;
#3790 = EDGE_LOOP ( 'NONE', ( #3602, #4855, #4010, #765 ) ) ;
#3791 = DIRECTION ( 'NONE',  ( 1.000000000000000000, 0.000000000000000000, 1.826024711554533667E-16 ) ) ;
#3792 = CARTESIAN_POINT ( 'NONE',  ( 15.53238308625158304, -4.397941642518517824, 29.00000000000000711 ) ) ;
#3793 = LINE ( 'NONE', #4145, #3539 ) ;
#3794 = EDGE_LOOP ( 'NONE', ( #2787, #1906 ) ) ;
#3795 = CARTESIAN_POINT ( 'NONE',  ( 41.99999999999999289, 25.49999999999999645, 8.432753624454335295 ) ) ;
#3796 = ORIENTED_EDGE ( 'NONE', *, *, #204, .F. ) ;
#3797 = CARTESIAN_POINT ( 'NONE',  ( 23.00000000000000711, -25.50000000000000355, 22.50000000000000000 ) ) ;
#3798 = DIRECTION ( 'NONE',  ( 0.000000000000000000, -1.360567432138672328E-16, 1.000000000000000000 ) ) ;
#3799 = ORIENTED_EDGE ( 'NONE', *, *, #1009, .F. ) ;
#3800 = VECTOR ( 'NONE', #263, 1000.000000000000000 ) ;
#3801 = CARTESIAN_POINT ( 'NONE',  ( 20.06521753803157537, 1.006591742296090386, -24.09999999999999432 ) ) ;
#3802 = ORIENTED_EDGE ( 'NONE', *, *, #424, .T. ) ;
#3803 = CARTESIAN_POINT ( 'NONE',  ( 11.28366591921667883, -9.463719803213981763, 29.00000000000000711 ) ) ;
#3804 = AXIS2_PLACEMENT_3D ( 'NONE', #3957, #4731, #3631 ) ;
#3805 = EDGE_CURVE ( 'NONE', #2465, #2755, #2494, .T. ) ;
#3806 = VERTEX_POINT ( 'NONE', #4055 ) ;
#3807 = VECTOR ( 'NONE', #2266, 999.9999999999998863 ) ;
#3808 = DIRECTION ( 'NONE',  ( 0.000000000000000000, 0.000000000000000000, -1.000000000000000000 ) ) ;
#3809 = ORIENTED_EDGE ( 'NONE', *, *, #2823, .F. ) ;
#3810 = VERTEX_POINT ( 'NONE', #4884 ) ;
#3811 = DIRECTION ( 'NONE',  ( -0.000000000000000000, -0.000000000000000000, 1.000000000000000000 ) ) ;
#3812 = AXIS2_PLACEMENT_3D ( 'NONE', #4454, #909, #2448 ) ;
#3813 = VECTOR ( 'NONE', #3678, 1000.000000000000000 ) ;
#3814 = ORIENTED_EDGE ( 'NONE', *, *, #4395, .T. ) ;
#3815 = FACE_BOUND ( 'NONE', #1003, .T. ) ;
#3816 = ORIENTED_EDGE ( 'NONE', *, *, #3567, .T. ) ;
#3817 = DIRECTION ( 'NONE',  ( 0.000000000000000000, 0.000000000000000000, -1.000000000000000000 ) ) ;
#3818 = DIRECTION ( 'NONE',  ( -0.000000000000000000, -0.000000000000000000, 1.000000000000000000 ) ) ;
#3819 = CARTESIAN_POINT ( 'NONE',  ( 30.44937564782917150, 18.49999999999998934, -24.09999999999999432 ) ) ;
#3820 = ORIENTED_EDGE ( 'NONE', *, *, #2391, .T. ) ;
#3821 = DIRECTION ( 'NONE',  ( -6.123233995736766036E-17, 1.000000000000000000, 0.000000000000000000 ) ) ;
#3822 = ORIENTED_EDGE ( 'NONE', *, *, #1648, .F. ) ;
#3823 = DIRECTION ( 'NONE',  ( -1.297097214700455342E-32, -1.000000000000000000, -1.196361017915039486E-16 ) ) ;
#3824 = EDGE_CURVE ( 'NONE', #15, #494, #3342, .T. ) ;
#3825 = EDGE_CURVE ( 'NONE', #759, #92, #904, .T. ) ;
#3826 = LINE ( 'NONE', #2593, #652 ) ;
#3827 = DIRECTION ( 'NONE',  ( -0.000000000000000000, -0.000000000000000000, -1.000000000000000000 ) ) ;
#3828 = AXIS2_PLACEMENT_3D ( 'NONE', #5004, #1470, #4536 ) ;
#3829 = CARTESIAN_POINT ( 'NONE',  ( 11.28366591921667883, -9.463719803213981763, -25.50000000000000000 ) ) ;
#3830 = EDGE_CURVE ( 'NONE', #3608, #197, #4629, .T. ) ;
#3831 = VECTOR ( 'NONE', #4857, 1000.000000000000000 ) ;
#3832 = EDGE_LOOP ( 'NONE', ( #2682, #3898, #1856, #485 ) ) ;
#3833 = LINE ( 'NONE', #2625, #3542 ) ;
#3834 = VERTEX_POINT ( 'NONE', #2906 ) ;
#3835 = DIRECTION ( 'NONE',  ( -0.000000000000000000, -0.000000000000000000, 1.000000000000000000 ) ) ;
#3836 = EDGE_CURVE ( 'NONE', #2927, #1645, #1742, .T. ) ;
#3837 = ORIENTED_EDGE ( 'NONE', *, *, #3978, .T. ) ;
#3838 = ORIENTED_EDGE ( 'NONE', *, *, #790, .T. ) ;
#3839 = VECTOR ( 'NONE', #2106, 1000.000000000000000 ) ;
#3840 = DIRECTION ( 'NONE',  ( -1.000000000000000000, -6.123233995736766036E-17, 0.000000000000000000 ) ) ;
#3841 = CARTESIAN_POINT ( 'NONE',  ( 15.36110507096049638, 23.99999999999998934, 14.00000000000001421 ) ) ;
#3842 = EDGE_CURVE ( 'NONE', #2591, #1416, #2573, .T. ) ;
#3843 = ORIENTED_EDGE ( 'NONE', *, *, #4609, .F. ) ;
#3844 = DIRECTION ( 'NONE',  ( -1.000000000000000000, 0.000000000000000000, 0.000000000000000000 ) ) ;
#3845 = EDGE_LOOP ( 'NONE', ( #3216, #603 ) ) ;
#3846 = CARTESIAN_POINT ( 'NONE',  ( 40.71172850843442603, 25.49999999999999645, 9.962576020688430845 ) ) ;
#3847 = DIRECTION ( 'NONE',  ( 2.238352872228138663E-16, -1.000000000000000000, -1.360567432138672328E-16 ) ) ;
#3848 = ORIENTED_EDGE ( 'NONE', *, *, #4490, .T. ) ;
#3849 = CARTESIAN_POINT ( 'NONE',  ( 19.55062435217080363, -12.50000000000000533, -24.09999999999999432 ) ) ;
#3850 = VERTEX_POINT ( 'NONE', #4474 ) ;
#3851 = CYLINDRICAL_SURFACE ( 'NONE', #4819, 2.000000000000000000 ) ;
#3852 = CARTESIAN_POINT ( 'NONE',  ( 24.99999999999999289, -4.002667496819048765, -25.50000000000000000 ) ) ;
#3853 = DIRECTION ( 'NONE',  ( 0.000000000000000000, 0.000000000000000000, 1.000000000000000000 ) ) ;
#3854 = AXIS2_PLACEMENT_3D ( 'NONE', #1262, #2845, #848 ) ;
#3855 = ADVANCED_FACE ( 'NONE', ( #930 ), #542, .F. ) ;
#3856 = EDGE_CURVE ( 'NONE', #3597, #4616, #1739, .T. ) ;
#3857 = CARTESIAN_POINT ( 'NONE',  ( 24.99999999999999645, -17.00000000000000000, 12.59999999999999254 ) ) ;
#3858 = CIRCLE ( 'NONE', #1630, 2.000000000000000000 ) ;
#3859 = ORIENTED_EDGE ( 'NONE', *, *, #607, .T. ) ;
#3860 = CARTESIAN_POINT ( 'NONE',  ( 13.99999999999999645, -3.112717118565576868, 29.00000000000000711 ) ) ;
#3861 = CIRCLE ( 'NONE', #1634, 2.000000000000000000 ) ;
#3862 = VECTOR ( 'NONE', #4800, 1000.000000000000000 ) ;
#3863 = EDGE_LOOP ( 'NONE', ( #48, #3985, #1189, #3612, #2010, #4227, #643, #1282 ) ) ;
#3864 = CARTESIAN_POINT ( 'NONE',  ( 45.00000000000000000, 24.09999999999999787, -19.99999999999998579 ) ) ;
#3865 = VERTEX_POINT ( 'NONE', #2545 ) ;
#3866 = DIRECTION ( 'NONE',  ( 0.000000000000000000, 0.000000000000000000, -1.000000000000000000 ) ) ;
#3867 = AXIS2_PLACEMENT_3D ( 'NONE', #2868, #3641, #893 ) ;
#3868 = ORIENTED_EDGE ( 'NONE', *, *, #1738, .F. ) ;
#3869 = AXIS2_PLACEMENT_3D ( 'NONE', #1026, #4174, #640 ) ;
#3870 = EDGE_CURVE ( 'NONE', #2356, #4251, #2152, .T. ) ;
#3871 = AXIS2_PLACEMENT_3D ( 'NONE', #2789, #4333, #3499 ) ;
#3872 = CYLINDRICAL_SURFACE ( 'NONE', #99, 2.000000000000000000 ) ;
#3873 = EDGE_LOOP ( 'NONE', ( #720, #2503, #3067, #987 ) ) ;
#3874 = CYLINDRICAL_SURFACE ( 'NONE', #3465, 2.000000000000001776 ) ;
#3875 = ORIENTED_EDGE ( 'NONE', *, *, #4705, .T. ) ;
#3876 = DIRECTION ( 'NONE',  ( 0.000000000000000000, 0.000000000000000000, -1.000000000000000000 ) ) ;
#3877 = AXIS2_PLACEMENT_3D ( 'NONE', #4987, #292, #4932 ) ;
#3878 = ORIENTED_EDGE ( 'NONE', *, *, #3567, .F. ) ;
#3879 = LINE ( 'NONE', #798, #3288 ) ;
#3880 = ORIENTED_EDGE ( 'NONE', *, *, #4589, .T. ) ;
#3881 = FACE_OUTER_BOUND ( 'NONE', #3127, .T. ) ;
#3882 = FACE_BOUND ( 'NONE', #2298, .T. ) ;
#3883 = DIRECTION ( 'NONE',  ( -1.094764425253763337E-47, 1.000000000000000000, 1.360567432138672328E-16 ) ) ;
#3884 = CARTESIAN_POINT ( 'NONE',  ( 23.20686554077110131, -3.028338840646731089, 25.50000000000000000 ) ) ;
#3885 = ORIENTED_EDGE ( 'NONE', *, *, #1565, .T. ) ;
#3886 = CYLINDRICAL_SURFACE ( 'NONE', #478, 2.000000000000001776 ) ;
#3887 = EDGE_CURVE ( 'NONE', #661, #2630, #1377, .T. ) ;
#3888 = VERTEX_POINT ( 'NONE', #4127 ) ;
#3889 = CARTESIAN_POINT ( 'NONE',  ( 7.999999999999998224, 23.99999999999999289, -8.432753624454301544 ) ) ;
#3890 = VECTOR ( 'NONE', #1248, 1000.000000000000000 ) ;
#3891 = ORIENTED_EDGE ( 'NONE', *, *, #809, .F. ) ;
#3892 = CARTESIAN_POINT ( 'NONE',  ( 46.00000000000001421, -14.50000000000000888, 29.00000000000000355 ) ) ;
#3893 = EDGE_CURVE ( 'NONE', #2913, #4255, #2177, .T. ) ;
#3894 = CIRCLE ( 'NONE', #4634, 0.9999999999999974465 ) ;
#3895 = DIRECTION ( 'NONE',  ( 0.000000000000000000, 0.000000000000000000, 1.000000000000000000 ) ) ;
#3896 = ORIENTED_EDGE ( 'NONE', *, *, #98, .F. ) ;
#3897 = CARTESIAN_POINT ( 'NONE',  ( 26.53238308625158126, 8.717442972866102480, -24.09999999999998366 ) ) ;
#3898 = ORIENTED_EDGE ( 'NONE', *, *, #3636, .T. ) ;
#3899 = ADVANCED_FACE ( 'NONE', ( #2596 ), #622, .F. ) ;
#3900 = AXIS2_PLACEMENT_3D ( 'NONE', #2211, #4083, #548 ) ;
#3901 = CARTESIAN_POINT ( 'NONE',  ( -3.307597897486161573E-31, -25.50000000000000355, -3.050720595683350652E-15 ) ) ;
#3902 = VECTOR ( 'NONE', #764, 1000.000000000000000 ) ;
#3903 = VERTEX_POINT ( 'NONE', #1925 ) ;
#3904 = DIRECTION ( 'NONE',  ( -1.297097214700455342E-32, -1.000000000000000000, -1.196361017915039486E-16 ) ) ;
#3905 = ORIENTED_EDGE ( 'NONE', *, *, #474, .F. ) ;
#3906 = EDGE_CURVE ( 'NONE', #22, #2027, #2337, .T. ) ;
#3907 = DIRECTION ( 'NONE',  ( 0.000000000000000000, -1.360567432138672328E-16, 1.000000000000000000 ) ) ;
#3908 = CARTESIAN_POINT ( 'NONE',  ( 15.36110507096049282, 25.50000000000000000, -13.99999999999998934 ) ) ;
#3909 = CARTESIAN_POINT ( 'NONE',  ( 56.99999999999999289, -27.00000000000000000, -26.99999999999998934 ) ) ;
#3910 = DIRECTION ( 'NONE',  ( -6.123233995736766036E-17, 1.000000000000000000, 0.000000000000000000 ) ) ;
#3911 = ORIENTED_EDGE ( 'NONE', *, *, #4388, .T. ) ;
#3912 = DIRECTION ( 'NONE',  ( -1.000000000000000000, 0.000000000000000000, 0.000000000000000000 ) ) ;
#3913 = CARTESIAN_POINT ( 'NONE',  ( 18.06880811865748271, 15.15448422855144095, 29.00000000000001066 ) ) ;
#3914 = ORIENTED_EDGE ( 'NONE', *, *, #2005, .T. ) ;
#3915 = DIRECTION ( 'NONE',  ( 0.6426122619764709221, -0.7661915431257927400, 0.000000000000000000 ) ) ;
#3916 = EDGE_CURVE ( 'NONE', #524, #1023, #3090, .T. ) ;
#3917 = DIRECTION ( 'NONE',  ( -6.123233995736766036E-17, 1.000000000000000000, 0.000000000000000000 ) ) ;
#3918 = EDGE_CURVE ( 'NONE', #4362, #3195, #4656, .T. ) ;
#3919 = AXIS2_PLACEMENT_3D ( 'NONE', #449, #1691, #1980 ) ;
#3920 = VERTEX_POINT ( 'NONE', #4681 ) ;
#3921 = DIRECTION ( 'NONE',  ( 1.000000000000000000, 0.000000000000000000, 0.000000000000000000 ) ) ;
#3922 = ORIENTED_EDGE ( 'NONE', *, *, #327, .T. ) ;
#3923 = FACE_OUTER_BOUND ( 'NONE', #1995, .T. ) ;
#3924 = LINE ( 'NONE', #3575, #1301 ) ;
#3925 = EDGE_LOOP ( 'NONE', ( #4457, #3745, #563, #635 ) ) ;
#3926 = DIRECTION ( 'NONE',  ( -1.877686531355526390E-32, 1.000000000000000000, 1.360567432138672574E-16 ) ) ;
#3927 = DIRECTION ( 'NONE',  ( 0.6426122619764709221, -0.7661915431257927400, 0.000000000000000000 ) ) ;
#3928 = DIRECTION ( 'NONE',  ( 0.000000000000000000, 0.000000000000000000, 1.000000000000000000 ) ) ;
#3929 = EDGE_CURVE ( 'NONE', #2630, #3785, #3154, .T. ) ;
#3930 = DIRECTION ( 'NONE',  ( -0.000000000000000000, -0.000000000000000000, -1.000000000000000000 ) ) ;
#3931 = ORIENTED_EDGE ( 'NONE', *, *, #1868, .F. ) ;
#3932 = CARTESIAN_POINT ( 'NONE',  ( 19.12679500266789390, 2.999999999999993783, 29.00000000000000711 ) ) ;
#3933 = EDGE_CURVE ( 'NONE', #4200, #444, #672, .T. ) ;
#3934 = EDGE_CURVE ( 'NONE', #1271, #4757, #3648, .T. ) ;
#3935 = LINE ( 'NONE', #2025, #346 ) ;
#3936 = CYLINDRICAL_SURFACE ( 'NONE', #434, 2.000000000000000000 ) ;
#3937 = ORIENTED_EDGE ( 'NONE', *, *, #4761, .T. ) ;
#3938 = FACE_OUTER_BOUND ( 'NONE', #1061, .T. ) ;
#3939 = VECTOR ( 'NONE', #4982, 1000.000000000000000 ) ;
#3940 = CARTESIAN_POINT ( 'NONE',  ( 24.99999999999999645, -17.00000000000000000, 11.89999999999999503 ) ) ;
#3941 = AXIS2_PLACEMENT_3D ( 'NONE', #4550, #3374, #4940 ) ;
#3942 = ORIENTED_EDGE ( 'NONE', *, *, #4269, .T. ) ;
#3943 = LINE ( 'NONE', #2742, #402 ) ;
#3944 = ORIENTED_EDGE ( 'NONE', *, *, #2454, .T. ) ;
#3945 = DIRECTION ( 'NONE',  ( 0.000000000000000000, 0.000000000000000000, -1.000000000000000000 ) ) ;
#3946 = EDGE_CURVE ( 'NONE', #509, #2808, #1122, .T. ) ;
#3947 = DIRECTION ( 'NONE',  ( -1.000000000000000000, -0.000000000000000000, -0.000000000000000000 ) ) ;
#3948 = AXIS2_PLACEMENT_3D ( 'NONE', #1696, #4354, #3965 ) ;
#3949 = ORIENTED_EDGE ( 'NONE', *, *, #4359, .T. ) ;
#3950 = VECTOR ( 'NONE', #592, 1000.000000000000000 ) ;
#3951 = FACE_OUTER_BOUND ( 'NONE', #3576, .T. ) ;
#3952 = DIRECTION ( 'NONE',  ( -1.355252715606880543E-16, -1.245892906839342191E-16, 1.000000000000000000 ) ) ;
#3953 = CARTESIAN_POINT ( 'NONE',  ( 31.98175873408076697, -9.214775476047064373, 29.00000000000000711 ) ) ;
#3954 = CARTESIAN_POINT ( 'NONE',  ( 24.99999999999998934, -17.00000000000000000, -11.20000000000000462 ) ) ;
#3955 = EDGE_LOOP ( 'NONE', ( #4992, #3403, #3178, #3346 ) ) ;
#3956 = CARTESIAN_POINT ( 'NONE',  ( 34.63889492903948764, 24.09999999999999787, 16.00000000000001776 ) ) ;
#3957 = CARTESIAN_POINT ( 'NONE',  ( 45.00000000000001421, -14.50000000000000888, 29.00000000000000355 ) ) ;
#3958 = DIRECTION ( 'NONE',  ( 0.7661915431257925180, -0.6426122619764711441, 0.000000000000000000 ) ) ;
#3959 = ORIENTED_EDGE ( 'NONE', *, *, #3473, .T. ) ;
#3960 = LINE ( 'NONE', #114, #1693 ) ;
#3961 = EDGE_CURVE ( 'NONE', #278, #1537, #3034, .T. ) ;
#3962 = AXIS2_PLACEMENT_3D ( 'NONE', #4962, #1434, #4936 ) ;
#3963 = FACE_OUTER_BOUND ( 'NONE', #4644, .T. ) ;
#3964 = ORIENTED_EDGE ( 'NONE', *, *, #3502, .T. ) ;
#3965 = DIRECTION ( 'NONE',  ( 0.000000000000000000, 0.000000000000000000, 1.000000000000000000 ) ) ;
#3966 = ORIENTED_EDGE ( 'NONE', *, *, #1844, .F. ) ;
#3967 = LINE ( 'NONE', #3572, #4771 ) ;
#3968 = STYLED_ITEM ( 'NONE', ( #562 ), #4212 ) ;
#3969 = VECTOR ( 'NONE', #3271, 1000.000000000000114 ) ;
#3970 = CYLINDRICAL_SURFACE ( 'NONE', #3867, 1.999999999999998224 ) ;
#3971 = ORIENTED_EDGE ( 'NONE', *, *, #4869, .F. ) ;
#3972 = DIRECTION ( 'NONE',  ( 0.000000000000000000, 0.000000000000000000, 1.000000000000000000 ) ) ;
#3973 = DIRECTION ( 'NONE',  ( 0.000000000000000000, 0.000000000000000000, -1.000000000000000000 ) ) ;
#3974 = FACE_OUTER_BOUND ( 'NONE', #4286, .T. ) ;
#3975 = VECTOR ( 'NONE', #4220, 1000.000000000000000 ) ;
#3976 = DIRECTION ( 'NONE',  ( 0.000000000000000000, 0.000000000000000000, 1.000000000000000000 ) ) ;
#3977 = ORIENTED_EDGE ( 'NONE', *, *, #4828, .T. ) ;
#3978 = EDGE_CURVE ( 'NONE', #985, #5070, #425, .T. ) ;
#3979 = EDGE_LOOP ( 'NONE', ( #4427, #3532, #3896, #5099 ) ) ;
#3980 = DIRECTION ( 'NONE',  ( -6.123233995736766036E-17, 1.000000000000000000, 0.000000000000000000 ) ) ;
#3981 = ADVANCED_FACE ( 'NONE', ( #3481 ), #369, .F. ) ;
#3982 = CARTESIAN_POINT ( 'NONE',  ( 23.89617525366054096, -2.206469567586254676, 24.10000000000000497 ) ) ;
#3983 = ORIENTED_EDGE ( 'NONE', *, *, #4342, .T. ) ;
#3984 = CARTESIAN_POINT ( 'NONE',  ( 50.00000000000000000, 18.49999999999999289, 25.50000000000000355 ) ) ;
#3985 = ORIENTED_EDGE ( 'NONE', *, *, #4081, .T. ) ;
#3986 = ADVANCED_FACE ( 'NONE', ( #758 ), #4267, .F. ) ;
#3987 = CARTESIAN_POINT ( 'NONE',  ( 14.07283357939493662, 23.99999999999998934, 12.47017760376591156 ) ) ;
#3988 = VERTEX_POINT ( 'NONE', #4297 ) ;
#3989 = CARTESIAN_POINT ( 'NONE',  ( 15.36110507096049460, 24.09999999999999787, 16.00000000000001066 ) ) ;
#3990 = ORIENTED_EDGE ( 'NONE', *, *, #3647, .F. ) ;
#3991 = FACE_OUTER_BOUND ( 'NONE', #3140, .T. ) ;
#3992 = VECTOR ( 'NONE', #3190, 1000.000000000000000 ) ;
#3993 = DIRECTION ( 'NONE',  ( 0.000000000000000000, 1.000000000000000000, 0.000000000000000000 ) ) ;
#3994 = ORIENTED_EDGE ( 'NONE', *, *, #4403, .F. ) ;
#3995 = LINE ( 'NONE', #126, #5084 ) ;
#3996 = DIRECTION ( 'NONE',  ( 0.000000000000000000, -1.360567432138672328E-16, 1.000000000000000000 ) ) ;
#3997 = LINE ( 'NONE', #1608, #3862 ) ;
#3998 = LINE ( 'NONE', #4026, #2339 ) ;
#3999 = EDGE_LOOP ( 'NONE', ( #4336, #821, #4142, #3174 ) ) ;
#4000 = CARTESIAN_POINT ( 'NONE',  ( 0.000000000000000000, 24.09999999999999787, 24.10000000000000497 ) ) ;
#4001 = VERTEX_POINT ( 'NONE', #706 ) ;
#4002 = EDGE_CURVE ( 'NONE', #5072, #509, #653, .T. ) ;
#4003 = FACE_OUTER_BOUND ( 'NONE', #2101, .T. ) ;
#4004 = CARTESIAN_POINT ( 'NONE',  ( 19.99999999999998224, -17.00000000000000000, -11.90000000000000213 ) ) ;
#4005 = AXIS2_PLACEMENT_3D ( 'NONE', #3, #4675, #1582 ) ;
#4006 = VERTEX_POINT ( 'NONE', #2346 ) ;
#4007 = FACE_OUTER_BOUND ( 'NONE', #4690, .T. ) ;
#4008 = VECTOR ( 'NONE', #3719, 1000.000000000000000 ) ;
#4009 = DIRECTION ( 'NONE',  ( -0.6426122619764711441, 0.7661915431257925180, 0.000000000000000000 ) ) ;
#4010 = ORIENTED_EDGE ( 'NONE', *, *, #2275, .F. ) ;
#4011 = CARTESIAN_POINT ( 'NONE',  ( 40.00000000000000711, -24.09999999999999787, 17.00000000000000355 ) ) ;
#4012 = ORIENTED_EDGE ( 'NONE', *, *, #778, .F. ) ;
#4013 = VECTOR ( 'NONE', #3336, 1000.000000000000000 ) ;
#4014 = DIRECTION ( 'NONE',  ( -2.238352872228138663E-16, 1.000000000000000000, 0.000000000000000000 ) ) ;
#4015 = EDGE_CURVE ( 'NONE', #5108, #4667, #5016, .T. ) ;
#4016 = AXIS2_PLACEMENT_3D ( 'NONE', #462, #3335, #2041 ) ;
#4017 = AXIS2_PLACEMENT_3D ( 'NONE', #4217, #3776, #2572 ) ;
#4018 = DIRECTION ( 'NONE',  ( -1.000000000000000000, -0.000000000000000000, -0.000000000000000000 ) ) ;
#4019 = ORIENTED_EDGE ( 'NONE', *, *, #853, .T. ) ;
#4020 = PLANE ( 'NONE',  #3533 ) ;
#4021 = DIRECTION ( 'NONE',  ( 0.000000000000000000, 0.000000000000000000, -1.000000000000000000 ) ) ;
#4022 = VECTOR ( 'NONE', #3385, 1000.000000000000000 ) ;
#4023 = EDGE_CURVE ( 'NONE', #2895, #3092, #5069, .T. ) ;
#4024 = AXIS2_PLACEMENT_3D ( 'NONE', #147, #4842, #482 ) ;
#4025 = DIRECTION ( 'NONE',  ( -1.000000000000000000, -0.000000000000000000, -0.000000000000000000 ) ) ;
#4026 = CARTESIAN_POINT ( 'NONE',  ( 50.00000000000000000, 18.49999999999998934, -24.09999999999999432 ) ) ;
#4027 = EDGE_LOOP ( 'NONE', ( #2763, #94, #4216, #3914, #306, #2673, #296, #3716 ) ) ;
#4028 = AXIS2_PLACEMENT_3D ( 'NONE', #4648, #5081, #1963 ) ;
#4029 = CARTESIAN_POINT ( 'NONE',  ( 35.92716642060506871, 24.09999999999999787, -12.47017760376589557 ) ) ;
#4030 = ORIENTED_EDGE ( 'NONE', *, *, #1303, .T. ) ;
#4031 = LINE ( 'NONE', #86, #3565 ) ;
#4032 = FACE_OUTER_BOUND ( 'NONE', #3134, .T. ) ;
#4033 = VERTEX_POINT ( 'NONE', #1843 ) ;
#4034 = CARTESIAN_POINT ( 'NONE',  ( 23.00000000000001066, -25.50000000000000355, -22.50000000000000000 ) ) ;
#4035 = EDGE_CURVE ( 'NONE', #3092, #1528, #3531, .T. ) ;
#4036 = DIRECTION ( 'NONE',  ( 1.094764425253763337E-47, -1.000000000000000000, -1.360567432138672328E-16 ) ) ;
#4037 = EDGE_CURVE ( 'NONE', #876, #1316, #2496, .T. ) ;
#4038 = ORIENTED_EDGE ( 'NONE', *, *, #3322, .T. ) ;
#4039 = CARTESIAN_POINT ( 'NONE',  ( 0.000000000000000000, 24.09999999999999787, -24.09999999999999432 ) ) ;
#4040 = ORIENTED_EDGE ( 'NONE', *, *, #4917, .F. ) ;
#4041 = DIRECTION ( 'NONE',  ( 0.6426122619764711441, 0.7661915431257925180, 0.000000000000000000 ) ) ;
#4042 = EDGE_CURVE ( 'NONE', #3151, #2332, #4242, .T. ) ;
#4043 = LINE ( 'NONE', #2509, #1637 ) ;
#4044 = ORIENTED_EDGE ( 'NONE', *, *, #4559, .T. ) ;
#4045 = CIRCLE ( 'NONE', #2245, 0.9999999999999974465 ) ;
#4046 = CYLINDRICAL_SURFACE ( 'NONE', #954, 1.000000000000001776 ) ;
#4047 = CYLINDRICAL_SURFACE ( 'NONE', #3123, 2.000000000000000000 ) ;
#4048 = CARTESIAN_POINT ( 'NONE',  ( 5.000000000000011546, -14.50000000000000888, -25.50000000000000355 ) ) ;
#4049 = AXIS2_PLACEMENT_3D ( 'NONE', #4184, #2320, #1096 ) ;
#4050 = FACE_OUTER_BOUND ( 'NONE', #1518, .T. ) ;
#4051 = ORIENTED_EDGE ( 'NONE', *, *, #614, .F. ) ;
#4052 = EDGE_CURVE ( 'NONE', #1943, #2492, #733, .T. ) ;
#4053 = DIRECTION ( 'NONE',  ( -1.232595164407830672E-32, -1.245892906839341945E-16, 1.000000000000000000 ) ) ;
#4054 = ORIENTED_EDGE ( 'NONE', *, *, #1621, .F. ) ;
#4055 = CARTESIAN_POINT ( 'NONE',  ( 24.99999999999999645, -25.50000000000000355, 11.19999999999999574 ) ) ;
#4056 = AXIS2_PLACEMENT_3D ( 'NONE', #4449, #3958, #3188 ) ;
#4057 = CARTESIAN_POINT ( 'NONE',  ( 45.00000000000001421, -14.50000000000000888, -25.50000000000000355 ) ) ;
#4058 = VERTEX_POINT ( 'NONE', #3211 ) ;
#4059 = CARTESIAN_POINT ( 'NONE',  ( 50.00000000000000000, 24.09999999999999787, -24.09999999999999432 ) ) ;
#4060 = ORIENTED_EDGE ( 'NONE', *, *, #3488, .F. ) ;
#4061 = DIRECTION ( 'NONE',  ( -1.000000000000000000, 1.734723475976805517E-15, 0.000000000000000000 ) ) ;
#4062 = ORIENTED_EDGE ( 'NONE', *, *, #3340, .F. ) ;
#4063 = DIRECTION ( 'NONE',  ( -1.000000000000000000, 3.469446951953611033E-15, 0.000000000000000000 ) ) ;
#4064 = ORIENTED_EDGE ( 'NONE', *, *, #4052, .T. ) ;
#4065 = DIRECTION ( 'NONE',  ( 0.000000000000000000, 0.000000000000000000, -1.000000000000000000 ) ) ;
#4066 = EDGE_CURVE ( 'NONE', #2854, #2356, #269, .T. ) ;
#4067 = EDGE_CURVE ( 'NONE', #412, #522, #3998, .T. ) ;
#4068 = CARTESIAN_POINT ( 'NONE',  ( 34.46761691374840808, 10.39794164251851782, 25.50000000000000355 ) ) ;
#4069 = VERTEX_POINT ( 'NONE', #3649 ) ;
#4070 = CARTESIAN_POINT ( 'NONE',  ( 19.55062435217081074, 16.49999999999999289, 29.00000000000001066 ) ) ;
#4071 = CARTESIAN_POINT ( 'NONE',  ( -6.999999999999997335, -25.50000000000000355, 27.00000000000000355 ) ) ;
#4072 = DIRECTION ( 'NONE',  ( 0.000000000000000000, 1.000000000000000000, 0.000000000000000000 ) ) ;
#4073 = SURFACE_STYLE_USAGE ( .BOTH. , #1370 ) ;
#4074 = VERTEX_POINT ( 'NONE', #6 ) ;
#4075 = DIRECTION ( 'NONE',  ( 0.000000000000000000, 0.000000000000000000, -1.000000000000000000 ) ) ;
#4076 = VECTOR ( 'NONE', #2713, 1000.000000000000000 ) ;
#4077 = ORIENTED_EDGE ( 'NONE', *, *, #3360, .T. ) ;
#4078 = PLANE ( 'NONE',  #5042 ) ;
#4079 = DIRECTION ( 'NONE',  ( -6.123233995736766036E-17, 1.000000000000000000, 0.000000000000000000 ) ) ;
#4080 = ORIENTED_EDGE ( 'NONE', *, *, #2595, .T. ) ;
#4081 = EDGE_CURVE ( 'NONE', #1663, #1605, #1590, .T. ) ;
#4082 = ORIENTED_EDGE ( 'NONE', *, *, #1799, .T. ) ;
#4083 = DIRECTION ( 'NONE',  ( 0.000000000000000000, -1.360567432138672328E-16, 1.000000000000000000 ) ) ;
#4084 = ORIENTED_EDGE ( 'NONE', *, *, #3235, .F. ) ;
#4085 = PLANE ( 'NONE',  #3781 ) ;
#4086 = VERTEX_POINT ( 'NONE', #1609 ) ;
#4087 = LINE ( 'NONE', #71, #3778 ) ;
#4088 = AXIS2_PLACEMENT_3D ( 'NONE', #2611, #4949, #3817 ) ;
#4089 = CARTESIAN_POINT ( 'NONE',  ( 4.000000000000009770, -14.50000000000000888, 29.00000000000000355 ) ) ;
#4090 = EDGE_LOOP ( 'NONE', ( #1304, #1549, #1754, #742 ) ) ;
#4091 = DIRECTION ( 'NONE',  ( -1.000000000000000000, 0.000000000000000000, 0.000000000000000000 ) ) ;
#4092 = EDGE_CURVE ( 'NONE', #348, #5051, #4467, .T. ) ;
#4093 = DIRECTION ( 'NONE',  ( -0.000000000000000000, 1.000000000000000000, 1.360567432138672328E-16 ) ) ;
#4094 = FACE_OUTER_BOUND ( 'NONE', #2173, .T. ) ;
#4095 = AXIS2_PLACEMENT_3D ( 'NONE', #1825, #579, #1773 ) ;
#4096 = CIRCLE ( 'NONE', #1635, 1.000000000000000888 ) ;
#4097 = CARTESIAN_POINT ( 'NONE',  ( 19.55062435217081074, 16.49999999999999289, 25.50000000000000355 ) ) ;
#4098 = VERTEX_POINT ( 'NONE', #2848 ) ;
#4099 = LINE ( 'NONE', #927, #1864 ) ;
#4100 = VECTOR ( 'NONE', #439, 1000.000000000000114 ) ;
#4101 = CARTESIAN_POINT ( 'NONE',  ( 45.00000000000001421, -14.50000000000000888, 24.10000000000000497 ) ) ;
#4102 = CIRCLE ( 'NONE', #1893, 2.000000000000001776 ) ;
#4103 = PRODUCT_DEFINITION_SHAPE ( 'NONE', 'NONE',  #2761 ) ;
#4104 = AXIS2_PLACEMENT_3D ( 'NONE', #3080, #4720, #4257 ) ;
#4105 = DIRECTION ( 'NONE',  ( -1.000000000000000000, -1.627729838055473520E-32, 1.196361017915039239E-16 ) ) ;
#4106 = EDGE_CURVE ( 'NONE', #2022, #504, #1215, .T. ) ;
#4107 = ORIENTED_EDGE ( 'NONE', *, *, #3114, .T. ) ;
#4108 = AXIS2_PLACEMENT_3D ( 'NONE', #1853, #3019, #3436 ) ;
#4109 = ORIENTED_EDGE ( 'NONE', *, *, #2336, .F. ) ;
#4110 = DIRECTION ( 'NONE',  ( 0.000000000000000000, 0.000000000000000000, -1.000000000000000000 ) ) ;
#4111 = ADVANCED_FACE ( 'NONE', ( #2800 ), #3582, .F. ) ;
#4112 = ORIENTED_EDGE ( 'NONE', *, *, #3368, .F. ) ;
#4113 = FILL_AREA_STYLE_COLOUR ( '', #72 ) ;
#4114 = ORIENTED_EDGE ( 'NONE', *, *, #2036, .F. ) ;
#4115 = FACE_OUTER_BOUND ( 'NONE', #3485, .T. ) ;
#4116 = CARTESIAN_POINT ( 'NONE',  ( 14.23785040302852245, 11.94142291866908145, -25.50000000000000000 ) ) ;
#4117 = ORIENTED_EDGE ( 'NONE', *, *, #2805, .T. ) ;
#4118 = CARTESIAN_POINT ( 'NONE',  ( 40.00000000000000711, -25.50000000000000355, 17.00000000000000000 ) ) ;
#4119 = CARTESIAN_POINT ( 'NONE',  ( 31.98175873408075987, 15.21477547604705549, 25.50000000000000355 ) ) ;
#4120 = DIRECTION ( 'NONE',  ( -1.000000000000000000, -0.000000000000000000, -0.000000000000000000 ) ) ;
#4121 = ORIENTED_EDGE ( 'NONE', *, *, #4453, .T. ) ;
#4122 = AXIS2_PLACEMENT_3D ( 'NONE', #2125, #3701, #164 ) ;
#4123 = CARTESIAN_POINT ( 'NONE',  ( 5.000000000000000000, 24.09999999999999787, -19.99999999999999645 ) ) ;
#4124 = LINE ( 'NONE', #1431, #1726 ) ;
#4125 = CARTESIAN_POINT ( 'NONE',  ( 20.00000000000000000, -25.50000000000000355, 12.59999999999999432 ) ) ;
#4126 = EDGE_CURVE ( 'NONE', #4674, #85, #836, .T. ) ;
#4127 = CARTESIAN_POINT ( 'NONE',  ( 19.99999999999998224, -27.00000000000000355, -12.60000000000000142 ) ) ;
#4128 = FACE_OUTER_BOUND ( 'NONE', #360, .T. ) ;
#4129 = AXIS2_PLACEMENT_3D ( 'NONE', #276, #1793, #1848 ) ;
#4130 = ORIENTED_EDGE ( 'NONE', *, *, #4609, .T. ) ;
#4131 = DIRECTION ( 'NONE',  ( -0.000000000000000000, 1.000000000000000000, -0.000000000000000000 ) ) ;
#4132 = ADVANCED_FACE ( 'NONE', ( #1266 ), #1242, .T. ) ;
#4133 = EDGE_LOOP ( 'NONE', ( #216, #1058 ) ) ;
#4134 = AXIS2_PLACEMENT_3D ( 'NONE', #3864, #1978, #329 ) ;
#4135 = FACE_BOUND ( 'NONE', #3002, .T. ) ;
#4136 = ORIENTED_EDGE ( 'NONE', *, *, #3805, .T. ) ;
#4137 = CARTESIAN_POINT ( 'NONE',  ( 45.00000000000000000, 25.49999999999999289, 21.50000000000000711 ) ) ;
#4138 = ORIENTED_EDGE ( 'NONE', *, *, #2407, .T. ) ;
#4139 = DIRECTION ( 'NONE',  ( -1.000000000000000000, 0.000000000000000000, 0.000000000000000000 ) ) ;
#4140 = ADVANCED_FACE ( 'NONE', ( #392 ), #1193, .F. ) ;
#4141 = LINE ( 'NONE', #1050, #3291 ) ;
#4142 = ORIENTED_EDGE ( 'NONE', *, *, #1728, .T. ) ;
#4143 = LINE ( 'NONE', #638, #4506 ) ;
#4144 = DIRECTION ( 'NONE',  ( 0.7649111981170507724, 0.000000000000000000, 0.6441357457827798783 ) ) ;
#4145 = CARTESIAN_POINT ( 'NONE',  ( 45.00000000000000000, 23.99999999999999645, -21.49999999999998934 ) ) ;
#4146 = EDGE_CURVE ( 'NONE', #1148, #3850, #3601, .T. ) ;
#4147 = ORIENTED_EDGE ( 'NONE', *, *, #4517, .T. ) ;
#4148 = CYLINDRICAL_SURFACE ( 'NONE', #3643, 2.000000000000000000 ) ;
#4149 = ORIENTED_EDGE ( 'NONE', *, *, #854, .F. ) ;
#4150 = DIRECTION ( 'NONE',  ( -1.000000000000000000, 0.000000000000000000, 0.000000000000000000 ) ) ;
#4151 = CARTESIAN_POINT ( 'NONE',  ( 50.58230842409425065, -23.61161228946933477, -24.09999999999999432 ) ) ;
#4152 = ORIENTED_EDGE ( 'NONE', *, *, #3267, .F. ) ;
#4153 = DIRECTION ( 'NONE',  ( -0.000000000000000000, -0.000000000000000000, 1.000000000000000000 ) ) ;
#4154 = AXIS2_PLACEMENT_3D ( 'NONE', #2939, #2247, #4250 ) ;
#4155 = CARTESIAN_POINT ( 'NONE',  ( 23.46761691374841163, -2.717442972866104256, -25.50000000000000000 ) ) ;
#4156 = VERTEX_POINT ( 'NONE', #851 ) ;
#4157 = DIRECTION ( 'NONE',  ( 5.473822126268816683E-48, -1.000000000000000000, -1.360567432138672328E-16 ) ) ;
#4158 = EDGE_CURVE ( 'NONE', #76, #3051, #1587, .T. ) ;
#4159 = ORIENTED_EDGE ( 'NONE', *, *, #1727, .F. ) ;
#4160 = DIRECTION ( 'NONE',  ( -1.297097214700455342E-32, -1.000000000000000000, -1.196361017915039486E-16 ) ) ;
#4161 = ORIENTED_EDGE ( 'NONE', *, *, #2520, .T. ) ;
#4162 = CARTESIAN_POINT ( 'NONE',  ( 15.36110507096049282, 24.09999999999999787, -15.99999999999998934 ) ) ;
#4163 = ORIENTED_EDGE ( 'NONE', *, *, #4327, .F. ) ;
#4164 = ADVANCED_FACE ( 'NONE', ( #2364 ), #3161, .F. ) ;
#4165 = CYLINDRICAL_SURFACE ( 'NONE', #2228, 1.999999999999998224 ) ;
#4166 = VECTOR ( 'NONE', #1990, 1000.000000000000000 ) ;
#4167 = ORIENTED_EDGE ( 'NONE', *, *, #1139, .T. ) ;
#4168 = DIRECTION ( 'NONE',  ( 0.7661915431257925180, -0.6426122619764711441, 0.000000000000000000 ) ) ;
#4169 = VERTEX_POINT ( 'NONE', #442 ) ;
#4170 = EDGE_CURVE ( 'NONE', #2869, #2654, #3237, .T. ) ;
#4171 = AXIS2_PLACEMENT_3D ( 'NONE', #1804, #667, #1755 ) ;
#4172 = LINE ( 'NONE', #1394, #4910 ) ;
#4173 = CARTESIAN_POINT ( 'NONE',  ( 24.99999999999999645, -25.50000000000000355, 11.89999999999999325 ) ) ;
#4174 = DIRECTION ( 'NONE',  ( 0.7661915431257927400, -0.6426122619764709221, 0.000000000000000000 ) ) ;
#4175 = VERTEX_POINT ( 'NONE', #81 ) ;
#4176 = CARTESIAN_POINT ( 'NONE',  ( 26.28827149156555265, 23.99999999999999645, -4.353213452995772670 ) ) ;
#4177 = ORIENTED_EDGE ( 'NONE', *, *, #2292, .T. ) ;
#4178 = EDGE_CURVE ( 'NONE', #2176, #4791, #3894, .T. ) ;
#4179 = CARTESIAN_POINT ( 'NONE',  ( 18.01389492903950185, 23.99999999999999289, 1.734723475976807094E-14 ) ) ;
#4180 = CARTESIAN_POINT ( 'NONE',  ( 35.92716642060505450, 24.09999999999999787, 12.47017760376590623 ) ) ;
#4181 = AXIS2_PLACEMENT_3D ( 'NONE', #4777, #4414, #2043 ) ;
#4182 = DIRECTION ( 'NONE',  ( -1.000000000000000000, 0.000000000000000000, 0.000000000000000000 ) ) ;
#4183 = CIRCLE ( 'NONE', #1387, 1.000000000000001776 ) ;
#4184 = CARTESIAN_POINT ( 'NONE',  ( 30.00000000000000355, -17.00000000000000000, 11.90000000000000036 ) ) ;
#4185 = AXIS2_PLACEMENT_3D ( 'NONE', #3932, #3093, #1611 ) ;
#4186 =( LENGTH_UNIT ( ) NAMED_UNIT ( * ) SI_UNIT ( .MILLI., .METRE. ) );
#4187 = VERTEX_POINT ( 'NONE', #2754 ) ;
#4188 = DIRECTION ( 'NONE',  ( -1.297097214700455342E-32, -1.000000000000000000, -1.196361017915039486E-16 ) ) ;
#4189 = AXIS2_PLACEMENT_3D ( 'NONE', #3150, #5031, #3844 ) ;
#4190 = AXIS2_PLACEMENT_3D ( 'NONE', #1206, #1185, #2744 ) ;
#4191 = EDGE_LOOP ( 'NONE', ( #1863, #3727, #3652, #101, #4554, #3949, #88 ) ) ;
#4192 = CARTESIAN_POINT ( 'NONE',  ( 40.00000000000000711, -79.58326913195983821, -17.00000000000000000 ) ) ;
#4193 = AXIS2_PLACEMENT_3D ( 'NONE', #1600, #2478, #4816 ) ;
#4194 = AXIS2_PLACEMENT_3D ( 'NONE', #3276, #3384, #3330 ) ;
#4195 = ORIENTED_EDGE ( 'NONE', *, *, #4891, .T. ) ;
#4196 = LINE ( 'NONE', #1747, #2885 ) ;
#4197 = EDGE_LOOP ( 'NONE', ( #1516, #3732, #1618, #3065 ) ) ;
#4198 = DIRECTION ( 'NONE',  ( 0.000000000000000000, 0.000000000000000000, -1.000000000000000000 ) ) ;
#4199 = PRODUCT_RELATED_PRODUCT_CATEGORY ( 'part', '', ( #1350 ) ) ;
#4200 = VERTEX_POINT ( 'NONE', #4319 ) ;
#4201 = DIRECTION ( 'NONE',  ( -1.297097214700455342E-32, -1.000000000000000000, -1.196361017915039486E-16 ) ) ;
#4202 = VERTEX_POINT ( 'NONE', #782 ) ;
#4203 = CARTESIAN_POINT ( 'NONE',  ( 11.99999999999999645, -3.112717118565576868, 29.00000000000000711 ) ) ;
#4204 = DIRECTION ( 'NONE',  ( -1.000000000000000000, 1.677028837704906887E-48, 0.000000000000000000 ) ) ;
#4205 = DIRECTION ( 'NONE',  ( -0.7649111981170508834, 0.000000000000000000, 0.6441357457827796562 ) ) ;
#4206 = ORIENTED_EDGE ( 'NONE', *, *, #582, .F. ) ;
#4207 = DIRECTION ( 'NONE',  ( -0.6426122619764709221, -0.7661915431257927400, -1.042455260357026660E-16 ) ) ;
#4208 = ORIENTED_EDGE ( 'NONE', *, *, #4990, .T. ) ;
#4209 = CARTESIAN_POINT ( 'NONE',  ( 7.999999999999994671, 24.09999999999999787, 8.432753624454337071 ) ) ;
#4210 = LINE ( 'NONE', #4238, #2968 ) ;
#4211 = DIRECTION ( 'NONE',  ( -0.7661915431257927400, -0.6426122619764709221, 0.000000000000000000 ) ) ;
#4212 = MANIFOLD_SOLID_BREP ( 'Filete3', #3452 ) ;
#4213 = EDGE_CURVE ( 'NONE', #2243, #1700, #2098, .T. ) ;
#4214 = AXIS2_PLACEMENT_3D ( 'NONE', #1591, #2881, #111 ) ;
#4215 = DIRECTION ( 'NONE',  ( -1.232595164407830672E-32, -1.245892906839341945E-16, 1.000000000000000000 ) ) ;
#4216 = ORIENTED_EDGE ( 'NONE', *, *, #473, .F. ) ;
#4217 = CARTESIAN_POINT ( 'NONE',  ( 45.00000000000000000, 24.09999999999999787, 20.00000000000000711 ) ) ;
#4218 = AXIS2_PLACEMENT_3D ( 'NONE', #4803, #2044, #4368 ) ;
#4219 = ORIENTED_EDGE ( 'NONE', *, *, #3934, .T. ) ;
#4220 = DIRECTION ( 'NONE',  ( 0.000000000000000000, -1.000000000000000000, -1.360567432138672328E-16 ) ) ;
#4221 = ORIENTED_EDGE ( 'NONE', *, *, #990, .T. ) ;
#4222 = DIRECTION ( 'NONE',  ( -0.000000000000000000, -0.000000000000000000, 1.000000000000000000 ) ) ;
#4223 = ORIENTED_EDGE ( 'NONE', *, *, #457, .T. ) ;
#4224 = DIRECTION ( 'NONE',  ( 0.000000000000000000, -1.000000000000000000, -1.360567432138672328E-16 ) ) ;
#4225 = VECTOR ( 'NONE', #2053, 1000.000000000000114 ) ;
#4226 = CARTESIAN_POINT ( 'NONE',  ( 11.98311083933538868, 25.50000000000000000, -14.22994412171076739 ) ) ;
#4227 = ORIENTED_EDGE ( 'NONE', *, *, #2257, .T. ) ;
#4228 = DIRECTION ( 'NONE',  ( 0.000000000000000000, -1.000000000000000000, -1.360567432138672328E-16 ) ) ;
#4229 = ORIENTED_EDGE ( 'NONE', *, *, #221, .F. ) ;
#4230 = DIRECTION ( 'NONE',  ( 5.473822126268816683E-48, -1.000000000000000000, -1.360567432138672328E-16 ) ) ;
#4231 = DIRECTION ( 'NONE',  ( 0.000000000000000000, 0.000000000000000000, -1.000000000000000000 ) ) ;
#4232 = EDGE_CURVE ( 'NONE', #191, #76, #585, .T. ) ;
#4233 = ADVANCED_FACE ( 'NONE', ( #1079 ), #2488, .F. ) ;
#4234 = ORIENTED_EDGE ( 'NONE', *, *, #1512, .T. ) ;
#4235 = CARTESIAN_POINT ( 'NONE',  ( 54.99999999999999289, -27.00000000000000000, -29.00000000000000355 ) ) ;
#4236 = ORIENTED_EDGE ( 'NONE', *, *, #3615, .F. ) ;
#4237 = CARTESIAN_POINT ( 'NONE',  ( 19.55062435217081074, 16.49999999999999289, 29.00000000000001066 ) ) ;
#4238 = CARTESIAN_POINT ( 'NONE',  ( 23.46761691374841163, 8.717442972866102480, 24.10000000000000497 ) ) ;
#4239 = DIRECTION ( 'NONE',  ( -0.000000000000000000, -0.000000000000000000, -1.000000000000000000 ) ) ;
#4240 = ADVANCED_FACE ( 'NONE', ( #4050 ), #3671, .F. ) ;
#4241 = AXIS2_PLACEMENT_3D ( 'NONE', #999, #2561, #1111 ) ;
#4242 = LINE ( 'NONE', #4991, #5047 ) ;
#4243 = ORIENTED_EDGE ( 'NONE', *, *, #4876, .T. ) ;
#4244 = EDGE_CURVE ( 'NONE', #1018, #3326, #3741, .T. ) ;
#4245 = DIRECTION ( 'NONE',  ( -1.000000000000000000, 0.000000000000000000, 1.084202172485504434E-16 ) ) ;
#4246 = ORIENTED_EDGE ( 'NONE', *, *, #1934, .F. ) ;
#4247 = VECTOR ( 'NONE', #1851, 1000.000000000000000 ) ;
#4248 = DIRECTION ( 'NONE',  ( 0.000000000000000000, 0.000000000000000000, -1.000000000000000000 ) ) ;
#4249 = ORIENTED_EDGE ( 'NONE', *, *, #1376, .F. ) ;
#4250 = DIRECTION ( 'NONE',  ( 1.000000000000000000, 0.000000000000000000, 0.000000000000000000 ) ) ;
#4251 = VERTEX_POINT ( 'NONE', #3337 ) ;
#4252 = DIRECTION ( 'NONE',  ( -1.000000000000000000, 0.000000000000000000, 0.000000000000000000 ) ) ;
#4253 = ORIENTED_EDGE ( 'NONE', *, *, #430, .T. ) ;
#4254 = DIRECTION ( 'NONE',  ( 0.000000000000000000, 0.000000000000000000, -1.000000000000000000 ) ) ;
#4255 = VERTEX_POINT ( 'NONE', #537 ) ;
#4256 = FACE_BOUND ( 'NONE', #2829, .T. ) ;
#4257 = DIRECTION ( 'NONE',  ( 0.000000000000000000, -1.000000000000000000, 0.000000000000000000 ) ) ;
#4258 = EDGE_LOOP ( 'NONE', ( #1080, #2267, #3429, #400 ) ) ;
#4259 = VECTOR ( 'NONE', #3791, 1000.000000000000000 ) ;
#4260 = EDGE_CURVE ( 'NONE', #1171, #3888, #2148, .T. ) ;
#4261 = DIRECTION ( 'NONE',  ( -0.000000000000000000, -1.000000000000000000, -0.000000000000000000 ) ) ;
#4262 = ORIENTED_EDGE ( 'NONE', *, *, #3141, .T. ) ;
#4263 = PLANE ( 'NONE',  #1545 ) ;
#4264 = DIRECTION ( 'NONE',  ( 0.000000000000000000, 0.000000000000000000, -1.000000000000000000 ) ) ;
#4265 = CARTESIAN_POINT ( 'NONE',  ( 24.99999999999999289, 25.49999999999999645, 5.883035849229909964 ) ) ;
#4266 = AXIS2_PLACEMENT_3D ( 'NONE', #4265, #1145, #2731 ) ;
#4267 = CYLINDRICAL_SURFACE ( 'NONE', #4049, 0.7000000000000009548 ) ;
#4268 = ORIENTED_EDGE ( 'NONE', *, *, #4812, .F. ) ;
#4269 = EDGE_CURVE ( 'NONE', #2274, #4892, #1592, .T. ) ;
#4270 = CIRCLE ( 'NONE', #4266, 2.000000000000000000 ) ;
#4271 = VERTEX_POINT ( 'NONE', #1734 ) ;
#4272 = DIRECTION ( 'NONE',  ( 0.000000000000000000, 0.000000000000000000, 1.000000000000000000 ) ) ;
#4273 = AXIS2_PLACEMENT_3D ( 'NONE', #2359, #724, #4651 ) ;
#4274 = VECTOR ( 'NONE', #182, 1000.000000000000000 ) ;
#4275 = ORIENTED_EDGE ( 'NONE', *, *, #415, .T. ) ;
#4276 = EDGE_CURVE ( 'NONE', #4760, #2061, #4473, .T. ) ;
#4277 = CARTESIAN_POINT ( 'NONE',  ( 6.000000000000013323, 20.49999999999999289, 25.50000000000000355 ) ) ;
#4278 = VERTEX_POINT ( 'NONE', #692 ) ;
#4279 = CARTESIAN_POINT ( 'NONE',  ( 24.99999999999999289, 24.09999999999999787, 5.883035849229909964 ) ) ;
#4280 = AXIS2_PLACEMENT_3D ( 'NONE', #1236, #1260, #3619 ) ;
#4281 = AXIS2_PLACEMENT_3D ( 'NONE', #3036, #297, #4993 ) ;
#4282 = MECHANICAL_DESIGN_GEOMETRIC_PRESENTATION_REPRESENTATION (  '', ( #738 ), #530 ) ;
#4283 = ADVANCED_FACE ( 'NONE', ( #2277 ), #4825, .T. ) ;
#4284 = AXIS2_PLACEMENT_3D ( 'NONE', #587, #4564, #1858 ) ;
#4285 = CARTESIAN_POINT ( 'NONE',  ( 11.98311083933539578, 23.99999999999998934, 14.22994412171078693 ) ) ;
#4286 = EDGE_LOOP ( 'NONE', ( #298, #677, #1687, #2532 ) ) ;
#4287 = CARTESIAN_POINT ( 'NONE',  ( 45.00000000000000000, 23.99999999999998934, 21.50000000000000711 ) ) ;
#4288 = ORIENTED_EDGE ( 'NONE', *, *, #644, .T. ) ;
#4289 = FACE_BOUND ( 'NONE', #2810, .T. ) ;
#4290 = CIRCLE ( 'NONE', #1068, 2.000000000000000000 ) ;
#4291 = ORIENTED_EDGE ( 'NONE', *, *, #4540, .F. ) ;
#4292 = DIRECTION ( 'NONE',  ( 0.000000000000000000, 1.360567432138672328E-16, -1.000000000000000000 ) ) ;
#4293 = VERTEX_POINT ( 'NONE', #2120 ) ;
#4294 = DIRECTION ( 'NONE',  ( 0.000000000000000000, 0.000000000000000000, 1.000000000000000000 ) ) ;
#4295 = DIRECTION ( 'NONE',  ( -1.000000000000000000, 0.000000000000000000, -1.826024711554533667E-16 ) ) ;
#4296 = DIRECTION ( 'NONE',  ( 0.000000000000000000, -1.360567432138672328E-16, 1.000000000000000000 ) ) ;
#4297 = CARTESIAN_POINT ( 'NONE',  ( 45.00000000000000000, 25.50000000000000000, -21.49999999999998934 ) ) ;
#4298 = EDGE_LOOP ( 'NONE', ( #993, #3313, #3563, #710, #2975, #528, #3320 ) ) ;
#4299 = DIRECTION ( 'NONE',  ( 1.000000000000000000, 0.000000000000000000, 0.000000000000000000 ) ) ;
#4300 = EDGE_CURVE ( 'NONE', #2465, #3865, #3312, .T. ) ;
#4301 = ADVANCED_FACE ( 'NONE', ( #2926 ), #4513, .T. ) ;
#4302 = DIRECTION ( 'NONE',  ( 0.000000000000000000, -1.000000000000000000, 0.000000000000000000 ) ) ;
#4303 = ORIENTED_EDGE ( 'NONE', *, *, #1948, .T. ) ;
#4304 = DIRECTION ( 'NONE',  ( -1.297097214700455342E-32, -1.000000000000000000, -1.196361017915039486E-16 ) ) ;
#4305 = VECTOR ( 'NONE', #1949, 1000.000000000000000 ) ;
#4306 = CARTESIAN_POINT ( 'NONE',  ( 5.000000000000011546, 20.49999999999999289, 29.00000000000001066 ) ) ;
#4307 = ORIENTED_EDGE ( 'NONE', *, *, #1328, .F. ) ;
#4308 = LINE ( 'NONE', #719, #4439 ) ;
#4309 = ORIENTED_EDGE ( 'NONE', *, *, #3242, .F. ) ;
#4310 = VECTOR ( 'NONE', #4009, 1000.000000000000114 ) ;
#4311 = DIRECTION ( 'NONE',  ( -1.297097214700455342E-32, -1.000000000000000000, -1.196361017915039486E-16 ) ) ;
#4312 = CIRCLE ( 'NONE', #2672, 2.000000000000001776 ) ;
#4313 = CARTESIAN_POINT ( 'NONE',  ( 45.00000000000000000, 23.99999999999998934, 20.00000000000000711 ) ) ;
#4314 = ORIENTED_EDGE ( 'NONE', *, *, #1465, .F. ) ;
#4315 = LINE ( 'NONE', #366, #1957 ) ;
#4316 = DIRECTION ( 'NONE',  ( 0.000000000000000000, 1.000000000000000000, 0.000000000000000000 ) ) ;
#4317 = DIRECTION ( 'NONE',  ( 0.000000000000000000, 0.000000000000000000, -1.000000000000000000 ) ) ;
#4318 = EDGE_CURVE ( 'NONE', #2492, #1989, #1759, .T. ) ;
#4319 = CARTESIAN_POINT ( 'NONE',  ( 30.00000000000000355, -25.50000000000000355, 12.59999999999999964 ) ) ;
#4320 = ORIENTED_EDGE ( 'NONE', *, *, #3166, .F. ) ;
#4321 = AXIS2_PLACEMENT_3D ( 'NONE', #2827, #2876, #3215 ) ;
#4322 = CARTESIAN_POINT ( 'NONE',  ( 19.55062435217081074, 16.49999999999999289, 24.10000000000000497 ) ) ;
#4323 = AXIS2_PLACEMENT_3D ( 'NONE', #3603, #4053, #516 ) ;
#4324 = LINE ( 'NONE', #5098, #2911 ) ;
#4325 = ORIENTED_EDGE ( 'NONE', *, *, #1375, .F. ) ;
#4326 = DIRECTION ( 'NONE',  ( -1.000000000000000000, 0.000000000000000000, 0.000000000000000000 ) ) ;
#4327 = EDGE_CURVE ( 'NONE', #4271, #4098, #818, .T. ) ;
#4328 = CARTESIAN_POINT ( 'NONE',  ( 36.00000000000000000, 9.112717118565569763, 29.00000000000000711 ) ) ;
#4329 = CIRCLE ( 'NONE', #123, 2.000000000000000000 ) ;
#4330 = EDGE_LOOP ( 'NONE', ( #1641, #1458, #4635, #4309 ) ) ;
#4331 = CARTESIAN_POINT ( 'NONE',  ( 28.00000000000004263, -25.50000000000000355, -17.00000000000000000 ) ) ;
#4332 = EDGE_LOOP ( 'NONE', ( #4810, #3723, #637, #5083 ) ) ;
#4333 = DIRECTION ( 'NONE',  ( 0.000000000000000000, 1.360567432138672328E-16, -1.000000000000000000 ) ) ;
#4334 = ADVANCED_FACE ( 'NONE', ( #2740 ), #19, .F. ) ;
#4335 = DIRECTION ( 'NONE',  ( -1.000000000000000000, 1.734723475976805517E-15, 0.000000000000000000 ) ) ;
#4336 = ORIENTED_EDGE ( 'NONE', *, *, #3183, .F. ) ;
#4337 = CARTESIAN_POINT ( 'NONE',  ( 15.11462363484563554, -12.67678111309633593, 29.00000000000000711 ) ) ;
#4338 = DIRECTION ( 'NONE',  ( 0.000000000000000000, -1.000000000000000000, -1.360567432138672328E-16 ) ) ;
#4339 = CARTESIAN_POINT ( 'NONE',  ( 18.01824126591921527, 15.21477547604705549, 24.10000000000000497 ) ) ;
#4340 = FILL_AREA_STYLE_COLOUR ( '', #2663 ) ;
#4341 = ORIENTED_EDGE ( 'NONE', *, *, #3437, .T. ) ;
#4342 = EDGE_CURVE ( 'NONE', #328, #2598, #3653, .T. ) ;
#4343 = CYLINDRICAL_SURFACE ( 'NONE', #2383, 1.000000000000001776 ) ;
#4344 = PLANE ( 'NONE',  #995 ) ;
#4345 = VECTOR ( 'NONE', #2203, 1000.000000000000000 ) ;
#4346 = PLANE ( 'NONE',  #1180 ) ;
#4347 = ORIENTED_EDGE ( 'NONE', *, *, #474, .T. ) ;
#4348 = CARTESIAN_POINT ( 'NONE',  ( 31.98175873408076697, -9.214775476047064373, -25.50000000000000355 ) ) ;
#4349 = VECTOR ( 'NONE', #561, 1000.000000000000000 ) ;
#4350 = DIRECTION ( 'NONE',  ( 0.000000000000000000, 0.000000000000000000, -1.000000000000000000 ) ) ;
#4351 = CIRCLE ( 'NONE', #3200, 2.000000000000000000 ) ;
#4352 = AXIS2_PLACEMENT_3D ( 'NONE', #5019, #4188, #1487 ) ;
#4353 = ORIENTED_EDGE ( 'NONE', *, *, #5068, .F. ) ;
#4354 = DIRECTION ( 'NONE',  ( 0.000000000000000000, 1.000000000000000000, 0.000000000000000000 ) ) ;
#4355 = ORIENTED_EDGE ( 'NONE', *, *, #984, .T. ) ;
#4356 = LINE ( 'NONE', #5059, #3466 ) ;
#4357 = AXIS2_PLACEMENT_3D ( 'NONE', #794, #3050, #3173 ) ;
#4358 = AXIS2_PLACEMENT_3D ( 'NONE', #1471, #1054, #1832 ) ;
#4359 = EDGE_CURVE ( 'NONE', #4499, #3920, #305, .T. ) ;
#4360 = CARTESIAN_POINT ( 'NONE',  ( 30.69783357939494195, 25.49999999999999645, -1.529822396234092441 ) ) ;
#4361 = CIRCLE ( 'NONE', #2644, 1.500000000000001332 ) ;
#4362 = VERTEX_POINT ( 'NONE', #1130 ) ;
#4363 = AXIS2_PLACEMENT_3D ( 'NONE', #1362, #4557, #4975 ) ;
#4364 = CARTESIAN_POINT ( 'NONE',  ( 50.00000000000000000, 25.50000000000000000, -25.49999999999999645 ) ) ;
#4365 = PLANE ( 'NONE',  #3630 ) ;
#4366 = LINE ( 'NONE', #828, #2873 ) ;
#4367 = ADVANCED_FACE ( 'NONE', ( #406 ), #3872, .F. ) ;
#4368 = DIRECTION ( 'NONE',  ( 6.123233995736766036E-17, -1.000000000000000000, 0.000000000000000000 ) ) ;
#4369 = VERTEX_POINT ( 'NONE', #1983 ) ;
#4370 = ORIENTED_EDGE ( 'NONE', *, *, #1936, .T. ) ;
#4371 = EDGE_CURVE ( 'NONE', #2991, #113, #3074, .T. ) ;
#4372 = ADVANCED_FACE ( 'NONE', ( #334 ), #1181, .F. ) ;
#4373 = DIRECTION ( 'NONE',  ( -1.000000000000000000, 0.000000000000000000, -0.000000000000000000 ) ) ;
#4374 = DIRECTION ( 'NONE',  ( 0.000000000000000000, 0.000000000000000000, -1.000000000000000000 ) ) ;
#4375 = ORIENTED_EDGE ( 'NONE', *, *, #74, .F. ) ;
#4376 = DIRECTION ( 'NONE',  ( -1.000000000000000000, 1.677028837704906887E-48, 2.281710819338667608E-64 ) ) ;
#4377 = CYLINDRICAL_SURFACE ( 'NONE', #2500, 1.500000000000001332 ) ;
#4378 = ORIENTED_EDGE ( 'NONE', *, *, #3257, .F. ) ;
#4379 = LINE ( 'NONE', #4039, #2726 ) ;
#4380 = ORIENTED_EDGE ( 'NONE', *, *, #3696, .T. ) ;
#4381 = DIRECTION ( 'NONE',  ( 0.000000000000000000, 0.000000000000000000, -1.000000000000000000 ) ) ;
#4382 = AXIS2_PLACEMENT_3D ( 'NONE', #571, #2597, #244 ) ;
#4383 = CIRCLE ( 'NONE', #428, 0.9999999999999974465 ) ;
#4384 = DIRECTION ( 'NONE',  ( 0.000000000000000000, 1.360567432138672328E-16, -1.000000000000000000 ) ) ;
#4385 = ORIENTED_EDGE ( 'NONE', *, *, #4388, .F. ) ;
#4386 = DIRECTION ( 'NONE',  ( -2.168404344971008375E-16, 0.000000000000000000, 1.000000000000000000 ) ) ;
#4387 = ADVANCED_FACE ( 'NONE', ( #3566 ), #745, .F. ) ;
#4388 = EDGE_CURVE ( 'NONE', #2073, #1018, #3467, .T. ) ;
#4389 = DIRECTION ( 'NONE',  ( 0.000000000000000000, 1.360567432138672328E-16, -1.000000000000000000 ) ) ;
#4390 = DIRECTION ( 'NONE',  ( 0.000000000000000000, 0.000000000000000000, -1.000000000000000000 ) ) ;
#4391 = AXIS2_PLACEMENT_3D ( 'NONE', #1905, #3096, #1127 ) ;
#4392 = DIRECTION ( 'NONE',  ( 0.000000000000000000, 0.000000000000000000, -1.000000000000000000 ) ) ;
#4393 = ORIENTED_EDGE ( 'NONE', *, *, #83, .F. ) ;
#4394 = CARTESIAN_POINT ( 'NONE',  ( 29.34082191108052129, 4.285224523952948061, -25.49999999999999645 ) ) ;
#4395 = EDGE_CURVE ( 'NONE', #455, #2137, #23, .T. ) ;
#4396 = VERTEX_POINT ( 'NONE', #3493 ) ;
#4397 = LINE ( 'NONE', #398, #2155 ) ;
#4398 = DIRECTION ( 'NONE',  ( -1.232595164407830672E-32, -1.245892906839341945E-16, 1.000000000000000000 ) ) ;
#4399 = EDGE_CURVE ( 'NONE', #2022, #3125, #679, .T. ) ;
#4400 = ORIENTED_EDGE ( 'NONE', *, *, #3568, .T. ) ;
#4401 = DIRECTION ( 'NONE',  ( 0.6426122619764711441, -0.7661915431257925180, 0.000000000000000000 ) ) ;
#4402 = DIRECTION ( 'NONE',  ( 0.000000000000000000, 1.000000000000000000, 1.360567432138672328E-16 ) ) ;
#4403 = EDGE_CURVE ( 'NONE', #609, #3095, #4383, .T. ) ;
#4404 = VERTEX_POINT ( 'NONE', #3099 ) ;
#4405 = DIRECTION ( 'NONE',  ( -1.000000000000000000, 1.677028837704906887E-48, -1.232595164407830672E-32 ) ) ;
#4406 = VERTEX_POINT ( 'NONE', #4666 ) ;
#4407 = CIRCLE ( 'NONE', #2188, 2.000000000000000000 ) ;
#4408 = FACE_OUTER_BOUND ( 'NONE', #698, .T. ) ;
#4409 = AXIS2_PLACEMENT_3D ( 'NONE', #1179, #5076, #1075 ) ;
#4410 = CARTESIAN_POINT ( 'NONE',  ( 50.00000000000000000, -25.50000000000000000, -25.50000000000000355 ) ) ;
#4411 = VERTEX_POINT ( 'NONE', #2715 ) ;
#4412 = CARTESIAN_POINT ( 'NONE',  ( 11.98311083933539578, 25.49999999999999289, 14.22994412171078693 ) ) ;
#4413 = CARTESIAN_POINT ( 'NONE',  ( 5.000000000000011546, -14.50000000000000888, 29.00000000000000355 ) ) ;
#4414 = DIRECTION ( 'NONE',  ( -0.000000000000000000, -0.000000000000000000, 1.000000000000000000 ) ) ;
#4415 = ADVANCED_FACE ( 'NONE', ( #769 ), #4695, .F. ) ;
#4416 = CARTESIAN_POINT ( 'NONE',  ( 50.58230842409425065, -23.61161228946933477, -24.09999999999999432 ) ) ;
#4417 = ORIENTED_EDGE ( 'NONE', *, *, #1771, .T. ) ;
#4418 = DIRECTION ( 'NONE',  ( 0.000000000000000000, 0.000000000000000000, 1.000000000000000000 ) ) ;
#4419 = ORIENTED_EDGE ( 'NONE', *, *, #3502, .F. ) ;
#4420 = DIRECTION ( 'NONE',  ( 0.000000000000000000, 0.000000000000000000, -1.000000000000000000 ) ) ;
#4421 = DIRECTION ( 'NONE',  ( 0.000000000000000000, 1.000000000000000000, 0.000000000000000000 ) ) ;
#4422 = CIRCLE ( 'NONE', #1041, 2.000000000000000000 ) ;
#4423 = VERTEX_POINT ( 'NONE', #791 ) ;
#4424 = LINE ( 'NONE', #2809, #2933 ) ;
#4425 = EDGE_CURVE ( 'NONE', #2248, #4711, #1935, .T. ) ;
#4426 = FACE_BOUND ( 'NONE', #4133, .T. ) ;
#4427 = ORIENTED_EDGE ( 'NONE', *, *, #62, .T. ) ;
#4428 = DIRECTION ( 'NONE',  ( 0.000000000000000000, 0.000000000000000000, -1.000000000000000000 ) ) ;
#4429 = ORIENTED_EDGE ( 'NONE', *, *, #792, .F. ) ;
#4430 = CIRCLE ( 'NONE', #2304, 2.000000000000000000 ) ;
#4431 = CARTESIAN_POINT ( 'NONE',  ( 24.99999999999999289, 25.49999999999999645, -5.883035849229873548 ) ) ;
#4432 = EDGE_CURVE ( 'NONE', #224, #113, #1546, .T. ) ;
#4433 = AXIS2_PLACEMENT_3D ( 'NONE', #2923, #921, #2821 ) ;
#4434 = VECTOR ( 'NONE', #2154, 1000.000000000000000 ) ;
#4435 = LINE ( 'NONE', #4116, #2309 ) ;
#4436 = EDGE_LOOP ( 'NONE', ( #2699, #4038, #166, #1406 ) ) ;
#4437 = FACE_OUTER_BOUND ( 'NONE', #407, .T. ) ;
#4438 = CARTESIAN_POINT ( 'NONE',  ( 14.07283357939493840, 24.09999999999999787, -12.47017760376589024 ) ) ;
#4439 = VECTOR ( 'NONE', #1548, 1000.000000000000000 ) ;
#4440 = AXIS2_PLACEMENT_3D ( 'NONE', #2035, #4381, #3617 ) ;
#4441 = CARTESIAN_POINT ( 'NONE',  ( 15.36110507096049638, 24.09999999999999787, 14.00000000000001421 ) ) ;
#4442 = VECTOR ( 'NONE', #2556, 1000.000000000000000 ) ;
#4443 = CARTESIAN_POINT ( 'NONE',  ( 28.00000000000004619, -79.58326913195983821, -17.00000000000000000 ) ) ;
#4444 = VERTEX_POINT ( 'NONE', #1202 ) ;
#4445 = CIRCLE ( 'NONE', #2732, 2.000000000000000000 ) ;
#4446 = DIRECTION ( 'NONE',  ( 0.000000000000000000, 0.000000000000000000, -1.000000000000000000 ) ) ;
#4447 = VERTEX_POINT ( 'NONE', #1958 ) ;
#4448 = DIRECTION ( 'NONE',  ( 0.000000000000000000, 0.000000000000000000, -1.000000000000000000 ) ) ;
#4449 = CARTESIAN_POINT ( 'NONE',  ( 15.11462363484563554, -12.67678111309633593, 29.00000000000000711 ) ) ;
#4450 = VERTEX_POINT ( 'NONE', #885 ) ;
#4451 = DIRECTION ( 'NONE',  ( 0.000000000000000000, -1.000000000000000000, -1.360567432138672574E-16 ) ) ;
#4452 = ADVANCED_FACE ( 'NONE', ( #1671, #2085, #3963, #3660, #429, #4426, #1254, #118, #3249 ), #4864, .F. ) ;
#4453 = EDGE_CURVE ( 'NONE', #3764, #3049, #863, .T. ) ;
#4454 = CARTESIAN_POINT ( 'NONE',  ( 3.143117669239968036E-31, 18.49999999999999289, 29.00000000000001066 ) ) ;
#4455 = ORIENTED_EDGE ( 'NONE', *, *, #1052, .F. ) ;
#4456 = CARTESIAN_POINT ( 'NONE',  ( 23.00000000000001066, -25.50000000000000355, -22.00000000000003553 ) ) ;
#4457 = ORIENTED_EDGE ( 'NONE', *, *, #4641, .F. ) ;
#4458 = LINE ( 'NONE', #3594, #3130 ) ;
#4459 = CIRCLE ( 'NONE', #908, 1.500000000000001332 ) ;
#4460 = DIRECTION ( 'NONE',  ( -0.000000000000000000, -0.000000000000000000, 1.000000000000000000 ) ) ;
#4461 = EDGE_LOOP ( 'NONE', ( #3106, #4393, #2984, #1620 ) ) ;
#4462 = ADVANCED_FACE ( 'NONE', ( #1332 ), #4377, .F. ) ;
#4463 = AXIS2_PLACEMENT_3D ( 'NONE', #1994, #4706, #829 ) ;
#4464 = DIRECTION ( 'NONE',  ( -0.6426122619764709221, -0.7661915431257927400, 0.000000000000000000 ) ) ;
#4465 = DIRECTION ( 'NONE',  ( 0.000000000000000000, -1.000000000000000000, 0.000000000000000000 ) ) ;
#4466 = DIRECTION ( 'NONE',  ( 1.094764425253763337E-47, -1.000000000000000000, -1.360567432138672328E-16 ) ) ;
#4467 = CIRCLE ( 'NONE', #1585, 0.7000000000000009548 ) ;
#4468 = DIRECTION ( 'NONE',  ( 0.000000000000000000, 1.000000000000000000, 0.000000000000000000 ) ) ;
#4469 = VERTEX_POINT ( 'NONE', #2912 ) ;
#4470 = DIRECTION ( 'NONE',  ( 0.000000000000000000, 1.000000000000000000, 0.000000000000000000 ) ) ;
#4471 = EDGE_CURVE ( 'NONE', #1904, #278, #3160, .T. ) ;
#4472 = VERTEX_POINT ( 'NONE', #525 ) ;
#4473 = CIRCLE ( 'NONE', #271, 2.000000000000001776 ) ;
#4474 = CARTESIAN_POINT ( 'NONE',  ( 23.46761691374839742, 8.717442972866106032, -24.09999999999999432 ) ) ;
#4475 = VECTOR ( 'NONE', #1816, 1000.000000000000000 ) ;
#4476 = CARTESIAN_POINT ( 'NONE',  ( 30.44937564782918216, -12.50000000000000533, 29.00000000000000711 ) ) ;
#4477 = ORIENTED_EDGE ( 'NONE', *, *, #2165, .T. ) ;
#4478 = DIRECTION ( 'NONE',  ( -0.000000000000000000, -1.000000000000000000, -1.360567432138672328E-16 ) ) ;
#4479 = EDGE_CURVE ( 'NONE', #4444, #4724, #3194, .T. ) ;
#4480 = ORIENTED_EDGE ( 'NONE', *, *, #473, .T. ) ;
#4481 = CARTESIAN_POINT ( 'NONE',  ( 44.00000000000000000, 24.09999999999999787, 8.432753624454333519 ) ) ;
#4482 = ORIENTED_EDGE ( 'NONE', *, *, #2446, .T. ) ;
#4483 = CARTESIAN_POINT ( 'NONE',  ( 29.34082191108051418, 1.714775476047055935, 29.00000000000001066 ) ) ;
#4484 = CARTESIAN_POINT ( 'NONE',  ( 41.99999999999999289, 25.49999999999999645, 8.432753624454335295 ) ) ;
#4485 = ORIENTED_EDGE ( 'NONE', *, *, #3906, .T. ) ;
#4486 = CARTESIAN_POINT ( 'NONE',  ( 7.999999999999994671, 24.09999999999999787, 8.432753624454337071 ) ) ;
#4487 = FACE_BOUND ( 'NONE', #2902, .T. ) ;
#4488 = CARTESIAN_POINT ( 'NONE',  ( 28.00000000000004619, -25.50000000000000355, 17.00000000000000000 ) ) ;
#4489 = VECTOR ( 'NONE', #1519, 1000.000000000000000 ) ;
#4490 = EDGE_CURVE ( 'NONE', #4757, #759, #3498, .T. ) ;
#4491 = CARTESIAN_POINT ( 'NONE',  ( 23.00000000000001066, -79.58326913195983821, -22.50000000000000000 ) ) ;
#4492 = EDGE_LOOP ( 'NONE', ( #1769, #4613 ) ) ;
#4493 = CARTESIAN_POINT ( 'NONE',  ( -3.307597897486161573E-31, -27.00000000000000355, -3.254805710504151649E-15 ) ) ;
#4494 = DIRECTION ( 'NONE',  ( 0.000000000000000000, 1.360567432138672328E-16, -1.000000000000000000 ) ) ;
#4495 = EDGE_CURVE ( 'NONE', #4156, #3608, #2060, .T. ) ;
#4496 = EDGE_CURVE ( 'NONE', #2498, #4858, #1694, .T. ) ;
#4497 = FACE_OUTER_BOUND ( 'NONE', #700, .T. ) ;
#4498 = LINE ( 'NONE', #3372, #2679 ) ;
#4499 = VERTEX_POINT ( 'NONE', #2007 ) ;
#4500 = ORIENTED_EDGE ( 'NONE', *, *, #3494, .T. ) ;
#4501 = CARTESIAN_POINT ( 'NONE',  ( 13.99999999999999645, 9.112717118565566210, 24.10000000000000497 ) ) ;
#4502 = ORIENTED_EDGE ( 'NONE', *, *, #4999, .F. ) ;
#4503 = CARTESIAN_POINT ( 'NONE',  ( 23.00000000000000711, -25.50000000000000355, 22.50000000000000711 ) ) ;
#4504 = ORIENTED_EDGE ( 'NONE', *, *, #536, .F. ) ;
#4505 = CARTESIAN_POINT ( 'NONE',  ( 5.000000000000000000, 25.50000000000000000, -19.99999999999999645 ) ) ;
#4506 = VECTOR ( 'NONE', #2585, 1000.000000000000114 ) ;
#4507 = FACE_BOUND ( 'NONE', #584, .T. ) ;
#4508 = EDGE_LOOP ( 'NONE', ( #621, #2425, #2844, #4566 ) ) ;
#4509 = FACE_OUTER_BOUND ( 'NONE', #68, .T. ) ;
#4510 = LINE ( 'NONE', #257, #1644 ) ;
#4511 = CARTESIAN_POINT ( 'NONE',  ( 0.000000000000000000, -25.50000000000000000, -25.50000000000000355 ) ) ;
#4512 = CIRCLE ( 'NONE', #2048, 1.000000000000001776 ) ;
#4513 = PLANE ( 'NONE',  #2830 ) ;
#4514 = EDGE_LOOP ( 'NONE', ( #1496, #688, #2615, #3959 ) ) ;
#4515 = DIRECTION ( 'NONE',  ( 1.297097214700455342E-32, 1.000000000000000000, 1.196361017915039486E-16 ) ) ;
#4516 = CIRCLE ( 'NONE', #4604, 0.6999999999999975131 ) ;
#4517 = EDGE_CURVE ( 'NONE', #4914, #4362, #2415, .T. ) ;
#4518 = EDGE_LOOP ( 'NONE', ( #2196, #4994, #3275, #2741 ) ) ;
#4519 = VECTOR ( 'NONE', #992, 1000.000000000000000 ) ;
#4520 = CIRCLE ( 'NONE', #2728, 2.000000000000001776 ) ;
#4521 = CARTESIAN_POINT ( 'NONE',  ( 29.34082191108051418, 1.714775476047055935, 29.00000000000001066 ) ) ;
#4522 = DIRECTION ( 'NONE',  ( 0.000000000000000000, 1.000000000000000000, 0.000000000000000000 ) ) ;
#4523 = EDGE_LOOP ( 'NONE', ( #1530, #362, #3407, #1429 ) ) ;
#4524 = ADVANCED_FACE ( 'NONE', ( #42 ), #1229, .T. ) ;
#4525 = VECTOR ( 'NONE', #3952, 1000.000000000000000 ) ;
#4526 = CARTESIAN_POINT ( 'NONE',  ( 11.99999999999999645, 9.112717118565566210, -24.09999999999998721 ) ) ;
#4527 = EDGE_CURVE ( 'NONE', #4006, #2936, #352, .T. ) ;
#4528 = EDGE_LOOP ( 'NONE', ( #1409, #2032, #4320, #335 ) ) ;
#4529 = LINE ( 'NONE', #658, #2084 ) ;
#4530 = ORIENTED_EDGE ( 'NONE', *, *, #1648, .T. ) ;
#4531 = LINE ( 'NONE', #1386, #241 ) ;
#4532 = EDGE_LOOP ( 'NONE', ( #3587, #2222, #2293, #1128 ) ) ;
#4533 = DIRECTION ( 'NONE',  ( -0.000000000000000000, -1.000000000000000000, -1.245892906839342191E-16 ) ) ;
#4534 = FACE_BOUND ( 'NONE', #1156, .T. ) ;
#4535 = ORIENTED_EDGE ( 'NONE', *, *, #12, .T. ) ;
#4536 = DIRECTION ( 'NONE',  ( 0.000000000000000000, 0.000000000000000000, -1.000000000000000000 ) ) ;
#4537 = CARTESIAN_POINT ( 'NONE',  ( 15.53238308625157948, -4.397941642518520489, 24.10000000000000497 ) ) ;
#4538 = CARTESIAN_POINT ( 'NONE',  ( 9.288271491565559757, 24.09999999999999787, -9.962576020688411305 ) ) ;
#4539 = ORIENTED_EDGE ( 'NONE', *, *, #3430, .F. ) ;
#4540 = EDGE_CURVE ( 'NONE', #2694, #1904, #3301, .T. ) ;
#4541 = CARTESIAN_POINT ( 'NONE',  ( 18.01824126591921171, -9.214775476047060820, 25.50000000000000000 ) ) ;
#4542 = CARTESIAN_POINT ( 'NONE',  ( 13.99999999999999645, 9.112717118565566210, -24.09999999999999432 ) ) ;
#4543 = CARTESIAN_POINT ( 'NONE',  ( 19.99999999999998224, -17.00000000000000000, -11.20000000000000462 ) ) ;
#4544 = EDGE_LOOP ( 'NONE', ( #3990, #2579, #4064, #1541 ) ) ;
#4545 = AXIS2_PLACEMENT_3D ( 'NONE', #2665, #1466, #4854 ) ;
#4546 = LINE ( 'NONE', #4521, #421 ) ;
#4547 = CARTESIAN_POINT ( 'NONE',  ( 20.00000000000000000, -27.00000000000000355, 11.19999999999999929 ) ) ;
#4548 = AXIS2_PLACEMENT_3D ( 'NONE', #4491, #106, #1291 ) ;
#4549 = ORIENTED_EDGE ( 'NONE', *, *, #2739, .T. ) ;
#4550 = CARTESIAN_POINT ( 'NONE',  ( 29.99999999999999289, -27.00000000000000355, -11.90000000000000213 ) ) ;
#4551 = VERTEX_POINT ( 'NONE', #1719 ) ;
#4552 = AXIS2_PLACEMENT_3D ( 'NONE', #4861, #597, #623 ) ;
#4553 = CARTESIAN_POINT ( 'NONE',  ( 7.999999999999994671, 25.49999999999999645, 8.432753624454337071 ) ) ;
#4554 = ORIENTED_EDGE ( 'NONE', *, *, #2898, .T. ) ;
#4555 = DIRECTION ( 'NONE',  ( 0.000000000000000000, -1.000000000000000000, -1.360567432138672328E-16 ) ) ;
#4556 = ORIENTED_EDGE ( 'NONE', *, *, #778, .T. ) ;
#4557 = DIRECTION ( 'NONE',  ( -5.473822126268816683E-48, 1.000000000000000000, 1.360567432138672328E-16 ) ) ;
#4558 = EDGE_CURVE ( 'NONE', #4896, #3145, #2423, .T. ) ;
#4559 = EDGE_CURVE ( 'NONE', #4006, #4001, #1647, .T. ) ;
#4560 = ORIENTED_EDGE ( 'NONE', *, *, #1439, .T. ) ;
#4561 = FACE_BOUND ( 'NONE', #2862, .T. ) ;
#4562 = ORIENTED_EDGE ( 'NONE', *, *, #1879, .F. ) ;
#4563 = DIRECTION ( 'NONE',  ( -0.000000000000000000, -1.000000000000000000, -0.000000000000000000 ) ) ;
#4564 = DIRECTION ( 'NONE',  ( 0.000000000000000000, 0.000000000000000000, -1.000000000000000000 ) ) ;
#4565 = PLANE ( 'NONE',  #3869 ) ;
#4566 = ORIENTED_EDGE ( 'NONE', *, *, #951, .F. ) ;
#4567 = DIRECTION ( 'NONE',  ( 0.000000000000000000, -1.000000000000000000, -1.360567432138672328E-16 ) ) ;
#4568 = ORIENTED_EDGE ( 'NONE', *, *, #242, .T. ) ;
#4569 = DIRECTION ( 'NONE',  ( -7.325598456071612387E-33, 1.196361017915039486E-16, -1.000000000000000000 ) ) ;
#4570 = DIRECTION ( 'NONE',  ( -0.000000000000000000, -0.000000000000000000, 1.000000000000000000 ) ) ;
#4571 = CARTESIAN_POINT ( 'NONE',  ( 45.00000000000001421, 20.49999999999999289, 25.50000000000000355 ) ) ;
#4572 = DIRECTION ( 'NONE',  ( -1.000000000000000000, 1.734723475976805517E-15, 0.000000000000000000 ) ) ;
#4573 = AXIS2_PLACEMENT_3D ( 'NONE', #2650, #2499, #3423 ) ;
#4574 = ORIENTED_EDGE ( 'NONE', *, *, #4037, .T. ) ;
#4575 = CARTESIAN_POINT ( 'NONE',  ( 53.11179803544560940, 24.09999999999999787, -20.40473983290833715 ) ) ;
#4576 = EDGE_CURVE ( 'NONE', #2284, #2627, #477, .T. ) ;
#4577 = VERTEX_POINT ( 'NONE', #1384 ) ;
#4578 = DIRECTION ( 'NONE',  ( 0.000000000000000000, 0.000000000000000000, -1.000000000000000000 ) ) ;
#4579 = ORIENTED_EDGE ( 'NONE', *, *, #2324, .T. ) ;
#4580 = DIRECTION ( 'NONE',  ( -0.000000000000000000, -1.000000000000000000, -1.245892906839342191E-16 ) ) ;
#4581 = ORIENTED_EDGE ( 'NONE', *, *, #2770, .F. ) ;
#4582 = DIRECTION ( 'NONE',  ( 0.000000000000000000, 0.000000000000000000, -1.000000000000000000 ) ) ;
#4583 = EDGE_CURVE ( 'NONE', #3834, #348, #3431, .T. ) ;
#4584 = ORIENTED_EDGE ( 'NONE', *, *, #486, .F. ) ;
#4585 = FACE_OUTER_BOUND ( 'NONE', #3706, .T. ) ;
#4586 = EDGE_LOOP ( 'NONE', ( #3859, #4121, #4504, #2168 ) ) ;
#4587 = CARTESIAN_POINT ( 'NONE',  ( 11.98311083933538868, 25.50000000000000000, -14.22994412171076739 ) ) ;
#4588 = CYLINDRICAL_SURFACE ( 'NONE', #4358, 2.000000000000000000 ) ;
#4589 = EDGE_CURVE ( 'NONE', #4202, #3151, #2552, .T. ) ;
#4590 = LINE ( 'NONE', #3417, #3939 ) ;
#4591 = AXIS2_PLACEMENT_3D ( 'NONE', #4679, #5089, #1093 ) ;
#4592 = ORIENTED_EDGE ( 'NONE', *, *, #1750, .F. ) ;
#4593 = CARTESIAN_POINT ( 'NONE',  ( 20.00000000000000000, -25.50000000000000355, 11.89999999999999680 ) ) ;
#4594 = ORIENTED_EDGE ( 'NONE', *, *, #600, .F. ) ;
#4595 = DIRECTION ( 'NONE',  ( 0.000000000000000000, 0.000000000000000000, -1.000000000000000000 ) ) ;
#4596 = DIRECTION ( 'NONE',  ( 0.000000000000000000, 1.000000000000000000, 1.360567432138672328E-16 ) ) ;
#4597 = CIRCLE ( 'NONE', #4181, 2.000000000000001776 ) ;
#4598 = ORIENTED_EDGE ( 'NONE', *, *, #4806, .T. ) ;
#4599 = DIRECTION ( 'NONE',  ( -1.297097214700455342E-32, -1.000000000000000000, -1.196361017915039486E-16 ) ) ;
#4600 = VECTOR ( 'NONE', #2643, 1000.000000000000114 ) ;
#4601 = ORIENTED_EDGE ( 'NONE', *, *, #1472, .T. ) ;
#4602 = FACE_OUTER_BOUND ( 'NONE', #3427, .T. ) ;
#4603 = VECTOR ( 'NONE', #2355, 1000.000000000000000 ) ;
#4604 = AXIS2_PLACEMENT_3D ( 'NONE', #4173, #1805, #2947 ) ;
#4605 = ORIENTED_EDGE ( 'NONE', *, *, #1295, .F. ) ;
#4606 = DIRECTION ( 'NONE',  ( -2.392722035830078972E-16, 1.196361017915039486E-16, -1.000000000000000000 ) ) ;
#4607 = VECTOR ( 'NONE', #1256, 1000.000000000000000 ) ;
#4608 = VECTOR ( 'NONE', #266, 1000.000000000000000 ) ;
#4609 = EDGE_CURVE ( 'NONE', #412, #515, #4529, .T. ) ;
#4610 = ORIENTED_EDGE ( 'NONE', *, *, #2212, .F. ) ;
#4611 = DIRECTION ( 'NONE',  ( -0.000000000000000000, -0.000000000000000000, -1.000000000000000000 ) ) ;
#4612 = EDGE_CURVE ( 'NONE', #576, #1663, #2576, .T. ) ;
#4613 = ORIENTED_EDGE ( 'NONE', *, *, #4037, .F. ) ;
#4614 = CARTESIAN_POINT ( 'NONE',  ( 40.71172850843443314, 23.99999999999999289, -9.962576020688404199 ) ) ;
#4615 = DIRECTION ( 'NONE',  ( 0.000000000000000000, 1.000000000000000000, 0.000000000000000000 ) ) ;
#4616 = VERTEX_POINT ( 'NONE', #1821 ) ;
#4617 = PLANE ( 'NONE',  #3777 ) ;
#4618 = ORIENTED_EDGE ( 'NONE', *, *, #3165, .F. ) ;
#4619 = CARTESIAN_POINT ( 'NONE',  ( 13.99999999999999645, 9.112717118565566210, 29.00000000000000711 ) ) ;
#4620 = CARTESIAN_POINT ( 'NONE',  ( 0.000000000000000000, 25.50000000000000000, -15.99999999999998934 ) ) ;
#4621 = ORIENTED_EDGE ( 'NONE', *, *, #2192, .T. ) ;
#4622 = ADVANCED_FACE ( 'NONE', ( #1042, #2961, #3729, #3751, #4135, #4888, #4911, #602, #628 ), #1356, .F. ) ;
#4623 = CARTESIAN_POINT ( 'NONE',  ( 5.999999999999997335, 25.49999999999999645, -8.432753624454301544 ) ) ;
#4624 = EDGE_LOOP ( 'NONE', ( #4234, #2224, #3018, #4682 ) ) ;
#4625 = CARTESIAN_POINT ( 'NONE',  ( 23.46761691374841519, 8.717442972866102480, -25.49999999999999645 ) ) ;
#4626 = CARTESIAN_POINT ( 'NONE',  ( 7.999999999999998224, 24.09999999999999787, -8.432753624454301544 ) ) ;
#4627 = CARTESIAN_POINT ( 'NONE',  ( 46.00000000000001421, 20.49999999999999289, 24.10000000000000497 ) ) ;
#4628 = APPLICATION_CONTEXT ( 'automotive_design' ) ;
#4629 = CIRCLE ( 'NONE', #3962, 2.000000000000001776 ) ;
#4630 = DIRECTION ( 'NONE',  ( 0.000000000000000000, 1.000000000000000000, 0.000000000000000000 ) ) ;
#4631 = EDGE_CURVE ( 'NONE', #3988, #4187, #3241, .T. ) ;
#4632 = EDGE_LOOP ( 'NONE', ( #3014, #4707 ) ) ;
#4633 = CARTESIAN_POINT ( 'NONE',  ( 44.00000000000001421, 20.49999999999999289, -24.09999999999999787 ) ) ;
#4634 = AXIS2_PLACEMENT_3D ( 'NONE', #2019, #1170, #1631 ) ;
#4635 = ORIENTED_EDGE ( 'NONE', *, *, #3052, .F. ) ;
#4636 = DIRECTION ( 'NONE',  ( -1.037974875290806318E-32, 1.000000000000000000, 1.360567432138672821E-16 ) ) ;
#4637 = VERTEX_POINT ( 'NONE', #220 ) ;
#4638 = DIRECTION ( 'NONE',  ( -0.6441357457827798783, -1.040713264636231050E-16, 0.7649111981170507724 ) ) ;
#4639 = EDGE_LOOP ( 'NONE', ( #1469, #4826, #3759, #3838, #1796, #4594, #302 ) ) ;
#4640 = AXIS2_PLACEMENT_3D ( 'NONE', #4501, #1015, #3325 ) ;
#4641 = EDGE_CURVE ( 'NONE', #524, #3806, #1924, .T. ) ;
#4642 = CARTESIAN_POINT ( 'NONE',  ( 24.99999999999999289, 10.00266749681904344, 25.50000000000000000 ) ) ;
#4643 = PRODUCT_DEFINITION_FORMATION_WITH_SPECIFIED_SOURCE ( 'ANY', '', #1350, .NOT_KNOWN. ) ;
#4644 = EDGE_LOOP ( 'NONE', ( #4380, #3482, #1524, #4821 ) ) ;
#4645 = DIRECTION ( 'NONE',  ( -0.000000000000000000, -1.000000000000000000, -1.360567432138672328E-16 ) ) ;
#4646 = ORIENTED_EDGE ( 'NONE', *, *, #2005, .F. ) ;
#4647 = LINE ( 'NONE', #3471, #1353 ) ;
#4648 = CARTESIAN_POINT ( 'NONE',  ( 4.999999999999994671, 24.09999999999999787, 20.00000000000000355 ) ) ;
#4649 = EDGE_CURVE ( 'NONE', #876, #1087, #2183, .T. ) ;
#4650 = ORIENTED_EDGE ( 'NONE', *, *, #2536, .T. ) ;
#4651 = DIRECTION ( 'NONE',  ( -1.000000000000000000, 0.000000000000000000, 0.000000000000000000 ) ) ;
#4652 = ORIENTED_EDGE ( 'NONE', *, *, #3581, .T. ) ;
#4653 = LINE ( 'NONE', #3552, #4166 ) ;
#4654 = CARTESIAN_POINT ( 'NONE',  ( 9.288271491565557980, 25.49999999999999645, -9.962576020688402423 ) ) ;
#4655 = CYLINDRICAL_SURFACE ( 'NONE', #957, 2.000000000000001776 ) ;
#4656 = LINE ( 'NONE', #5091, #2747 ) ;
#4657 = ORIENTED_EDGE ( 'NONE', *, *, #3430, .T. ) ;
#4658 = ORIENTED_EDGE ( 'NONE', *, *, #4999, .T. ) ;
#4659 = DIRECTION ( 'NONE',  ( -0.000000000000000000, -0.000000000000000000, -1.000000000000000000 ) ) ;
#4660 = EDGE_CURVE ( 'NONE', #3462, #4406, #2258, .T. ) ;
#4661 = ADVANCED_FACE ( 'NONE', ( #3378 ), #196, .F. ) ;
#4662 = ORIENTED_EDGE ( 'NONE', *, *, #3299, .F. ) ;
#4663 = CARTESIAN_POINT ( 'NONE',  ( 50.00000000000000000, -24.09999999999999787, -24.09999999999999432 ) ) ;
#4664 = ORIENTED_EDGE ( 'NONE', *, *, #1039, .F. ) ;
#4665 = CARTESIAN_POINT ( 'NONE',  ( 57.00000000000000711, -25.50000000000000355, 26.99999999999999645 ) ) ;
#4666 = CARTESIAN_POINT ( 'NONE',  ( 28.87320499733209900, 3.000000000000000888, -25.49999999999999289 ) ) ;
#4667 = VERTEX_POINT ( 'NONE', #575 ) ;
#4668 = DIRECTION ( 'NONE',  ( 0.000000000000000000, 1.000000000000000000, 1.360567432138672328E-16 ) ) ;
#4669 = VERTEX_POINT ( 'NONE', #2133 ) ;
#4670 = CARTESIAN_POINT ( 'NONE',  ( -6.999999999999997335, -25.50000000000000355, 29.00000000000000355 ) ) ;
#4671 = EDGE_LOOP ( 'NONE', ( #1321, #195, #715, #1580 ) ) ;
#4672 = AXIS2_PLACEMENT_3D ( 'NONE', #2016, #3309, #78 ) ;
#4673 = DIRECTION ( 'NONE',  ( 1.000000000000000000, -1.677028837704906887E-48, 0.000000000000000000 ) ) ;
#4674 = VERTEX_POINT ( 'NONE', #3780 ) ;
#4675 = DIRECTION ( 'NONE',  ( -1.297097214700455342E-32, -1.000000000000000000, -1.196361017915039486E-16 ) ) ;
#4676 = ADVANCED_FACE ( 'NONE', ( #3705 ), #1413, .F. ) ;
#4677 = EDGE_CURVE ( 'NONE', #2998, #2081, #3580, .T. ) ;
#4678 = FACE_OUTER_BOUND ( 'NONE', #3004, .T. ) ;
#4679 = CARTESIAN_POINT ( 'NONE',  ( 50.00000000000000000, 0.000000000000000000, 0.000000000000000000 ) ) ;
#4680 = AXIS2_PLACEMENT_3D ( 'NONE', #2151, #417, #1992 ) ;
#4681 = CARTESIAN_POINT ( 'NONE',  ( 19.30216642060505805, 24.09999999999999787, 1.529822396234115089 ) ) ;
#4682 = ORIENTED_EDGE ( 'NONE', *, *, #4844, .T. ) ;
#4683 = VECTOR ( 'NONE', #1969, 1000.000000000000000 ) ;
#4684 = DIRECTION ( 'NONE',  ( 0.000000000000000000, 0.000000000000000000, -1.000000000000000000 ) ) ;
#4685 = AXIS2_PLACEMENT_3D ( 'NONE', #4723, #1188, #4335 ) ;
#4686 = CIRCLE ( 'NONE', #735, 1.500000000000001332 ) ;
#4687 = ORIENTED_EDGE ( 'NONE', *, *, #3636, .F. ) ;
#4688 = LINE ( 'NONE', #1542, #923 ) ;
#4689 = EDGE_CURVE ( 'NONE', #3195, #1400, #2917, .T. ) ;
#4690 = EDGE_LOOP ( 'NONE', ( #5032, #274, #3021, #2859 ) ) ;
#4691 = CARTESIAN_POINT ( 'NONE',  ( 34.63889492903948764, 24.09999999999999787, 16.00000000000001421 ) ) ;
#4692 = AXIS2_PLACEMENT_3D ( 'NONE', #4947, #4201, #1419 ) ;
#4693 = AXIS2_PLACEMENT_3D ( 'NONE', #3901, #4311, #4741 ) ;
#4694 = AXIS2_PLACEMENT_3D ( 'NONE', #3303, #3754, #550 ) ;
#4695 = CYLINDRICAL_SURFACE ( 'NONE', #1176, 2.000000000000001776 ) ;
#4696 = ORIENTED_EDGE ( 'NONE', *, *, #4827, .F. ) ;
#4697 = DIRECTION ( 'NONE',  ( 0.7649111981170506613, -8.025241567124351326E-17, 0.6441357457827798783 ) ) ;
#4698 = VERTEX_POINT ( 'NONE', #3015 ) ;
#4699 = DIRECTION ( 'NONE',  ( 1.196361017915039486E-16, -1.196361017915039486E-16, 1.000000000000000000 ) ) ;
#4700 = CARTESIAN_POINT ( 'NONE',  ( 11.99999999999999645, 9.112717118565566210, -24.09999999999999432 ) ) ;
#4701 = ORIENTED_EDGE ( 'NONE', *, *, #565, .F. ) ;
#4702 = DIRECTION ( 'NONE',  ( 1.000000000000000000, 3.255459676110947040E-32, -2.392722035830078479E-16 ) ) ;
#4703 = DIRECTION ( 'NONE',  ( -6.123233995736766036E-17, 1.000000000000000000, 0.000000000000000000 ) ) ;
#4704 = DIRECTION ( 'NONE',  ( -1.000000000000000000, 1.734723475976805517E-15, 0.000000000000000000 ) ) ;
#4705 = EDGE_CURVE ( 'NONE', #224, #2321, #248, .T. ) ;
#4706 = DIRECTION ( 'NONE',  ( -1.232595164407830672E-32, -1.245892906839341945E-16, 1.000000000000000000 ) ) ;
#4707 = ORIENTED_EDGE ( 'NONE', *, *, #3978, .F. ) ;
#4708 = CARTESIAN_POINT ( 'NONE',  ( 19.12679500266789390, 2.999999999999993783, -24.09999999999999432 ) ) ;
#4709 = CARTESIAN_POINT ( 'NONE',  ( 17.55062435217080008, -10.50000000000000533, 24.10000000000000497 ) ) ;
#4710 = VECTOR ( 'NONE', #786, 1000.000000000000000 ) ;
#4711 = VERTEX_POINT ( 'NONE', #3404 ) ;
#4712 = DIRECTION ( 'NONE',  ( -6.938893903907228378E-15, 0.000000000000000000, -1.000000000000000000 ) ) ;
#4713 = EDGE_CURVE ( 'NONE', #4472, #4760, #4312, .T. ) ;
#4714 = VECTOR ( 'NONE', #2621, 1000.000000000000000 ) ;
#4715 = CARTESIAN_POINT ( 'NONE',  ( 50.00000000000000000, -24.09999999999999787, -22.50000000000000000 ) ) ;
#4716 = ORIENTED_EDGE ( 'NONE', *, *, #3535, .F. ) ;
#4717 = DIRECTION ( 'NONE',  ( 0.000000000000000000, 0.000000000000000000, -1.000000000000000000 ) ) ;
#4718 = ORIENTED_EDGE ( 'NONE', *, *, #2230, .T. ) ;
#4719 = VECTOR ( 'NONE', #3517, 1000.000000000000000 ) ;
#4720 = DIRECTION ( 'NONE',  ( 0.000000000000000000, -1.360567432138672328E-16, 1.000000000000000000 ) ) ;
#4721 = EDGE_CURVE ( 'NONE', #4255, #2869, #1931, .T. ) ;
#4722 = AXIS2_PLACEMENT_3D ( 'NONE', #3913, #5074, #2271 ) ;
#4723 = CARTESIAN_POINT ( 'NONE',  ( 36.00000000000000000, 9.112717118565569763, 24.10000000000000497 ) ) ;
#4724 = VERTEX_POINT ( 'NONE', #1489 ) ;
#4725 = FACE_OUTER_BOUND ( 'NONE', #5023, .T. ) ;
#4726 = DIRECTION ( 'NONE',  ( 0.000000000000000000, 1.360567432138672328E-16, -1.000000000000000000 ) ) ;
#4727 = CARTESIAN_POINT ( 'NONE',  ( 4.000000000000009770, 20.49999999999999289, 25.50000000000000355 ) ) ;
#4728 = CARTESIAN_POINT ( 'NONE',  ( 4.999999999999994671, 24.09999999999999787, 20.00000000000000355 ) ) ;
#4729 = ORIENTED_EDGE ( 'NONE', *, *, #3825, .T. ) ;
#4730 = LINE ( 'NONE', #3116, #3463 ) ;
#4731 = DIRECTION ( 'NONE',  ( 0.000000000000000000, 0.000000000000000000, -1.000000000000000000 ) ) ;
#4732 = CARTESIAN_POINT ( 'NONE',  ( 4.000000000000009770, -14.50000000000000888, 29.00000000000000355 ) ) ;
#4733 = EDGE_LOOP ( 'NONE', ( #2641, #2602, #4477, #1115 ) ) ;
#4734 = CYLINDRICAL_SURFACE ( 'NONE', #2774, 1.500000000000001332 ) ;
#4735 = EDGE_CURVE ( 'NONE', #2243, #4202, #3536, .T. ) ;
#4736 = DIRECTION ( 'NONE',  ( 0.000000000000000000, 1.000000000000000000, 0.000000000000000000 ) ) ;
#4737 = ORIENTED_EDGE ( 'NONE', *, *, #4092, .F. ) ;
#4738 = CARTESIAN_POINT ( 'NONE',  ( 3.143117669239968036E-31, -12.50000000000000533, -25.50000000000000000 ) ) ;
#4739 = EDGE_LOOP ( 'NONE', ( #734, #4957, #3684, #4807 ) ) ;
#4740 = ADVANCED_FACE ( 'NONE', ( #3118 ), #5050, .F. ) ;
#4741 = DIRECTION ( 'NONE',  ( 0.000000000000000000, 1.196361017915039486E-16, -1.000000000000000000 ) ) ;
#4742 = CIRCLE ( 'NONE', #2375, 0.6999999999999975131 ) ;
#4743 = DIRECTION ( 'NONE',  ( 0.000000000000000000, 0.000000000000000000, 1.000000000000000000 ) ) ;
#4744 = VERTEX_POINT ( 'NONE', #2368 ) ;
#4745 = EDGE_CURVE ( 'NONE', #4251, #777, #3411, .T. ) ;
#4746 = CARTESIAN_POINT ( 'NONE',  ( 57.00000000000000711, -27.00000000000000711, 28.99999999999999645 ) ) ;
#4747 = CARTESIAN_POINT ( 'NONE',  ( 45.00000000000001421, 20.49999999999999289, 24.10000000000000497 ) ) ;
#4748 = CARTESIAN_POINT ( 'NONE',  ( 50.00000000000000000, -24.09999999999999787, 24.10000000000000497 ) ) ;
#4749 = CARTESIAN_POINT ( 'NONE',  ( 29.99999999999999289, -27.00000000000000355, -11.90000000000000213 ) ) ;
#4750 = ORIENTED_EDGE ( 'NONE', *, *, #4689, .T. ) ;
#4751 = EDGE_CURVE ( 'NONE', #1385, #3753, #3500, .T. ) ;
#4752 = VECTOR ( 'NONE', #586, 1000.000000000000000 ) ;
#4753 = LINE ( 'NONE', #2803, #555 ) ;
#4754 = FACE_OUTER_BOUND ( 'NONE', #3979, .T. ) ;
#4755 = CIRCLE ( 'NONE', #4680, 1.000000000000000888 ) ;
#4756 = LINE ( 'NONE', #1298, #3082 ) ;
#4757 = VERTEX_POINT ( 'NONE', #4709 ) ;
#4758 = CARTESIAN_POINT ( 'NONE',  ( 50.00000000000000000, 24.09999999999999787, 24.10000000000000497 ) ) ;
#4759 = VECTOR ( 'NONE', #3927, 1000.000000000000114 ) ;
#4760 = VERTEX_POINT ( 'NONE', #1953 ) ;
#4761 = EDGE_CURVE ( 'NONE', #626, #2300, #768, .T. ) ;
#4762 = CARTESIAN_POINT ( 'NONE',  ( 47.44066042135472117, -27.64654287241217290, 25.49999999999999645 ) ) ;
#4763 = ADVANCED_FACE ( 'NONE', ( #2686 ), #3936, .F. ) ;
#4764 = CIRCLE ( 'NONE', #4016, 2.000000000000000000 ) ;
#4765 = VECTOR ( 'NONE', #4684, 1000.000000000000000 ) ;
#4766 = ORIENTED_EDGE ( 'NONE', *, *, #1313, .T. ) ;
#4767 = DIRECTION ( 'NONE',  ( -0.6426122619764711441, 0.7661915431257925180, 1.042455260357026414E-16 ) ) ;
#4768 = VERTEX_POINT ( 'NONE', #1569 ) ;
#4769 = CARTESIAN_POINT ( 'NONE',  ( 26.28827149156555265, 23.99999999999998934, 4.353213452995809085 ) ) ;
#4770 = VECTOR ( 'NONE', #4405, 1000.000000000000000 ) ;
#4771 = VECTOR ( 'NONE', #2376, 1000.000000000000000 ) ;
#4772 = DIRECTION ( 'NONE',  ( -0.000000000000000000, 1.360567432138672328E-16, -1.000000000000000000 ) ) ;
#4773 = EDGE_LOOP ( 'NONE', ( #1203, #1873, #3880, #210 ) ) ;
#4774 = AXIS2_PLACEMENT_3D ( 'NONE', #2815, #4065, #1698 ) ;
#4775 = FACE_OUTER_BOUND ( 'NONE', #3955, .T. ) ;
#4776 = FACE_BOUND ( 'NONE', #4492, .T. ) ;
#4777 = CARTESIAN_POINT ( 'NONE',  ( 30.87320499733209900, 3.000000000000000888, 24.10000000000000497 ) ) ;
#4778 = EDGE_CURVE ( 'NONE', #3119, #4369, #687, .T. ) ;
#4779 = CARTESIAN_POINT ( 'NONE',  ( 19.55062435217080363, -10.50000000000000533, -24.09999999999999432 ) ) ;
#4780 = ORIENTED_EDGE ( 'NONE', *, *, #2296, .T. ) ;
#4781 = CYLINDRICAL_SURFACE ( 'NONE', #115, 1.999999999999998224 ) ;
#4782 = ORIENTED_EDGE ( 'NONE', *, *, #540, .T. ) ;
#4783 = CYLINDRICAL_SURFACE ( 'NONE', #175, 1.000000000000000888 ) ;
#4784 = DIRECTION ( 'NONE',  ( -1.297097214700455342E-32, -1.000000000000000000, -1.196361017915039486E-16 ) ) ;
#4785 = ORIENTED_EDGE ( 'NONE', *, *, #3916, .F. ) ;
#4786 = FACE_OUTER_BOUND ( 'NONE', #793, .T. ) ;
#4787 = CIRCLE ( 'NONE', #4870, 2.000000000000000000 ) ;
#4788 = DIRECTION ( 'NONE',  ( 0.000000000000000000, -1.000000000000000000, -1.360567432138672328E-16 ) ) ;
#4789 = ORIENTED_EDGE ( 'NONE', *, *, #4527, .F. ) ;
#4790 = CARTESIAN_POINT ( 'NONE',  ( 5.000000000000011546, 20.49999999999999289, -25.49999999999999645 ) ) ;
#4791 = VERTEX_POINT ( 'NONE', #1517 ) ;
#4792 = PLANE ( 'NONE',  #564 ) ;
#4793 = VECTOR ( 'NONE', #2435, 1000.000000000000000 ) ;
#4794 = ADVANCED_FACE ( 'NONE', ( #353 ), #2327, .F. ) ;
#4795 = VECTOR ( 'NONE', #976, 1000.000000000000000 ) ;
#4796 = DIRECTION ( 'NONE',  ( 0.6426122619764711441, 0.7661915431257925180, -0.000000000000000000 ) ) ;
#4797 = ORIENTED_EDGE ( 'NONE', *, *, #501, .T. ) ;
#4798 = LINE ( 'NONE', #3232, #797 ) ;
#4799 = CARTESIAN_POINT ( 'NONE',  ( 36.00000000000000000, 9.112717118565569763, -24.09999999999999432 ) ) ;
#4800 = DIRECTION ( 'NONE',  ( 1.381462402934221592E-32, 1.000000000000000000, 1.360567432138672328E-16 ) ) ;
#4801 = EDGE_CURVE ( 'NONE', #4074, #3501, #4324, .T. ) ;
#4802 = VECTOR ( 'NONE', #2159, 1000.000000000000000 ) ;
#4803 = CARTESIAN_POINT ( 'NONE',  ( 40.00000000000000711, -79.58326913195983821, 17.00000000000000000 ) ) ;
#4804 = ORIENTED_EDGE ( 'NONE', *, *, #3870, .T. ) ;
#4805 = DIRECTION ( 'NONE',  ( 0.000000000000000000, -1.360567432138672328E-16, 1.000000000000000000 ) ) ;
#4806 = EDGE_CURVE ( 'NONE', #3521, #197, #399, .T. ) ;
#4807 = ORIENTED_EDGE ( 'NONE', *, *, #2074, .F. ) ;
#4808 = DIRECTION ( 'NONE',  ( 0.000000000000000000, 0.000000000000000000, -1.000000000000000000 ) ) ;
#4809 = FACE_OUTER_BOUND ( 'NONE', #1966, .T. ) ;
#4810 = ORIENTED_EDGE ( 'NONE', *, *, #1348, .F. ) ;
#4811 = FACE_BOUND ( 'NONE', #1354, .T. ) ;
#4812 = EDGE_CURVE ( 'NONE', #3627, #4669, #3728, .T. ) ;
#4813 = ORIENTED_EDGE ( 'NONE', *, *, #1078, .F. ) ;
#4814 = DIRECTION ( 'NONE',  ( -0.000000000000000000, -0.000000000000000000, 1.000000000000000000 ) ) ;
#4815 = VERTEX_POINT ( 'NONE', #3561 ) ;
#4816 = DIRECTION ( 'NONE',  ( 0.000000000000000000, 1.000000000000000000, 0.000000000000000000 ) ) ;
#4817 = ORIENTED_EDGE ( 'NONE', *, *, #4837, .T. ) ;
#4818 = FACE_OUTER_BOUND ( 'NONE', #4332, .T. ) ;
#4819 = AXIS2_PLACEMENT_3D ( 'NONE', #4958, #2618, #2262 ) ;
#4820 = DIRECTION ( 'NONE',  ( -0.000000000000000000, -0.000000000000000000, 1.000000000000000000 ) ) ;
#4821 = ORIENTED_EDGE ( 'NONE', *, *, #1982, .T. ) ;
#4822 = CARTESIAN_POINT ( 'NONE',  ( 44.00000000000001421, -14.50000000000000888, 25.49999999999999645 ) ) ;
#4823 = DIRECTION ( 'NONE',  ( 0.000000000000000000, -1.360567432138672328E-16, 1.000000000000000000 ) ) ;
#4824 = DIRECTION ( 'NONE',  ( -0.000000000000000000, 1.000000000000000000, -0.000000000000000000 ) ) ;
#4825 = PLANE ( 'NONE',  #4548 ) ;
#4826 = ORIENTED_EDGE ( 'NONE', *, *, #2330, .T. ) ;
#4827 = EDGE_CURVE ( 'NONE', #1767, #2841, #1927, .T. ) ;
#4828 = EDGE_CURVE ( 'NONE', #4058, #4411, #2657, .T. ) ;
#4829 = FACE_OUTER_BOUND ( 'NONE', #1388, .T. ) ;
#4830 = EDGE_LOOP ( 'NONE', ( #2314, #2008, #3686, #4246 ) ) ;
#4831 = LINE ( 'NONE', #1296, #4710 ) ;
#4832 = DIRECTION ( 'NONE',  ( -0.000000000000000000, -0.000000000000000000, 1.000000000000000000 ) ) ;
#4833 = ORIENTED_EDGE ( 'NONE', *, *, #4917, .T. ) ;
#4834 = CARTESIAN_POINT ( 'NONE',  ( 29.34082191108050353, 1.714775476047064595, 25.50000000000000000 ) ) ;
#4835 = CIRCLE ( 'NONE', #1382, 1.999999999999998224 ) ;
#4836 = ORIENTED_EDGE ( 'NONE', *, *, #1062, .F. ) ;
#4837 = EDGE_CURVE ( 'NONE', #168, #4472, #4688, .T. ) ;
#4838 = CARTESIAN_POINT ( 'NONE',  ( -5.000000000000004441, -27.00000000000000000, -28.99999999999999645 ) ) ;
#4839 = ORIENTED_EDGE ( 'NONE', *, *, #1952, .F. ) ;
#4840 = CARTESIAN_POINT ( 'NONE',  ( 35.92716642060507581, 25.50000000000000000, -12.47017760376589735 ) ) ;
#4841 = VERTEX_POINT ( 'NONE', #4277 ) ;
#4842 = DIRECTION ( 'NONE',  ( 0.000000000000000000, 0.000000000000000000, -1.000000000000000000 ) ) ;
#4843 = CIRCLE ( 'NONE', #3541, 2.000000000000001776 ) ;
#4844 = EDGE_CURVE ( 'NONE', #2372, #788, #741, .T. ) ;
#4845 = AXIS2_PLACEMENT_3D ( 'NONE', #4322, #2366, #394 ) ;
#4846 = DIRECTION ( 'NONE',  ( 1.000000000000000000, 0.000000000000000000, 0.000000000000000000 ) ) ;
#4847 = EDGE_LOOP ( 'NONE', ( #4378, #3156, #1491, #4601 ) ) ;
#4848 = CARTESIAN_POINT ( 'NONE',  ( 4.999999999999994671, 25.49999999999999289, 21.50000000000000355 ) ) ;
#4849 = CARTESIAN_POINT ( 'NONE',  ( 30.00000000000000355, -25.50000000000000355, 11.89999999999999858 ) ) ;
#4850 = AXIS2_PLACEMENT_3D ( 'NONE', #282, #1855, #3439 ) ;
#4851 = VECTOR ( 'NONE', #4951, 1000.000000000000000 ) ;
#4852 = CARTESIAN_POINT ( 'NONE',  ( 45.00000000000001421, -14.50000000000000888, 29.00000000000000355 ) ) ;
#4853 = AXIS2_PLACEMENT_3D ( 'NONE', #3784, #631, #2161 ) ;
#4854 = DIRECTION ( 'NONE',  ( -1.000000000000000000, 0.000000000000000000, 0.000000000000000000 ) ) ;
#4855 = ORIENTED_EDGE ( 'NONE', *, *, #2484, .T. ) ;
#4856 = CIRCLE ( 'NONE', #817, 2.000000000000000000 ) ;
#4857 = DIRECTION ( 'NONE',  ( 0.000000000000000000, 0.000000000000000000, -1.000000000000000000 ) ) ;
#4858 = VERTEX_POINT ( 'NONE', #2002 ) ;
#4859 = ADVANCED_FACE ( 'NONE', ( #4809, #2856 ), #3219, .T. ) ;
#4860 = DIRECTION ( 'NONE',  ( -0.000000000000000000, -0.000000000000000000, -1.000000000000000000 ) ) ;
#4861 = CARTESIAN_POINT ( 'NONE',  ( 10.00000000000000178, -79.58326913195983821, 22.50000000000000000 ) ) ;
#4862 = EDGE_LOOP ( 'NONE', ( #4785, #598, #4275, #1959 ) ) ;
#4863 = ORIENTED_EDGE ( 'NONE', *, *, #204, .T. ) ;
#4864 = PLANE ( 'NONE',  #1998 ) ;
#4865 = VERTEX_POINT ( 'NONE', #1273 ) ;
#4866 = DIRECTION ( 'NONE',  ( 0.000000000000000000, 0.000000000000000000, 1.000000000000000000 ) ) ;
#4867 = ORIENTED_EDGE ( 'NONE', *, *, #51, .T. ) ;
#4868 = CYLINDRICAL_SURFACE ( 'NONE', #4440, 1.000000000000001776 ) ;
#4869 = EDGE_CURVE ( 'NONE', #3521, #492, #2166, .T. ) ;
#4870 = AXIS2_PLACEMENT_3D ( 'NONE', #3370, #2103, #1815 ) ;
#4871 = CARTESIAN_POINT ( 'NONE',  ( 13.99999999999999645, -3.112717118565576868, -24.09999999999999432 ) ) ;
#4872 = ORIENTED_EDGE ( 'NONE', *, *, #327, .F. ) ;
#4873 = AXIS2_PLACEMENT_3D ( 'NONE', #418, #2412, #3976 ) ;
#4874 = CARTESIAN_POINT ( 'NONE',  ( 18.06880811865748271, 15.15448422855144095, 29.00000000000001066 ) ) ;
#4875 = FACE_OUTER_BOUND ( 'NONE', #2921, .T. ) ;
#4876 = EDGE_CURVE ( 'NONE', #2927, #3044, #4756, .T. ) ;
#4877 = DIRECTION ( 'NONE',  ( -0.000000000000000000, -0.000000000000000000, -1.000000000000000000 ) ) ;
#4878 = VECTOR ( 'NONE', #2838, 1000.000000000000000 ) ;
#4879 = CARTESIAN_POINT ( 'NONE',  ( 44.00000000000000000, 23.99999999999999289, 8.432753624454335295 ) ) ;
#4880 = ORIENTED_EDGE ( 'NONE', *, *, #3589, .T. ) ;
#4881 = CARTESIAN_POINT ( 'NONE',  ( 20.00000000000000000, -17.00000000000000000, 12.59999999999999609 ) ) ;
#4882 = EDGE_LOOP ( 'NONE', ( #4051, #354, #3543, #3699, #4167, #4080 ) ) ;
#4883 = CIRCLE ( 'NONE', #2417, 0.9999999999999974465 ) ;
#4884 = CARTESIAN_POINT ( 'NONE',  ( 44.00000000000001421, -14.50000000000000888, 24.10000000000000497 ) ) ;
#4885 =( GEOMETRIC_REPRESENTATION_CONTEXT ( 3 ) GLOBAL_UNCERTAINTY_ASSIGNED_CONTEXT ( ( #4953 ) ) GLOBAL_UNIT_ASSIGNED_CONTEXT ( ( #4186, #165, #1378 ) ) REPRESENTATION_CONTEXT ( 'NONE', 'WORKASPACE' ) );
#4886 = ORIENTED_EDGE ( 'NONE', *, *, #3060, .T. ) ;
#4887 = ORIENTED_EDGE ( 'NONE', *, *, #2285, .F. ) ;
#4888 = FACE_BOUND ( 'NONE', #1453, .T. ) ;
#4889 = EDGE_LOOP ( 'NONE', ( #1499, #277, #3290, #795 ) ) ;
#4890 = DIRECTION ( 'NONE',  ( -0.6426122619764711441, -0.7661915431257925180, -9.545926088607148237E-17 ) ) ;
#4891 = EDGE_CURVE ( 'NONE', #1310, #1271, #1613, .T. ) ;
#4892 = VERTEX_POINT ( 'NONE', #812 ) ;
#4893 = CYLINDRICAL_SURFACE ( 'NONE', #4095, 1.999999999999998224 ) ;
#4894 = ADVANCED_FACE ( 'NONE', ( #3245 ), #4346, .F. ) ;
#4895 = DIRECTION ( 'NONE',  ( 0.000000000000000000, -1.000000000000000000, -1.360567432138672328E-16 ) ) ;
#4896 = VERTEX_POINT ( 'NONE', #2882 ) ;
#4897 = LINE ( 'NONE', #3334, #5003 ) ;
#4898 = CYLINDRICAL_SURFACE ( 'NONE', #4284, 2.000000000000001776 ) ;
#4899 = DIRECTION ( 'NONE',  ( -1.000000000000000000, 0.000000000000000000, 0.000000000000000000 ) ) ;
#4900 = AXIS2_PLACEMENT_3D ( 'NONE', #2760, #4222, #4326 ) ;
#4901 = DIRECTION ( 'NONE',  ( -1.297097214700455342E-32, -1.000000000000000000, -1.196361017915039486E-16 ) ) ;
#4902 = ORIENTED_EDGE ( 'NONE', *, *, #1920, .F. ) ;
#4903 = CARTESIAN_POINT ( 'NONE',  ( 45.00000000000001421, 20.49999999999999289, 25.50000000000000355 ) ) ;
#4904 = ORIENTED_EDGE ( 'NONE', *, *, #1375, .T. ) ;
#4905 = CARTESIAN_POINT ( 'NONE',  ( 15.36110507096049282, 24.09999999999999787, -13.99999999999998934 ) ) ;
#4906 = ADVANCED_FACE ( 'NONE', ( #496 ), #38, .F. ) ;
#4907 = ORIENTED_EDGE ( 'NONE', *, *, #4479, .F. ) ;
#4908 = DIRECTION ( 'NONE',  ( 0.000000000000000000, 0.000000000000000000, -1.000000000000000000 ) ) ;
#4909 = ORIENTED_EDGE ( 'NONE', *, *, #890, .T. ) ;
#4910 = VECTOR ( 'NONE', #3761, 1000.000000000000000 ) ;
#4911 = FACE_BOUND ( 'NONE', #860, .T. ) ;
#4912 = ORIENTED_EDGE ( 'NONE', *, *, #3825, .F. ) ;
#4913 = DIRECTION ( 'NONE',  ( 0.6426122619764711441, 0.7661915431257925180, -0.000000000000000000 ) ) ;
#4914 = VERTEX_POINT ( 'NONE', #3656 ) ;
#4915 = LINE ( 'NONE', #4614, #2142 ) ;
#4916 = CIRCLE ( 'NONE', #2709, 1.000000000000000888 ) ;
#4917 = EDGE_CURVE ( 'NONE', #3903, #2980, #1008, .T. ) ;
#4918 = CIRCLE ( 'NONE', #1551, 2.000000000000000000 ) ;
#4919 = CARTESIAN_POINT ( 'NONE',  ( 30.44937564782918216, -10.50000000000000533, -24.09999999999999432 ) ) ;
#4920 = ORIENTED_EDGE ( 'NONE', *, *, #4837, .F. ) ;
#4921 = PLANE ( 'NONE',  #4088 ) ;
#4922 = CARTESIAN_POINT ( 'NONE',  ( 55.00000000000000711, -27.00000000000000711, 26.99999999999999645 ) ) ;
#4923 = CARTESIAN_POINT ( 'NONE',  ( 5.000000000000011546, 20.49999999999999289, -24.09999999999999787 ) ) ;
#4924 = AXIS2_PLACEMENT_3D ( 'NONE', #5062, #1579, #26 ) ;
#4925 = ADVANCED_FACE ( 'NONE', ( #4032 ), #2079, .T. ) ;
#4926 =( NAMED_UNIT ( * ) PLANE_ANGLE_UNIT ( ) SI_UNIT ( $, .RADIAN. ) );
#4927 = ORIENTED_EDGE ( 'NONE', *, *, #4146, .F. ) ;
#4928 = LINE ( 'NONE', #235, #1169 ) ;
#4929 = AXIS2_PLACEMENT_3D ( 'NONE', #436, #4384, #3993 ) ;
#4930 = VECTOR ( 'NONE', #2269, 1000.000000000000000 ) ;
#4931 = CYLINDRICAL_SURFACE ( 'NONE', #941, 2.000000000000001776 ) ;
#4932 = DIRECTION ( 'NONE',  ( -1.000000000000000000, 0.000000000000000000, 0.000000000000000000 ) ) ;
#4933 = PLANE ( 'NONE',  #2206 ) ;
#4934 = CIRCLE ( 'NONE', #4193, 2.000000000000000000 ) ;
#4935 = VECTOR ( 'NONE', #2357, 1000.000000000000000 ) ;
#4936 = DIRECTION ( 'NONE',  ( 0.000000000000000000, 0.000000000000000000, -1.000000000000000000 ) ) ;
#4937 = PLANE ( 'NONE',  #4552 ) ;
#4938 = ORIENTED_EDGE ( 'NONE', *, *, #1279, .T. ) ;
#4939 = VECTOR ( 'NONE', #4316, 1000.000000000000000 ) ;
#4940 = DIRECTION ( 'NONE',  ( 0.000000000000000000, 0.000000000000000000, -1.000000000000000000 ) ) ;
#4941 = ORIENTED_EDGE ( 'NONE', *, *, #4812, .T. ) ;
#4942 = DIRECTION ( 'NONE',  ( -1.297097214700455342E-32, -1.000000000000000000, -1.196361017915039486E-16 ) ) ;
#4943 = VERTEX_POINT ( 'NONE', #1198 ) ;
#4944 = DIRECTION ( 'NONE',  ( 0.000000000000000000, -1.000000000000000000, -1.360567432138672328E-16 ) ) ;
#4945 = ORIENTED_EDGE ( 'NONE', *, *, #4778, .F. ) ;
#4946 = CARTESIAN_POINT ( 'NONE',  ( 30.44937564782918216, -12.50000000000000533, 25.50000000000000000 ) ) ;
#4947 = CARTESIAN_POINT ( 'NONE',  ( 19.99999999999998224, -25.50000000000000355, -11.90000000000000391 ) ) ;
#4948 = ORIENTED_EDGE ( 'NONE', *, *, #3390, .F. ) ;
#4949 = DIRECTION ( 'NONE',  ( 1.000000000000000000, 0.000000000000000000, 0.000000000000000000 ) ) ;
#4950 = EDGE_CURVE ( 'NONE', #3637, #4865, #112, .T. ) ;
#4951 = DIRECTION ( 'NONE',  ( -3.578076866794139842E-48, 1.000000000000000000, 1.360567432138672574E-16 ) ) ;
#4952 = FACE_OUTER_BOUND ( 'NONE', #4847, .T. ) ;
#4953 = UNCERTAINTY_MEASURE_WITH_UNIT (LENGTH_MEASURE( 1.000000000000000082E-05 ), #4186, 'distance_accuracy_value', 'NONE');
#4954 = VERTEX_POINT ( 'NONE', #905 ) ;
#4955 = VECTOR ( 'NONE', #3980, 1000.000000000000000 ) ;
#4956 = CARTESIAN_POINT ( 'NONE',  ( 30.44937564782918216, -12.50000000000000533, 29.00000000000000711 ) ) ;
#4957 = ORIENTED_EDGE ( 'NONE', *, *, #2570, .F. ) ;
#4958 = CARTESIAN_POINT ( 'NONE',  ( 31.98610507096049460, 23.99999999999999289, 1.387778780781445676E-14 ) ) ;
#4959 = LINE ( 'NONE', #3396, #3950 ) ;
#4960 = CARTESIAN_POINT ( 'NONE',  ( 30.00000000000000355, -27.00000000000000355, 11.89999999999999858 ) ) ;
#4961 = AXIS2_PLACEMENT_3D ( 'NONE', #2204, #3772, #243 ) ;
#4962 = CARTESIAN_POINT ( 'NONE',  ( 54.99999999999999289, -27.00000000000000000, -27.00000000000000355 ) ) ;
#4963 = CARTESIAN_POINT ( 'NONE',  ( 50.00000000000000000, -24.09999999999999787, -17.00000000000000000 ) ) ;
#4964 = EDGE_CURVE ( 'NONE', #1400, #4450, #2495, .T. ) ;
#4965 = VECTOR ( 'NONE', #4036, 1000.000000000000000 ) ;
#4966 = VERTEX_POINT ( 'NONE', #2807 ) ;
#4967 = CYLINDRICAL_SURFACE ( 'NONE', #2550, 2.000000000000001776 ) ;
#4968 = ORIENTED_EDGE ( 'NONE', *, *, #2358, .T. ) ;
#4969 = AXIS2_PLACEMENT_3D ( 'NONE', #2178, #931, #1325 ) ;
#4970 = DIRECTION ( 'NONE',  ( 0.000000000000000000, -1.000000000000000000, -1.360567432138672328E-16 ) ) ;
#4971 = EDGE_CURVE ( 'NONE', #4791, #2176, #4883, .T. ) ;
#4972 = ORIENTED_EDGE ( 'NONE', *, *, #2860, .F. ) ;
#4973 = CARTESIAN_POINT ( 'NONE',  ( 11.99999999999999645, -3.112717118565575092, -24.09999999999999432 ) ) ;
#4974 = ORIENTED_EDGE ( 'NONE', *, *, #989, .F. ) ;
#4975 = DIRECTION ( 'NONE',  ( 0.000000000000000000, 0.000000000000000000, 1.000000000000000000 ) ) ;
#4976 = ORIENTED_EDGE ( 'NONE', *, *, #1574, .T. ) ;
#4977 = CARTESIAN_POINT ( 'NONE',  ( -5.000000000000004441, -25.50000000000000000, -26.99999999999999645 ) ) ;
#4978 = EDGE_LOOP ( 'NONE', ( #337, #3304, #2105, #2905 ) ) ;
#4979 = VECTOR ( 'NONE', #1633, 1000.000000000000000 ) ;
#4980 = CARTESIAN_POINT ( 'NONE',  ( 0.000000000000000000, 25.50000000000000000, -25.49999999999999645 ) ) ;
#4981 = CARTESIAN_POINT ( 'NONE',  ( 38.00000000000000711, -25.50000000000000711, 25.49999999999999645 ) ) ;
#4982 = DIRECTION ( 'NONE',  ( -1.297097214700455342E-32, -1.000000000000000000, -1.196361017915039486E-16 ) ) ;
#4983 = ORIENTED_EDGE ( 'NONE', *, *, #110, .F. ) ;
#4984 = CARTESIAN_POINT ( 'NONE',  ( 57.00000000000000711, -27.00000000000000711, 26.99999999999999645 ) ) ;
#4985 = ORIENTED_EDGE ( 'NONE', *, *, #4023, .T. ) ;
#4986 = FACE_OUTER_BOUND ( 'NONE', #3075, .T. ) ;
#4987 = CARTESIAN_POINT ( 'NONE',  ( 5.000000000000011546, 20.49999999999999289, 29.00000000000001066 ) ) ;
#4988 = CARTESIAN_POINT ( 'NONE',  ( 4.000000000000009770, 20.49999999999999289, -25.49999999999999645 ) ) ;
#4989 = ADVANCED_FACE ( 'NONE', ( #423 ), #3606, .F. ) ;
#4990 = EDGE_CURVE ( 'NONE', #3903, #4293, #2104, .T. ) ;
#4991 = CARTESIAN_POINT ( 'NONE',  ( 40.00000000000000711, -24.09999999999999787, -24.09999999999999432 ) ) ;
#4992 = ORIENTED_EDGE ( 'NONE', *, *, #1879, .T. ) ;
#4993 = DIRECTION ( 'NONE',  ( 0.6426122619764709221, -0.7661915431257927400, 0.000000000000000000 ) ) ;
#4994 = ORIENTED_EDGE ( 'NONE', *, *, #1934, .T. ) ;
#4995 = CARTESIAN_POINT ( 'NONE',  ( 45.00000000000000000, 25.50000000000000000, -19.99999999999998579 ) ) ;
#4996 = ORIENTED_EDGE ( 'NONE', *, *, #35, .F. ) ;
#4997 = ORIENTED_EDGE ( 'NONE', *, *, #4015, .F. ) ;
#4998 = CARTESIAN_POINT ( 'NONE',  ( 34.46761691374841519, 10.39794164251851427, 29.00000000000000711 ) ) ;
#4999 = EDGE_CURVE ( 'NONE', #2132, #1074, #135, .T. ) ;
#5000 = ORIENTED_EDGE ( 'NONE', *, *, #4677, .T. ) ;
#5001 = DIRECTION ( 'NONE',  ( 0.000000000000000000, 0.000000000000000000, -1.000000000000000000 ) ) ;
#5002 = ORIENTED_EDGE ( 'NONE', *, *, #3805, .F. ) ;
#5003 = VECTOR ( 'NONE', #4563, 1000.000000000000000 ) ;
#5004 = CARTESIAN_POINT ( 'NONE',  ( 30.00000000000000355, -17.00000000000000000, 11.90000000000000036 ) ) ;
#5005 = CARTESIAN_POINT ( 'NONE',  ( 34.63889492903951606, 24.09999999999999787, -13.99999999999998934 ) ) ;
#5006 = CARTESIAN_POINT ( 'NONE',  ( 56.99999999999999289, -25.50000000000000000, -29.00000000000000355 ) ) ;
#5007 = EDGE_CURVE ( 'NONE', #1829, #2179, #1433, .T. ) ;
#5008 = ORIENTED_EDGE ( 'NONE', *, *, #767, .F. ) ;
#5009 = CARTESIAN_POINT ( 'NONE',  ( 50.00000000000000000, -25.50000000000000000, -25.50000000000000355 ) ) ;
#5010 = VERTEX_POINT ( 'NONE', #3295 ) ;
#5011 = FACE_OUTER_BOUND ( 'NONE', #4508, .T. ) ;
#5012 = DIRECTION ( 'NONE',  ( 0.000000000000000000, 0.000000000000000000, -1.000000000000000000 ) ) ;
#5013 = CIRCLE ( 'NONE', #3284, 1.000000000000001776 ) ;
#5014 = EDGE_LOOP ( 'NONE', ( #4159, #4996, #2322, #4314 ) ) ;
#5015 = VECTOR ( 'NONE', #4772, 1000.000000000000000 ) ;
#5016 = LINE ( 'NONE', #3829, #3807 ) ;
#5017 = AXIS2_PLACEMENT_3D ( 'NONE', #3164, #2736, #1218 ) ;
#5018 = VERTEX_POINT ( 'NONE', #4155 ) ;
#5019 = CARTESIAN_POINT ( 'NONE',  ( 20.00000000000000000, -27.00000000000000355, 11.89999999999999680 ) ) ;
#5020 = ADVANCED_FACE ( 'NONE', ( #3722 ), #4937, .T. ) ;
#5021 = AXIS2_PLACEMENT_3D ( 'NONE', #942, #583, #2583 ) ;
#5022 = AXIS2_PLACEMENT_3D ( 'NONE', #2308, #3876, #2402 ) ;
#5023 = EDGE_LOOP ( 'NONE', ( #2617, #3344, #2993, #2706 ) ) ;
#5024 = CARTESIAN_POINT ( 'NONE',  ( 19.55062435217080363, -10.50000000000000533, -25.50000000000000000 ) ) ;
#5025 = CIRCLE ( 'NONE', #4108, 1.000000000000001776 ) ;
#5026 = VERTEX_POINT ( 'NONE', #2205 ) ;
#5027 = DIRECTION ( 'NONE',  ( 1.000000000000000000, -3.469446951953617344E-15, 0.000000000000000000 ) ) ;
#5028 = EDGE_LOOP ( 'NONE', ( #2328, #2207, #5048, #64, #2649, #39, #4253 ) ) ;
#5029 = CARTESIAN_POINT ( 'NONE',  ( 38.00000000000000000, 9.112717118565569763, 29.00000000000000711 ) ) ;
#5030 = ORIENTED_EDGE ( 'NONE', *, *, #2446, .F. ) ;
#5031 = DIRECTION ( 'NONE',  ( 0.000000000000000000, 0.000000000000000000, -1.000000000000000000 ) ) ;
#5032 = ORIENTED_EDGE ( 'NONE', *, *, #595, .F. ) ;
#5033 = FACE_BOUND ( 'NONE', #1451, .T. ) ;
#5034 = CARTESIAN_POINT ( 'NONE',  ( 20.00000000000000000, -27.00000000000000355, 12.59999999999999432 ) ) ;
#5035 = ORIENTED_EDGE ( 'NONE', *, *, #4490, .F. ) ;
#5036 = CARTESIAN_POINT ( 'NONE',  ( 13.99999999999999645, 9.112717118565566210, 25.50000000000000000 ) ) ;
#5037 = ORIENTED_EDGE ( 'NONE', *, *, #574, .F. ) ;
#5038 = EDGE_CURVE ( 'NONE', #186, #3273, #2348, .T. ) ;
#5039 = CARTESIAN_POINT ( 'NONE',  ( 40.71172850843444024, 25.49999999999999645, -9.962576020688407752 ) ) ;
#5040 = LINE ( 'NONE', #4151, #2319 ) ;
#5041 = FACE_OUTER_BOUND ( 'NONE', #4773, .T. ) ;
#5042 = AXIS2_PLACEMENT_3D ( 'NONE', #3721, #4105, #1407 ) ;
#5043 = DIRECTION ( 'NONE',  ( 0.6426122619764709221, 0.7661915431257927400, -0.000000000000000000 ) ) ;
#5044 = ORIENTED_EDGE ( 'NONE', *, *, #2230, .F. ) ;
#5045 = ORIENTED_EDGE ( 'NONE', *, *, #1398, .F. ) ;
#5046 = DIRECTION ( 'NONE',  ( -1.677028837704906887E-48, -1.000000000000000000, 0.000000000000000000 ) ) ;
#5047 = VECTOR ( 'NONE', #1510, 1000.000000000000000 ) ;
#5048 = ORIENTED_EDGE ( 'NONE', *, *, #2000, .T. ) ;
#5049 = AXIS2_PLACEMENT_3D ( 'NONE', #2901, #1780, #4468 ) ;
#5050 = PLANE ( 'NONE',  #4722 ) ;
#5051 = VERTEX_POINT ( 'NONE', #2522 ) ;
#5052 = CARTESIAN_POINT ( 'NONE',  ( 11.98311083933538868, 23.99999999999999645, -14.22994412171076739 ) ) ;
#5053 = AXIS2_PLACEMENT_3D ( 'NONE', #835, #2418, #1408 ) ;
#5054 = DIRECTION ( 'NONE',  ( -0.000000000000000000, -1.360567432138672328E-16, 1.000000000000000000 ) ) ;
#5055 = EDGE_CURVE ( 'NONE', #1216, #186, #2127, .T. ) ;
#5056 = ORIENTED_EDGE ( 'NONE', *, *, #356, .T. ) ;
#5057 = DIRECTION ( 'NONE',  ( -0.6426122619764711441, 0.7661915431257926290, 9.545926088607148237E-17 ) ) ;
#5058 = ORIENTED_EDGE ( 'NONE', *, *, #2733, .F. ) ;
#5059 = CARTESIAN_POINT ( 'NONE',  ( 8.762432110421492837, 25.49999999999999645, -10.40538813112551253 ) ) ;
#5060 = ADVANCED_FACE ( 'NONE', ( #4128 ), #2982, .F. ) ;
#5061 = ORIENTED_EDGE ( 'NONE', *, *, #4990, .F. ) ;
#5062 = CARTESIAN_POINT ( 'NONE',  ( 19.55062435217080363, -10.50000000000000533, 25.50000000000000000 ) ) ;
#5063 = ORIENTED_EDGE ( 'NONE', *, *, #1728, .F. ) ;
#5064 = DIRECTION ( 'NONE',  ( 0.000000000000000000, 0.000000000000000000, -1.000000000000000000 ) ) ;
#5065 = CARTESIAN_POINT ( 'NONE',  ( -2.921639538487255050E-15, 23.99999999999998934, 16.00000000000001066 ) ) ;
#5066 = CARTESIAN_POINT ( 'NONE',  ( 45.00000000000001421, -14.50000000000000888, -24.09999999999999076 ) ) ;
#5067 = VECTOR ( 'NONE', #2437, 1000.000000000000000 ) ;
#5068 = EDGE_CURVE ( 'NONE', #433, #2213, #2756, .T. ) ;
#5069 = LINE ( 'NONE', #1536, #4305 ) ;
#5070 = VERTEX_POINT ( 'NONE', #4547 ) ;
#5071 = CARTESIAN_POINT ( 'NONE',  ( 26.53238308625157060, -2.717442972866100703, -24.09999999999999432 ) ) ;
#5072 = VERTEX_POINT ( 'NONE', #2907 ) ;
#5073 = VECTOR ( 'NONE', #1091, 1000.000000000000000 ) ;
#5074 = DIRECTION ( 'NONE',  ( -0.7661915431257925180, -0.6426122619764711441, 0.000000000000000000 ) ) ;
#5075 = EDGE_LOOP ( 'NONE', ( #590, #4701, #1614, #1820 ) ) ;
#5076 = DIRECTION ( 'NONE',  ( -0.000000000000000000, -1.000000000000000000, -1.245892906839342191E-16 ) ) ;
#5077 = CARTESIAN_POINT ( 'NONE',  ( 15.53238308625158304, 10.39794164251850717, -25.50000000000000000 ) ) ;
#5078 = VERTEX_POINT ( 'NONE', #215 ) ;
#5079 = DIRECTION ( 'NONE',  ( -0.000000000000000000, -0.000000000000000000, -1.000000000000000000 ) ) ;
#5080 = ORIENTED_EDGE ( 'NONE', *, *, #2548, .F. ) ;
#5081 = DIRECTION ( 'NONE',  ( -0.000000000000000000, 1.000000000000000000, -0.000000000000000000 ) ) ;
#5082 = EDGE_CURVE ( 'NONE', #1340, #3888, #513, .T. ) ;
#5083 = ORIENTED_EDGE ( 'NONE', *, *, #260, .F. ) ;
#5084 = VECTOR ( 'NONE', #4464, 1000.000000000000114 ) ;
#5085 = CARTESIAN_POINT ( 'NONE',  ( 45.00000000000000000, 24.09999999999999787, 21.50000000000000711 ) ) ;
#5086 = ORIENTED_EDGE ( 'NONE', *, *, #546, .T. ) ;
#5087 = DIRECTION ( 'NONE',  ( 0.000000000000000000, 0.000000000000000000, -1.000000000000000000 ) ) ;
#5088 = FACE_OUTER_BOUND ( 'NONE', #3497, .T. ) ;
#5089 = DIRECTION ( 'NONE',  ( -1.000000000000000000, 0.000000000000000000, 0.000000000000000000 ) ) ;
#5090 = EDGE_CURVE ( 'NONE', #1700, #3151, #1764, .T. ) ;
#5091 = CARTESIAN_POINT ( 'NONE',  ( 46.75135070846528151, -26.82467359935169426, 24.10000000000000497 ) ) ;
#5092 = ORIENTED_EDGE ( 'NONE', *, *, #194, .F. ) ;
#5093 = CIRCLE ( 'NONE', #2126, 0.6999999999999975131 ) ;
#5094 = EDGE_CURVE ( 'NONE', #4444, #2447, #1930, .T. ) ;
#5095 = DIRECTION ( 'NONE',  ( 6.938893903907228378E-15, 0.000000000000000000, -1.000000000000000000 ) ) ;
#5096 = AXIS2_PLACEMENT_3D ( 'NONE', #1529, #3107, #4673 ) ;
#5097 = CIRCLE ( 'NONE', #4845, 1.999999999999998224 ) ;
#5098 = CARTESIAN_POINT ( 'NONE',  ( 23.20686554077110131, -3.028338840646731089, 25.50000000000000000 ) ) ;
#5099 = ORIENTED_EDGE ( 'NONE', *, *, #1439, .F. ) ;
#5100 = LINE ( 'NONE', #1572, #4247 ) ;
#5101 = CIRCLE ( 'NONE', #1306, 2.000000000000001776 ) ;
#5102 = EDGE_CURVE ( 'NONE', #2895, #2162, #4498, .T. ) ;
#5103 = VECTOR ( 'NONE', #914, 1000.000000000000000 ) ;
#5104 = AXIS2_PLACEMENT_3D ( 'NONE', #2528, #2965, #1017 ) ;
#5105 = DIRECTION ( 'NONE',  ( 0.000000000000000000, 0.000000000000000000, 1.000000000000000000 ) ) ;
#5106 = EDGE_LOOP ( 'NONE', ( #1669, #4581, #253, #3551 ) ) ;
#5107 = DIRECTION ( 'NONE',  ( -0.000000000000000000, -0.000000000000000000, 1.000000000000000000 ) ) ;
#5108 = VERTEX_POINT ( 'NONE', #3318 ) ;
#5109 = FACE_BOUND ( 'NONE', #1267, .T. ) ;
ENDSEC;
END-ISO-10303-21;
